sample_id,sha256,class_label,confidence,family,targeting_basis,evidence_refs
mb-a6ed100ae42e4fda,a6ed100ae42e4fdabfd1b4c992762152bc4a11cc8e521b647b444c75bb7a9782,malicious,A,Godfather,fintech-targeting banking trojan (family documentation),"https://bazaar.abuse.ch/sample/a6ed100ae42e4fdabfd1b4c992762152bc4a11cc8e521b647b444c75bb7a9782|{""family"": ""Godfather"", ""family_confidence"": ""A"", ""file_name"": ""a6ed100ae42e4fdabfd1b4c992762152bc4a11cc8e521b647b444c75bb7a9782.apk"", ""file_size"": 4134252, ""first_seen"": ""2026-04-06 06:08:18"", ""note"": ""family signature match from MalwareBazaar (vendor measurement, not VT)"", ""signature"": ""GodFather"", ""source"": ""MalwareBazaar"", ""ssdeep"": ""98304:0RCZAo3kiQcEK8AEFlF/ens65XX4E1V5zEMH9Gf:EkJ8DFl4sg1nE4Gf"", ""tags"": [""apk"", ""GodFather"", ""signed""]}"
mb-c2bccfc8b3bdf2da,c2bccfc8b3bdf2da5fb5c22055a9c4859256be7904933e9e0b92fa31fd0420d3,malicious,A,Godfather,fintech-targeting banking trojan (family documentation),"https://bazaar.abuse.ch/sample/c2bccfc8b3bdf2da5fb5c22055a9c4859256be7904933e9e0b92fa31fd0420d3|{""family"": ""Godfather"", ""family_confidence"": ""A"", ""file_name"": ""Muzik indir.apk"", ""file_size"": 4857276, ""first_seen"": ""2025-02-26 16:16:29"", ""note"": ""family signature match from MalwareBazaar (vendor measurement, not VT)"", ""signature"": ""GodFather"", ""source"": ""MalwareBazaar"", ""ssdeep"": ""98304:Y0RR6Ce30gUUhPo+ZhK4ReCP48OPguXnkv9U9P41vVlZtWqM:HaCekgUUhA6NJwFw9lZty"", ""tags"": [""apk"", ""GodFather"", ""signed""]}"
mb-58d335b2fd86126a,58d335b2fd86126ab18cfbecd117c7700d154a2473cc1bdd507c0f57fa7052e3,malicious,A,Godfather,fintech-targeting banking trojan (family documentation),"https://bazaar.abuse.ch/sample/58d335b2fd86126ab18cfbecd117c7700d154a2473cc1bdd507c0f57fa7052e3|{""family"": ""Godfather"", ""family_confidence"": ""A"", ""file_name"": ""58d335b2fd86126ab18cfbecd117c7700d154a2473cc1bdd507c0f57fa7052e3.apk"", ""file_size"": 4857283, ""first_seen"": ""2025-02-26 03:01:08"", ""note"": ""family signature match from MalwareBazaar (vendor measurement, not VT)"", ""signature"": ""GodFather"", ""source"": ""MalwareBazaar"", ""ssdeep"": ""98304:57w2qmtgcS64stlR+oWEJ0y1/c7nPBjSpcetm3ZZpwx66dFDW:9XqmtrSWlkoWyP/6pjCtMEx66bW"", ""tags"": [""apk"", ""GodFather"", ""signed""]}"
mb-75cc07a1af57d9d2,75cc07a1af57d9d2a9a06840a25d1b9b368b1ddd57d98bac9a5a5f2f4d0d931d,malicious,A,Godfather,fintech-targeting banking trojan (family documentation),"https://bazaar.abuse.ch/sample/75cc07a1af57d9d2a9a06840a25d1b9b368b1ddd57d98bac9a5a5f2f4d0d931d|{""family"": ""Godfather"", ""family_confidence"": ""A"", ""file_name"": ""SarkiEvreni.mp3indir.apk"", ""file_size"": 4505444, ""first_seen"": ""2024-08-26 06:59:16"", ""note"": ""family signature match from MalwareBazaar (vendor measurement, not VT)"", ""signature"": ""GodFather"", ""source"": ""MalwareBazaar"", ""ssdeep"": ""98304:kPjj+B/6445aSIxC4tDpnbjdDj23eAjwdolxzK5dybtszfrjuNXC:LBOIxCCfR6cwxzK5dydy"", ""tags"": [""apk"", ""flxu"", ""GodFather"", ""keylogger"", ""signed""]}"
mb-3d4f63fc88ec8a4d,3d4f63fc88ec8a4dfc9a5c3fee1a59ded40bbb2f4f04ed937c135b144e8a166d,malicious,A,Godfather,fintech-targeting banking trojan (family documentation),"https://bazaar.abuse.ch/sample/3d4f63fc88ec8a4dfc9a5c3fee1a59ded40bbb2f4f04ed937c135b144e8a166d|{""family"": ""Godfather"", ""family_confidence"": ""A"", ""file_name"": ""base.apk"", ""file_size"": 4628592, ""first_seen"": ""2024-02-29 14:36:26"", ""note"": ""family signature match from MalwareBazaar (vendor measurement, not VT)"", ""signature"": ""GodFather"", ""source"": ""MalwareBazaar"", ""ssdeep"": ""98304:JaG20AJgNs1g1j1sv4dDv23eAbwdclxBfefdyoMOzfr9+fh:UG29gN9UydSccxB2fdy3Fh"", ""tags"": [""apk"", ""GodFather"", ""signed""]}"
mb-20116083565a50f6,20116083565a50f6b2db59011e9994e9a9f5db5994703d53233b8b202a5ad2f3,malicious,A,Godfather,fintech-targeting banking trojan (family documentation),"https://bazaar.abuse.ch/sample/20116083565a50f6b2db59011e9994e9a9f5db5994703d53233b8b202a5ad2f3|{""family"": ""Godfather"", ""family_confidence"": ""A"", ""file_name"": ""Chrome.apk"", ""file_size"": 5061037, ""first_seen"": ""2024-01-22 15:06:29"", ""note"": ""family signature match from MalwareBazaar (vendor measurement, not VT)"", ""signature"": ""GodFather"", ""source"": ""MalwareBazaar"", ""ssdeep"": ""98304:9rr9leGyg2u+TxqR0+lBVtvHeL3BkH8dCq1Q8riv0Ua7zfroZHR6RHwvGHEf:9rr9lkg/iGTLHeLRkBq1Xr0ap5wvGO"", ""tags"": [""apk"", ""GodFather"", ""PrivateloaderAPK"", ""signed""]}"
mb-6e0d01c4c547d235,6e0d01c4c547d235c247a6d0719f2aca2d4996ae78df4b671275914a9e3fd2d3,malicious,A,Godfather,fintech-targeting banking trojan (family documentation),"https://bazaar.abuse.ch/sample/6e0d01c4c547d235c247a6d0719f2aca2d4996ae78df4b671275914a9e3fd2d3|{""family"": ""Godfather"", ""family_confidence"": ""A"", ""file_name"": ""MarMuzik.mp3indir.apk"", ""file_size"": 4577162, ""first_seen"": ""2023-05-16 11:06:14"", ""note"": ""family signature match from MalwareBazaar (vendor measurement, not VT)"", ""signature"": ""GodFather"", ""source"": ""MalwareBazaar"", ""ssdeep"": ""98304:k4Y9fsk3NdWLn5JuhaSjYVMvbAukWlpbmdyEdGzfrX4oD:k6cNdWLn5AhBOMvbAtWllmdyQuD"", ""tags"": [""apk"", ""GodFather"", ""novirus"", ""signed""]}"
mb-138551cd96762283,138551cd967622832f8a816ea1697a5d08ee66c379d32d8a6bd7fca9fdeaecc4,malicious,A,Godfather,fintech-targeting banking trojan (family documentation),"https://bazaar.abuse.ch/sample/138551cd967622832f8a816ea1697a5d08ee66c379d32d8a6bd7fca9fdeaecc4|{""family"": ""Godfather"", ""family_confidence"": ""A"", ""file_name"": ""3.apk"", ""file_size"": 6103659, ""first_seen"": ""2023-02-01 07:32:55"", ""note"": ""family signature match from MalwareBazaar (vendor measurement, not VT)"", ""signature"": ""GodFather"", ""source"": ""MalwareBazaar"", ""ssdeep"": ""98304:R/eo4hMLS/ppS5HjEoPkB49NLcJ7FJfWememnetVbIhXicG9bL+cLudyETyzfr9E:R/eo4t/jvqchnZCetVby09bCQudyMMH2"", ""tags"": [""android"", ""apk"", ""banking"", ""GodFather"", ""signed""]}"
mb-9dfb5b4ad9aac36c,9dfb5b4ad9aac36c2d7fbb93f8668faa819cb0df16f4a55d00f1cdda89c9a6d2,malicious,A,Godfather,fintech-targeting banking trojan (family documentation),"https://bazaar.abuse.ch/sample/9dfb5b4ad9aac36c2d7fbb93f8668faa819cb0df16f4a55d00f1cdda89c9a6d2|{""family"": ""Godfather"", ""family_confidence"": ""A"", ""file_name"": ""2.apk"", ""file_size"": 12008461, ""first_seen"": ""2023-02-01 07:32:13"", ""note"": ""family signature match from MalwareBazaar (vendor measurement, not VT)"", ""signature"": ""GodFather"", ""source"": ""MalwareBazaar"", ""ssdeep"": ""196608:vNQ+EyaHv2Dl1bbi/49K6MoJzMHWjffv7dbDflUlCTcDBj2o8kLdvb:v4DHv2vfe04HafXRDfilCTcDBj2ZkLFb"", ""tags"": [""android"", ""apk"", ""banking"", ""GodFather"", ""signed""]}"
mb-3bbef6f36e2e673d,3bbef6f36e2e673df2620a01463f9b598d0f70c76f450601ec29873d8eba5b7a,malicious,A,Godfather,fintech-targeting banking trojan (family documentation),"https://bazaar.abuse.ch/sample/3bbef6f36e2e673df2620a01463f9b598d0f70c76f450601ec29873d8eba5b7a|{""family"": ""Godfather"", ""family_confidence"": ""A"", ""file_name"": ""3bbef6f36e2e673df2620a01463f9b598d0f70c76f450601ec29873d8eba5b7a.apk"", ""file_size"": 4677804, ""first_seen"": ""2023-01-17 17:33:44"", ""note"": ""family signature match from MalwareBazaar (vendor measurement, not VT)"", ""signature"": ""GodFather"", ""source"": ""MalwareBazaar"", ""ssdeep"": ""98304:W8IOgQAq57I2H2sXHi2zsNdDx23eAfwdklx8g1dycszfrW2Di:LJtANgR+fOckx8g1dyzi"", ""tags"": [""apk"", ""GodFather"", ""signed""]}"
mb-464fee5a6d85370e,464fee5a6d85370e8764f0e682ef01cf2d9cef3efb7e4bbdf0146a94cc83ff4a,malicious,A,CopyBara,fintech-targeting banking trojan (family documentation),"https://bazaar.abuse.ch/sample/464fee5a6d85370e8764f0e682ef01cf2d9cef3efb7e4bbdf0146a94cc83ff4a|{""family"": ""CopyBara"", ""family_confidence"": ""A"", ""file_name"": ""464fee5a6d85370e8764f0e682ef01cf2d9cef3efb7e4bbdf0146a94cc83ff4a.apk"", ""file_size"": 12653931, ""first_seen"": ""2026-07-29 06:07:19"", ""note"": ""family signature match from MalwareBazaar (vendor measurement, not VT)"", ""signature"": ""CopyBara"", ""source"": ""MalwareBazaar"", ""ssdeep"": ""393216:G22Cv1A9+RJmJdOtyr+rKqe1Pt/QKwn5hu8:X2CvOFn+uPyh7P"", ""tags"": [""37-148-161-44"", ""apk"", ""Copybara""]}"
mb-7cf365d61e59d5c3,7cf365d61e59d5c3dd50295b1d5a0c360da9eba1b4dc00cdc0f1ceee4a5cc412,malicious,A,CopyBara,fintech-targeting banking trojan (family documentation),"https://bazaar.abuse.ch/sample/7cf365d61e59d5c3dd50295b1d5a0c360da9eba1b4dc00cdc0f1ceee4a5cc412|{""family"": ""CopyBara"", ""family_confidence"": ""A"", ""file_name"": ""7cf365d61e59d5c3dd50295b1d5a0c360da9eba1b4dc00cdc0f1ceee4a5cc412.apk"", ""file_size"": 9378448, ""first_seen"": ""2026-07-29 06:07:13"", ""note"": ""family signature match from MalwareBazaar (vendor measurement, not VT)"", ""signature"": ""CopyBara"", ""source"": ""MalwareBazaar"", ""ssdeep"": ""196608:3k0xB/r1wWwPLCLH+QN4ut1eMSCiYfEWNFFimfgSS9NZlJLXCCpmvwmaf:7X1xwPmLH+luHeFgMWNrTgNtPvmvwDf"", ""tags"": [""37-148-161-44"", ""apk"", ""Copybara""]}"
mb-db2c9949fae4e779,db2c9949fae4e779f1d988d38b67ed9b3612dbf11c1159c791093aeef9cdab2c,malicious,A,CopyBara,fintech-targeting banking trojan (family documentation),"https://bazaar.abuse.ch/sample/db2c9949fae4e779f1d988d38b67ed9b3612dbf11c1159c791093aeef9cdab2c|{""family"": ""CopyBara"", ""family_confidence"": ""A"", ""file_name"": ""db2c9949fae4e779f1d988d38b67ed9b3612dbf11c1159c791093aeef9cdab2c.apk"", ""file_size"": 10029886, ""first_seen"": ""2026-07-29 06:07:05"", ""note"": ""family signature match from MalwareBazaar (vendor measurement, not VT)"", ""signature"": ""CopyBara"", ""source"": ""MalwareBazaar"", ""ssdeep"": ""196608:OjnYBnjbs1wWwPLCLH+QN4ut1eMS4pOvoQ8Y5QrlHDazK8zlv3FKzre3hmggk:ljo1xwPmLH+luHeF4pOvH8Y5Qrxa7JPN"", ""tags"": [""37-148-161-44"", ""apk"", ""Copybara""]}"
mb-25e6a6bac0859c78,25e6a6bac0859c785063eed88c04cfbb1c30613c9b549d846d43d1920db172e9,malicious,A,CopyBara,fintech-targeting banking trojan (family documentation),"https://bazaar.abuse.ch/sample/25e6a6bac0859c785063eed88c04cfbb1c30613c9b549d846d43d1920db172e9|{""family"": ""CopyBara"", ""family_confidence"": ""A"", ""file_name"": ""25e6a6bac0859c785063eed88c04cfbb1c30613c9b549d846d43d1920db172e9.apk"", ""file_size"": 10353470, ""first_seen"": ""2026-07-29 06:06:58"", ""note"": ""family signature match from MalwareBazaar (vendor measurement, not VT)"", ""signature"": ""CopyBara"", ""source"": ""MalwareBazaar"", ""ssdeep"": ""196608:OjrSDM1sFO92upDjg1wWwPLCLH+QN4ut1eMSk9QObbmlfMHOchwnNVKQY9Wu3KB5:iD1592uy1xwPmLH+luHeFOQObiZIpwN9"", ""tags"": [""37-148-161-44"", ""apk"", ""Copybara""]}"
mb-cba19f8eedf90c33,cba19f8eedf90c332224bcd8f0df9be0e1dbd4324c67c79eef19d547c33ef331,malicious,A,CopyBara,fintech-targeting banking trojan (family documentation),"https://bazaar.abuse.ch/sample/cba19f8eedf90c332224bcd8f0df9be0e1dbd4324c67c79eef19d547c33ef331|{""family"": ""CopyBara"", ""family_confidence"": ""A"", ""file_name"": ""cba19f8eedf90c332224bcd8f0df9be0e1dbd4324c67c79eef19d547c33ef331.apk"", ""file_size"": 9980464, ""first_seen"": ""2026-07-29 06:06:45"", ""note"": ""family signature match from MalwareBazaar (vendor measurement, not VT)"", ""signature"": ""CopyBara"", ""source"": ""MalwareBazaar"", ""ssdeep"": ""196608:w71wWwPLCLH+QN4ut1eMSTp7l2olhYrsjdKSCBYNLngukc5kPDmreTTlhW3U0i:g1xwPmLH+luHeF17FjRfjLnguvkrmruL"", ""tags"": [""37-148-161-44"", ""apk"", ""Copybara""]}"
mb-424d16cdbae8c830,424d16cdbae8c830a8ad03a5eb1e95aaa3f4d6aba56748fcc2c7c79da83f79c1,malicious,A,CopyBara,fintech-targeting banking trojan (family documentation),"https://bazaar.abuse.ch/sample/424d16cdbae8c830a8ad03a5eb1e95aaa3f4d6aba56748fcc2c7c79da83f79c1|{""family"": ""CopyBara"", ""family_confidence"": ""A"", ""file_name"": ""424d16cdbae8c830a8ad03a5eb1e95aaa3f4d6aba56748fcc2c7c79da83f79c1.apk"", ""file_size"": 9702115, ""first_seen"": ""2026-07-29 06:06:37"", ""note"": ""family signature match from MalwareBazaar (vendor measurement, not VT)"", ""signature"": ""CopyBara"", ""source"": ""MalwareBazaar"", ""ssdeep"": ""196608:bIS1wWwPLCLH+QN4ut1eMSuzQIqdjYFYEscbN2WwOMX2acZA1wj3GL:/1xwPmLH+luHeFeqj1M8WwOMYSwq"", ""tags"": [""37-148-161-44"", ""apk"", ""Copybara""]}"
mb-36ef3a11514f39f0,36ef3a11514f39f0143155711a4ca40ec546031a675a94c3b65dbae2c6d86e52,malicious,A,CopyBara,fintech-targeting banking trojan (family documentation),"https://bazaar.abuse.ch/sample/36ef3a11514f39f0143155711a4ca40ec546031a675a94c3b65dbae2c6d86e52|{""family"": ""CopyBara"", ""family_confidence"": ""A"", ""file_name"": ""36ef3a11514f39f0143155711a4ca40ec546031a675a94c3b65dbae2c6d86e52.apk"", ""file_size"": 9673534, ""first_seen"": ""2026-07-29 06:06:23"", ""note"": ""family signature match from MalwareBazaar (vendor measurement, not VT)"", ""signature"": ""CopyBara"", ""source"": ""MalwareBazaar"", ""ssdeep"": ""196608:1u+Nlh8Eu1wWwPLCLH+QN4ut1eMSsiYmIJLmjOItCrsbyQmKoThwp9so0GHbp:eD1xwPmLH+luHeFWmIJSamCwy17Yp"", ""tags"": [""37-148-161-44"", ""apk"", ""Copybara""]}"
mb-54f14272fc6bad75,54f14272fc6bad75f0b83984f701fce73fa73f0d9de209c161094f27836cea9b,malicious,A,CopyBara,fintech-targeting banking trojan (family documentation),"https://bazaar.abuse.ch/sample/54f14272fc6bad75f0b83984f701fce73fa73f0d9de209c161094f27836cea9b|{""family"": ""CopyBara"", ""family_confidence"": ""A"", ""file_name"": ""54f14272fc6bad75f0b83984f701fce73fa73f0d9de209c161094f27836cea9b.apk"", ""file_size"": 10578489, ""first_seen"": ""2026-07-29 06:06:17"", ""note"": ""family signature match from MalwareBazaar (vendor measurement, not VT)"", ""signature"": ""CopyBara"", ""source"": ""MalwareBazaar"", ""ssdeep"": ""196608:puq1wWwPLCLH+QN4ut1eMSst4uE+Fm/IyBwybBpxjMjdHS2WKASDL5phdfRF:/1xwPmLH+luHeFVpImgyBwydpuSNS35t"", ""tags"": [""37-148-161-44"", ""apk"", ""Copybara""]}"
mb-5fc08b4c4197d940,5fc08b4c4197d94016ec27e3cf09d4943891921519b489ade3c9494d71fe4715,malicious,A,CopyBara,fintech-targeting banking trojan (family documentation),"https://bazaar.abuse.ch/sample/5fc08b4c4197d94016ec27e3cf09d4943891921519b489ade3c9494d71fe4715|{""family"": ""CopyBara"", ""family_confidence"": ""A"", ""file_name"": ""Starpatcher-Shizuku-LP-Integration.apk"", ""file_size"": 4731711, ""first_seen"": ""2026-04-15 22:10:05"", ""note"": ""family signature match from MalwareBazaar (vendor measurement, not VT)"", ""signature"": ""CopyBara"", ""source"": ""MalwareBazaar"", ""ssdeep"": ""98304:/BSnUU0Y7xprhASuQRKgF+rjD0eAD0RfD06D0E9D0nAvD0/D0GD0Rot:/B80Y7LIw8DmDGfDtDPDCsD0DJD6ot"", ""tags"": [""apk"", ""Copybara""]}"
mb-f2559c75597cd7ab,f2559c75597cd7ab5ad85ff689191d0f8fd91f0c1e2af541c341baf6db8d32d7,malicious,A,CopyBara,fintech-targeting banking trojan (family documentation),"https://bazaar.abuse.ch/sample/f2559c75597cd7ab5ad85ff689191d0f8fd91f0c1e2af541c341baf6db8d32d7|{""family"": ""CopyBara"", ""family_confidence"": ""A"", ""file_name"": ""Questionario BNL.apk"", ""file_size"": 10234424, ""first_seen"": ""2026-04-03 21:19:04"", ""note"": ""family signature match from MalwareBazaar (vendor measurement, not VT)"", ""signature"": ""CopyBara"", ""source"": ""MalwareBazaar"", ""ssdeep"": ""196608:Rm1wWwPLCLH+QN4ut1eMSuvNGxYhbhTRRptBkhRuxUPcxQHkiE1koo:w1xwPmLH+luHeFeLhVlkfugcun"", ""tags"": [""37-148-161-44"", ""apk"", ""Copybara""]}"
mb-57c6896ef32e6e19,57c6896ef32e6e1989b69abc7c8cf179173b8b3a061f363b3b7a6421e87778eb,malicious,A,CopyBara,fintech-targeting banking trojan (family documentation),"https://bazaar.abuse.ch/sample/57c6896ef32e6e1989b69abc7c8cf179173b8b3a061f363b3b7a6421e87778eb|{""family"": ""CopyBara"", ""family_confidence"": ""A"", ""file_name"": ""57c6896ef32e6e1989b69abc7c8cf179173b8b3a061f363b3b7a6421e87778eb.apk"", ""file_size"": 12126088, ""first_seen"": ""2025-03-13 15:51:53"", ""note"": ""family signature match from MalwareBazaar (vendor measurement, not VT)"", ""signature"": ""CopyBara"", ""source"": ""MalwareBazaar"", ""ssdeep"": ""196608:40mZUMxhHPyFd/x24MocFIzkHBMcLpuLqp8IwcFyWSa+bt3Cr3TiQ8o9rNoXdA0/:4pUMxt6Fd/x24dcOAdumqYZST3CXgarc"", ""tags"": [""45-86-231-15"", ""apk"", ""bank-android-ITA"", ""Copybara"", ""signed""]}"
mb-bf56b2f45649c5aa,bf56b2f45649c5aa8dc8195364af66277171398ba642330e44c67239c3fef52b,malicious,A,CopyBara,fintech-targeting banking trojan (family documentation),"https://bazaar.abuse.ch/sample/bf56b2f45649c5aa8dc8195364af66277171398ba642330e44c67239c3fef52b|{""family"": ""CopyBara"", ""family_confidence"": ""A"", ""file_name"": ""bf56b2f45649c5aa8dc8195364af66277171398ba642330e44c67239c3fef52b.apk"", ""file_size"": 12162952, ""first_seen"": ""2025-03-13 15:51:05"", ""note"": ""family signature match from MalwareBazaar (vendor measurement, not VT)"", ""signature"": ""CopyBara"", ""source"": ""MalwareBazaar"", ""ssdeep"": ""196608:CO4iFsCkXfJvDA88HlBHg63ygchjMxcLpuLqp8IwcFyWkW2a9L+IuCRGLABOS7K/:Xy13aHgkEjhumqYZkJu+IrGLKgHAsDuc"", ""tags"": [""45-86-231-15"", ""apk"", ""bank-android-ITA"", ""Copybara"", ""signed""]}"
mb-bdae3cc96acd1634,bdae3cc96acd16347a7ca568b9972d82ecdef8d637abee96302d20d4d02cd613,malicious,A,CopyBara,fintech-targeting banking trojan (family documentation),"https://bazaar.abuse.ch/sample/bdae3cc96acd16347a7ca568b9972d82ecdef8d637abee96302d20d4d02cd613|{""family"": ""CopyBara"", ""family_confidence"": ""A"", ""file_name"": ""02818_MyBBVA.apk"", ""file_size"": 12130184, ""first_seen"": ""2025-03-13 15:13:30"", ""note"": ""family signature match from MalwareBazaar (vendor measurement, not VT)"", ""signature"": ""CopyBara"", ""source"": ""MalwareBazaar"", ""ssdeep"": ""196608:jKqATYjBWMQNV51ZiKOXcLpuLqp8IwcFyWTOB8xmjmr7VwcmaFe5Qs1DgD/DSDqa:jKVMQb/wKOCumqYZTO2UjmMay0r2+kt1"", ""tags"": [""45-86-231-15"", ""apk"", ""bank-android-ITA"", ""Copybara"", ""signed"", ""www-app-xyz""]}"
mb-61d3806415988b20,61d3806415988b203fdb11594836203501b956c01b7c551e8dff307e2b46eb60,malicious,A,CopyBara,fintech-targeting banking trojan (family documentation),"https://bazaar.abuse.ch/sample/61d3806415988b203fdb11594836203501b956c01b7c551e8dff307e2b46eb60|{""family"": ""CopyBara"", ""family_confidence"": ""A"", ""file_name"": ""8327f_MyPoste.apk"", ""file_size"": 12048264, ""first_seen"": ""2025-03-13 15:13:26"", ""note"": ""family signature match from MalwareBazaar (vendor measurement, not VT)"", ""signature"": ""CopyBara"", ""source"": ""MalwareBazaar"", ""ssdeep"": ""196608:PDNJJMOKUXwfHTArFxV4cLpuLqp8IwcFyWTmj30AaRE5u/+PHDFDGD7D3DC4DUD4:PDhMtvTkFvumqYZTmj3gREu/cpCfzVA4"", ""tags"": [""45-86-231-15"", ""apk"", ""bank-android-ITA"", ""Copybara"", ""signed"", ""www-app-xyz""]}"
mb-f717e9449835314b,f717e9449835314b9923aaa5ad0d41ee76bd2803044cb190a77c9b3f4e982d6f,malicious,A,CopyBara,fintech-targeting banking trojan (family documentation),"https://bazaar.abuse.ch/sample/f717e9449835314b9923aaa5ad0d41ee76bd2803044cb190a77c9b3f4e982d6f|{""family"": ""CopyBara"", ""family_confidence"": ""A"", ""file_name"": ""3ac1b_ISPToken.apk"", ""file_size"": 12150664, ""first_seen"": ""2025-03-13 15:13:25"", ""note"": ""family signature match from MalwareBazaar (vendor measurement, not VT)"", ""signature"": ""CopyBara"", ""source"": ""MalwareBazaar"", ""ssdeep"": ""196608:W0+UCcH+tP2FiD7RHKnMxcLpuLqp8IwcFyWIoU8GcsD4Uc/koGgYJ1yyDDD4DRDu:W0+UCcH+wQDVHIMEumqYZIoUwRko7YJh"", ""tags"": [""45-86-231-15"", ""apk"", ""bank-android-ITA"", ""Copybara"", ""signed"", ""www-app-xyz""]}"
mb-8b6d047c9a1985c0,8b6d047c9a1985c0c15ef0452828e8a77270fe122f51b953d16f0d81c507cce3,malicious,A,CopyBara,fintech-targeting banking trojan (family documentation),"https://bazaar.abuse.ch/sample/8b6d047c9a1985c0c15ef0452828e8a77270fe122f51b953d16f0d81c507cce3|{""family"": ""CopyBara"", ""family_confidence"": ""A"", ""file_name"": ""Modulo HYPE.apk"", ""file_size"": 8644754, ""first_seen"": ""2024-11-23 07:37:14"", ""note"": ""family signature match from MalwareBazaar (vendor measurement, not VT)"", ""signature"": ""CopyBara"", ""source"": ""MalwareBazaar"", ""ssdeep"": ""196608:+aI3W+FAOiCyrWC+DFB7jKIyXfipcLpuLqp8IwcFyWIBcDRDKDrDjDCPDvDADgtJ:y31+Dr8FpR4umqYZIK9ev3O7UkJ"", ""tags"": [""android"", ""apk"", ""Copybara"", ""HYPE"", ""ITA"", ""signed""]}"
mb-6ca691c97ab0028c,6ca691c97ab0028ce9acade5d079289668b1d0339ad330181c84fc7e7114c509,malicious,A,Hook,fintech-targeting banking trojan (family documentation),"https://bazaar.abuse.ch/sample/6ca691c97ab0028ce9acade5d079289668b1d0339ad330181c84fc7e7114c509|{""family"": ""Hook"", ""family_confidence"": ""A"", ""file_name"": ""7ec62d3c50d033b0857fe6f7e1e09de219001cf3bcc25fe5ddac25596b0c2922.apk"", ""file_size"": 8711027, ""first_seen"": ""2025-11-07 06:45:49"", ""note"": ""family signature match from MalwareBazaar (vendor measurement, not VT)"", ""signature"": ""Hook"", ""source"": ""MalwareBazaar"", ""ssdeep"": ""196608:kAD11ar8RAb2GWt/HM/Gqniw1kdRDcCekj1y6n7c4:n1ar8/GRniwwws5y+7c4"", ""tags"": [""apk"", ""hook""]}"
mb-2b332adf4e52168c,2b332adf4e52168cbd2e76866165a5c6f421d15b5778d44f78f0d86c4c26b9fa,malicious,A,Hook,fintech-targeting banking trojan (family documentation),"https://bazaar.abuse.ch/sample/2b332adf4e52168cbd2e76866165a5c6f421d15b5778d44f78f0d86c4c26b9fa|{""family"": ""Hook"", ""family_confidence"": ""A"", ""file_name"": ""ce361748bed2a8cb5e023eccb1736a17.apk"", ""file_size"": 23340828, ""first_seen"": ""2025-05-27 08:56:44"", ""note"": ""family signature match from MalwareBazaar (vendor measurement, not VT)"", ""signature"": ""Hook"", ""source"": ""MalwareBazaar"", ""ssdeep"": ""393216:AQpO/DjWfPOaOMbU4NtdOVZw6AikcYuCP:A5DFhbyeouCP"", ""tags"": [""apk"", ""hook"", ""signed"", ""Spy-Agent-DUD""]}"
mb-e29def53e832ca9c,e29def53e832ca9ca4d5a6c80d1c3c6d4f801c5f3f2ba50cc7f528fafee21b65,malicious,A,Hook,fintech-targeting banking trojan (family documentation),"https://bazaar.abuse.ch/sample/e29def53e832ca9ca4d5a6c80d1c3c6d4f801c5f3f2ba50cc7f528fafee21b65|{""family"": ""Hook"", ""family_confidence"": ""A"", ""file_name"": ""ermak.apk"", ""file_size"": 2650769, ""first_seen"": ""2025-05-27 08:55:53"", ""note"": ""family signature match from MalwareBazaar (vendor measurement, not VT)"", ""signature"": ""Hook"", ""source"": ""MalwareBazaar"", ""ssdeep"": ""49152:GTRWUxSgSTFYhnMDzRPKi6xvw4KNJ5A8TfM6Gwe6UIuL:G0U0YZM9qwdy6zebL"", ""tags"": [""apk"", ""hook"", ""signed""]}"
mb-4f181b3a42657a4c,4f181b3a42657a4c18a898d84108f7500baf243a2ac710adec1c5938cf0adb57,malicious,A,Hook,fintech-targeting banking trojan (family documentation),"https://bazaar.abuse.ch/sample/4f181b3a42657a4c18a898d84108f7500baf243a2ac710adec1c5938cf0adb57|{""family"": ""Hook"", ""family_confidence"": ""A"", ""file_name"": ""4f181b3a42657a4c18a898d84108f7500baf243a2ac710adec1c5938cf0adb57.apk"", ""file_size"": 2284454, ""first_seen"": ""2025-02-08 02:08:22"", ""note"": ""family signature match from MalwareBazaar (vendor measurement, not VT)"", ""signature"": ""Hook"", ""source"": ""MalwareBazaar"", ""ssdeep"": ""49152:Ig/weyrxOFxzXpyHnekeJPGRonx31oSGOcgB0K+kGH3JeilU:dFBX0neLJnxPmgsh3kilU"", ""tags"": [""apk"", ""Ermac"", ""hook""]}"
mb-9ba6ece1a921ccf5,9ba6ece1a921ccf5dd5a13e4fcbf4fa64601d3503a5995ea30f6826eff94afa1,malicious,A,Hook,fintech-targeting banking trojan (family documentation),"https://bazaar.abuse.ch/sample/9ba6ece1a921ccf5dd5a13e4fcbf4fa64601d3503a5995ea30f6826eff94afa1|{""family"": ""Hook"", ""family_confidence"": ""A"", ""file_name"": ""9b.apk"", ""file_size"": 5052990, ""first_seen"": ""2025-01-17 10:30:29"", ""note"": ""family signature match from MalwareBazaar (vendor measurement, not VT)"", ""signature"": ""Hook"", ""source"": ""MalwareBazaar"", ""ssdeep"": ""98304:8CRhf2qLFNAHnIB4mugoHMCqHxyOjDOaEVq8sbSh+kdw1ec:8CRx13cO4BgGWxj5EVAbA+k2"", ""tags"": [""apk"", ""hook"", ""signed""]}"
mb-bba4e2c4bcd19f41,bba4e2c4bcd19f4174421de1b8df665133725867a3f151e756570e9a6bed811b,malicious,A,Hook,fintech-targeting banking trojan (family documentation),"https://bazaar.abuse.ch/sample/bba4e2c4bcd19f4174421de1b8df665133725867a3f151e756570e9a6bed811b|{""family"": ""Hook"", ""family_confidence"": ""A"", ""file_name"": ""22.apk"", ""file_size"": 5040312, ""first_seen"": ""2025-01-10 17:12:24"", ""note"": ""family signature match from MalwareBazaar (vendor measurement, not VT)"", ""signature"": ""Hook"", ""source"": ""MalwareBazaar"", ""ssdeep"": ""98304:aE1kQen1WIciiAtP4ibIqJ7wxlZTM4RWTyln0P1ayykU7tOB:aakQDkP5YFrnec5kU8"", ""tags"": [""apk"", ""hook""]}"
mb-26db08ef808409eb,26db08ef808409eb973a698d26ac83d99f46c8aa7fa35c96bf8140fd94cb2ca1,malicious,A,Hook,fintech-targeting banking trojan (family documentation),"https://bazaar.abuse.ch/sample/26db08ef808409eb973a698d26ac83d99f46c8aa7fa35c96bf8140fd94cb2ca1|{""family"": ""Hook"", ""family_confidence"": ""A"", ""file_name"": ""decrypted_2587456092053789685.tmp"", ""file_size"": 4692304, ""first_seen"": ""2025-01-09 15:33:53"", ""note"": ""family signature match from MalwareBazaar (vendor measurement, not VT)"", ""signature"": ""Hook"", ""source"": ""MalwareBazaar"", ""ssdeep"": ""98304:rUT1biIJ4atOtQ7YBMEGFQXKZ02/a1t6nGGwGrpji8qTueB:QT1p1wB0QXKv/a3i9rNWTuw"", ""tags"": [""apk"", ""hook"", ""zip""]}"
mb-19b8bf21956aed58,19b8bf21956aed58b1ba425824afd0e2bbb77dc9688f930360da87035c94b735,malicious,A,Hook,fintech-targeting banking trojan (family documentation),"https://bazaar.abuse.ch/sample/19b8bf21956aed58b1ba425824afd0e2bbb77dc9688f930360da87035c94b735|{""family"": ""Hook"", ""family_confidence"": ""A"", ""file_name"": ""04.apk"", ""file_size"": 5582002, ""first_seen"": ""2025-01-09 15:27:37"", ""note"": ""family signature match from MalwareBazaar (vendor measurement, not VT)"", ""signature"": ""Hook"", ""source"": ""MalwareBazaar"", ""ssdeep"": ""98304:FfaNr28dhXTBBBCXconxLiicJybgYu7krEhXGCN5KsGzdQ/d6V8fuSSQGTsxflrp:taY8pCXc+LKyFI7hXJn1/DfxSQxflaYL"", ""tags"": [""apk"", ""hook""]}"
mb-c68ac554dc7b0c8f,c68ac554dc7b0c8fec61b7d5527a05e1ecb1c2eac904a460ae839c43c69c67df,malicious,A,Hook,fintech-targeting banking trojan (family documentation),"https://bazaar.abuse.ch/sample/c68ac554dc7b0c8fec61b7d5527a05e1ecb1c2eac904a460ae839c43c69c67df|{""family"": ""Hook"", ""family_confidence"": ""A"", ""file_name"": ""44.apk"", ""file_size"": 5582002, ""first_seen"": ""2025-01-09 15:00:19"", ""note"": ""family signature match from MalwareBazaar (vendor measurement, not VT)"", ""signature"": ""Hook"", ""source"": ""MalwareBazaar"", ""ssdeep"": ""98304:bfaNr28dhXTBBBCXconxLiicJybgYu7kbEhXGCN5KRGzsQ/dCV8JuSSQGTsxfxA+:jaY8pCXc+LKyFIrhXJn1/TJxSQxfxu38"", ""tags"": [""apk"", ""hook""]}"
mb-2da377529967c57c,2da377529967c57cf738206ad5a1414485658daf7c26e66a6c474b165442f1b6,malicious,A,Hook,fintech-targeting banking trojan (family documentation),"https://bazaar.abuse.ch/sample/2da377529967c57cf738206ad5a1414485658daf7c26e66a6c474b165442f1b6|{""family"": ""Hook"", ""family_confidence"": ""A"", ""file_name"": ""com.ygkaxidkh.ffldaorgq.apk"", ""file_size"": 4738967, ""first_seen"": ""2024-12-14 12:42:39"", ""note"": ""family signature match from MalwareBazaar (vendor measurement, not VT)"", ""signature"": ""Hook"", ""source"": ""MalwareBazaar"", ""ssdeep"": ""98304:19HLjEpXQoLXV4W0WiWmOC3POywZLRnKhbLJaojI+lnLwTNSM1eR:7cXDXeKyyJobLJjrlLwTYM1m"", ""tags"": [""apk"", ""hook"", ""signed""]}"
mb-dde4471547cb8a65,dde4471547cb8a653163612d197ab8becc466faf7bea9bb5aaa04fe569b22644,malicious,A,Hook,fintech-targeting banking trojan (family documentation),"https://bazaar.abuse.ch/sample/dde4471547cb8a653163612d197ab8becc466faf7bea9bb5aaa04fe569b22644|{""family"": ""Hook"", ""family_confidence"": ""A"", ""file_name"": ""Twint_Update.apk"", ""file_size"": 7315736, ""first_seen"": ""2024-12-14 12:41:06"", ""note"": ""family signature match from MalwareBazaar (vendor measurement, not VT)"", ""signature"": ""Hook"", ""source"": ""MalwareBazaar"", ""ssdeep"": ""98304:sp7yDMhXV+rRXGkrchgLCrATsX5n8e+syu9E/7Cp6Z2Igv8XufH7r6Ii9hqTs+y:sp7toVsyG8eUqxpVl8XufP6fhqk"", ""tags"": [""apk"", ""dropper"", ""tiramisu""]}"
mb-c285378211e69f0c,c285378211e69f0c60c781125246f92357243d1f2832c03234255dc2a90a9674,malicious,A,Hook,fintech-targeting banking trojan (family documentation),"https://bazaar.abuse.ch/sample/c285378211e69f0c60c781125246f92357243d1f2832c03234255dc2a90a9674|{""family"": ""Hook"", ""family_confidence"": ""A"", ""file_name"": ""chrome.apk"", ""file_size"": 4367929, ""first_seen"": ""2024-08-06 13:07:51"", ""note"": ""family signature match from MalwareBazaar (vendor measurement, not VT)"", ""signature"": ""Hook"", ""source"": ""MalwareBazaar"", ""ssdeep"": ""98304:mI/Jtgrndt42QTzEndzkX+NW4/e5mwI04KDKk93n:mI/JbzEdzp4Ae5nFDKuX"", ""tags"": [""apk"", ""hook"", ""signed""]}"
mb-2c7d4e5beefea306,2c7d4e5beefea306e7832ca509207c1c0b267302b269d43917de96c989bacfb1,malicious,A,Hook,fintech-targeting banking trojan (family documentation),"https://bazaar.abuse.ch/sample/2c7d4e5beefea306e7832ca509207c1c0b267302b269d43917de96c989bacfb1|{""family"": ""Hook"", ""family_confidence"": ""A"", ""file_name"": ""chrome.apk"", ""file_size"": 4455521, ""first_seen"": ""2024-08-06 12:32:03"", ""note"": ""family signature match from MalwareBazaar (vendor measurement, not VT)"", ""signature"": ""Hook"", ""source"": ""MalwareBazaar"", ""ssdeep"": ""98304:hJIZzNSqJwSMDSGinjmVVhPKcwvH9mCn+Jpe4yIOJDy7:hJENSq/MDqnjYivH992jyIt7"", ""tags"": [""apk"", ""hook"", ""signed""]}"
mb-c5c5a99fb79efb38,c5c5a99fb79efb383586ed7f7e16419dbb2b02a829aa0f976eadce9581edba44,malicious,A,Hook,fintech-targeting banking trojan (family documentation),"https://bazaar.abuse.ch/sample/c5c5a99fb79efb383586ed7f7e16419dbb2b02a829aa0f976eadce9581edba44|{""family"": ""Hook"", ""family_confidence"": ""A"", ""file_name"": ""19233c714b168ed889bc3132322b5214"", ""file_size"": 1143084, ""first_seen"": ""2024-06-18 18:34:29"", ""note"": ""family signature match from MalwareBazaar (vendor measurement, not VT)"", ""signature"": ""Hook"", ""source"": ""MalwareBazaar"", ""ssdeep"": ""24576:rBRCWXTcC/roY/8CyYApbOU4W6G/ojh0Pg/XLEh:jz3GyU4g/g0Pg/oh"", ""tags"": [""apk"", ""hook"", ""zip""]}"
mb-ef9c1ee9c06e8f6f,ef9c1ee9c06e8f6f92e9388e445d268072a321a4bf77704054dfdfbc68bd8830,malicious,A,Hook,fintech-targeting banking trojan (family documentation),"https://bazaar.abuse.ch/sample/ef9c1ee9c06e8f6f92e9388e445d268072a321a4bf77704054dfdfbc68bd8830|{""family"": ""Hook"", ""family_confidence"": ""A"", ""file_name"": ""c0b49d35aba26433370836dacc9d3007"", ""file_size"": 2934135, ""first_seen"": ""2024-06-18 18:34:24"", ""note"": ""family signature match from MalwareBazaar (vendor measurement, not VT)"", ""signature"": ""Hook"", ""source"": ""MalwareBazaar"", ""ssdeep"": ""49152:R7gmZbnXsxJHCXVvEELV0AUgFw9EdFMVDvRXleFSl2Fu0cFUm4LpisVaQ/jazg/Z:FpbXsxNCXBEELrUgFw991VIYyuV6m4oo"", ""tags"": [""apk"", ""hook"", ""zip""]}"
mb-aea84ebd9c1194ef,aea84ebd9c1194efa69033231fe055a9fa79f3e740825965ab2767c4f61b0531,malicious,A,Hook,fintech-targeting banking trojan (family documentation),"https://bazaar.abuse.ch/sample/aea84ebd9c1194efa69033231fe055a9fa79f3e740825965ab2767c4f61b0531|{""family"": ""Hook"", ""family_confidence"": ""A"", ""file_name"": ""0d0c23a96dc90d431a8ce01f0cee1575"", ""file_size"": 2954695, ""first_seen"": ""2024-06-18 18:34:19"", ""note"": ""family signature match from MalwareBazaar (vendor measurement, not VT)"", ""signature"": ""Hook"", ""source"": ""MalwareBazaar"", ""ssdeep"": ""49152:mAT2grdSkQvKiMqFnr8CJMtvlB0l1EIFWEog1cJXCDG9XU3g/KZ:mAT2g5TQSSlrxmdva1EUag1cX8eXKZ"", ""tags"": [""apk"", ""hook"", ""zip""]}"
mb-3d287d481cbc7233,3d287d481cbc7233cd2aa7d56738c6bbb082a5f505c04b79ef147a7e8187de9d,malicious,A,Hook,fintech-targeting banking trojan (family documentation),"https://bazaar.abuse.ch/sample/3d287d481cbc7233cd2aa7d56738c6bbb082a5f505c04b79ef147a7e8187de9d|{""family"": ""Hook"", ""family_confidence"": ""A"", ""file_name"": ""2a3e8d148a007a1c945030c3d7ebdd99"", ""file_size"": 1152529, ""first_seen"": ""2024-06-18 18:29:20"", ""note"": ""family signature match from MalwareBazaar (vendor measurement, not VT)"", ""signature"": ""Hook"", ""source"": ""MalwareBazaar"", ""ssdeep"": ""24576:SlaAQUvgkaA1Nngr6zIaAo2N1yKVoPzuoSyEDig/H9Nf:SlaArge1G2kaAosEym+ig/jf"", ""tags"": [""apk"", ""hook"", ""zip""]}"
mb-8df476be832a1204,8df476be832a1204480d301c7579597bcdafc690b77d1f5c64dc6fb80c0d90d2,malicious,A,Hook,fintech-targeting banking trojan (family documentation),"https://bazaar.abuse.ch/sample/8df476be832a1204480d301c7579597bcdafc690b77d1f5c64dc6fb80c0d90d2|{""family"": ""Hook"", ""family_confidence"": ""A"", ""file_name"": ""3f9a142aeabaaff9857056dc4a35d495"", ""file_size"": 1112356, ""first_seen"": ""2024-05-06 12:08:18"", ""note"": ""family signature match from MalwareBazaar (vendor measurement, not VT)"", ""signature"": ""Hook"", ""source"": ""MalwareBazaar"", ""ssdeep"": ""24576:k60U4F837q36KFQLGldSsEEolIYDEBojyFng/lUsY:onKJyldGziXFng/JY"", ""tags"": [""apk"", ""hook"", ""zip""]}"
mb-0968f706d92da8fa,0968f706d92da8fa371cf88aeb4ba60e44733035e3311c60f9d36addb1c9d5b3,malicious,A,Hook,fintech-targeting banking trojan (family documentation),"https://bazaar.abuse.ch/sample/0968f706d92da8fa371cf88aeb4ba60e44733035e3311c60f9d36addb1c9d5b3|{""family"": ""Hook"", ""family_confidence"": ""A"", ""file_name"": ""aaec5d207147fb4b4700c2e0b82b7272"", ""file_size"": 1144840, ""first_seen"": ""2024-05-01 19:23:55"", ""note"": ""family signature match from MalwareBazaar (vendor measurement, not VT)"", ""signature"": ""Hook"", ""source"": ""MalwareBazaar"", ""ssdeep"": ""24576:56KtLf51JR8li6FE+KTj8uKsZjheVlEz0P/mjyW3g/x/A1:NrezFEtTj8uKsAVA2/5W3g/y1"", ""tags"": [""apk"", ""hook"", ""zip""]}"
mb-697a13b1358a0900,697a13b1358a09008afcf17117a04cb253a11a30cd24944be1c60a4696dc27f0,malicious,A,Hook,fintech-targeting banking trojan (family documentation),"https://bazaar.abuse.ch/sample/697a13b1358a09008afcf17117a04cb253a11a30cd24944be1c60a4696dc27f0|{""family"": ""Hook"", ""family_confidence"": ""A"", ""file_name"": ""e07fd729182650c77f29293c6e4522c5"", ""file_size"": 1144028, ""first_seen"": ""2024-05-01 19:23:51"", ""note"": ""family signature match from MalwareBazaar (vendor measurement, not VT)"", ""signature"": ""Hook"", ""source"": ""MalwareBazaar"", ""ssdeep"": ""24576:sbKs3t7YSbMlettFATgZYfw20V/ojyx5g/Qn2q:zW5YSRFATgyfw2E/Xx5g/7q"", ""tags"": [""apk"", ""hook"", ""zip""]}"
mb-bc0b22a27dc2865e,bc0b22a27dc2865e3194c23a0555fb791a17da00ed8935b7d0a118262c786f0b,malicious,A,Hook,fintech-targeting banking trojan (family documentation),"https://bazaar.abuse.ch/sample/bc0b22a27dc2865e3194c23a0555fb791a17da00ed8935b7d0a118262c786f0b|{""family"": ""Hook"", ""family_confidence"": ""A"", ""file_name"": ""d44e53ca92e43d18e026f48ce295b02b"", ""file_size"": 2913232, ""first_seen"": ""2024-05-01 19:23:47"", ""note"": ""family signature match from MalwareBazaar (vendor measurement, not VT)"", ""signature"": ""Hook"", ""source"": ""MalwareBazaar"", ""ssdeep"": ""49152:G0mdqy656RS1b0R3FJLeISGmAchVJGa7Zff3y7GdfSU8QUOcv/pw6jg/RV3:G0mdqb6RwbSuhG9Uia7ZfPy6xSU8l/pm"", ""tags"": [""apk"", ""hook"", ""zip""]}"
mb-d37a174544220e93,d37a174544220e93a0425afce2b1e76b8b29c97ce18588037ae76b45c26d08b8,malicious,A,Hook,fintech-targeting banking trojan (family documentation),"https://bazaar.abuse.ch/sample/d37a174544220e93a0425afce2b1e76b8b29c97ce18588037ae76b45c26d08b8|{""family"": ""Hook"", ""family_confidence"": ""A"", ""file_name"": ""86eb8c78cf477ddc6638da4f4271bba7"", ""file_size"": 1144704, ""first_seen"": ""2024-05-01 19:23:38"", ""note"": ""family signature match from MalwareBazaar (vendor measurement, not VT)"", ""signature"": ""Hook"", ""source"": ""MalwareBazaar"", ""ssdeep"": ""24576:zD3rm/4IsL8HQfIjPjSv9AzC2M3jXdiV551DOup6U/Ujy1Zg/g56wQ0:nOS8HQfIn1zvM3ZiV/P/L1Zg/50"", ""tags"": [""apk"", ""hook"", ""zip""]}"
mb-9f17fc20c5c72570,9f17fc20c5c725707168b93690063638cb6e5b3a7b77b3e826e8458a79eb36e2,malicious,A,Hook,fintech-targeting banking trojan (family documentation),"https://bazaar.abuse.ch/sample/9f17fc20c5c725707168b93690063638cb6e5b3a7b77b3e826e8458a79eb36e2|{""family"": ""Hook"", ""family_confidence"": ""A"", ""file_name"": ""242610e74b8914d64fdbcfcc8b63cfb6"", ""file_size"": 2934067, ""first_seen"": ""2024-05-01 19:17:56"", ""note"": ""family signature match from MalwareBazaar (vendor measurement, not VT)"", ""signature"": ""Hook"", ""source"": ""MalwareBazaar"", ""ssdeep"": ""49152:rG/OCzgkixmu1Jtp3bRNQfo35dGViLscVvRd7Te32k7B5FXzgg/lU:rG/OCUki0ItpEncVvRNK32k7/FXXU"", ""tags"": [""apk"", ""hook"", ""zip""]}"
mb-341c5b8d7fda0970,341c5b8d7fda09706c39fdb959897e9a983f25bb06cfa9b1a96fbfe54854086a,malicious,A,Hook,fintech-targeting banking trojan (family documentation),"https://bazaar.abuse.ch/sample/341c5b8d7fda09706c39fdb959897e9a983f25bb06cfa9b1a96fbfe54854086a|{""family"": ""Hook"", ""family_confidence"": ""A"", ""file_name"": ""d4ae2fca2e9b926ed00e143fe82d5a7a"", ""file_size"": 2935719, ""first_seen"": ""2024-05-01 19:16:56"", ""note"": ""family signature match from MalwareBazaar (vendor measurement, not VT)"", ""signature"": ""Hook"", ""source"": ""MalwareBazaar"", ""ssdeep"": ""49152:VOzC9Y6YLY4KyrS7sHiV38ZyMf4fgxIIg9nqMUN3OmAtDdZnHIo/kKLg/VQ:VhY6YLYCrMbtaAfgxlg9nqMUZMZ5kbQ"", ""tags"": [""apk"", ""hook"", ""zip""]}"
mb-495a3ffa51f6e92b,495a3ffa51f6e92b8467195d5c4117f652c60b15371a9db765322e293eb6205b,malicious,A,Hook,fintech-targeting banking trojan (family documentation),"https://bazaar.abuse.ch/sample/495a3ffa51f6e92b8467195d5c4117f652c60b15371a9db765322e293eb6205b|{""family"": ""Hook"", ""family_confidence"": ""A"", ""file_name"": ""orchrome signed.apk"", ""file_size"": 1492642, ""first_seen"": ""2023-11-04 02:43:26"", ""note"": ""family signature match from MalwareBazaar (vendor measurement, not VT)"", ""signature"": ""Hook"", ""source"": ""MalwareBazaar"", ""ssdeep"": ""24576:j2s/PxSgSujtMnHjO2ANUmkTyh9XjConLe3dC9LKDWCr8eVdhQY/6lzaCQJWTx5x:3SgSgmnHjO2A+mkuhRjPGtDWCr8Adh7C"", ""tags"": [""apk"", ""hook"", ""signed""]}"
mb-554e71b4e5d2a172,554e71b4e5d2a172707b51edc8e0e22cba40858b69884e75228c12718c47e1ef,malicious,A,Anatsa / TeaBot,fintech-targeting banking trojan (family documentation),"https://bazaar.abuse.ch/sample/554e71b4e5d2a172707b51edc8e0e22cba40858b69884e75228c12718c47e1ef|{""family"": ""Anatsa / TeaBot"", ""family_confidence"": ""A"", ""file_name"": ""554e71b4e5d2a172707b51edc8e0e22cba40858b69884e75228c12718c47e1ef.apk"", ""file_size"": 3132650, ""first_seen"": ""2023-06-30 17:01:30"", ""note"": ""family signature match from MalwareBazaar (vendor measurement, not VT)"", ""signature"": ""TeaBot"", ""source"": ""MalwareBazaar"", ""ssdeep"": ""49152:9cr7M2hKTPcqI+5jI9hLXcfr7pE53M2nZ4GR8rQqqN7wQTLLoGccJ:9c/M2jqIkOhgj7O58gXSrQzNMKLecJ"", ""tags"": [""anatsa"", ""android"", ""apk"", ""Teabot""]}"
mb-ddabe5999dbc9ffb,ddabe5999dbc9ffbc8b804a7ea6bb61415bc88e346b2d2c0d53bfff9dcc88d32,malicious,A,Anatsa / TeaBot,fintech-targeting banking trojan (family documentation),"https://bazaar.abuse.ch/sample/ddabe5999dbc9ffbc8b804a7ea6bb61415bc88e346b2d2c0d53bfff9dcc88d32|{""family"": ""Anatsa / TeaBot"", ""family_confidence"": ""A"", ""file_name"": ""DDABE5999DBC9FFBC8B804A7EA6BB61415BC88E346B2D2C0D53BFFF9DCC88D32.apk"", ""file_size"": 4145298, ""first_seen"": ""2022-09-25 14:11:13"", ""note"": ""family signature match from MalwareBazaar (vendor measurement, not VT)"", ""signature"": ""TeaBot"", ""source"": ""MalwareBazaar"", ""ssdeep"": ""98304:znWe8B4SyAR3u9E48GT3WC9ricWgyqTG+IicpcpYUBvBON:T829GmE4T59ricWgDTGjn/UBvU"", ""tags"": [""anatsa"", ""apk"", ""signed"", ""Teabot""]}"
mb-d65ae353ce5d975c,d65ae353ce5d975cea85bb0fab578590a90061173657ba2e1a0c1110d9b8eb91,malicious,A,Anatsa / TeaBot,fintech-targeting banking trojan (family documentation),"https://bazaar.abuse.ch/sample/d65ae353ce5d975cea85bb0fab578590a90061173657ba2e1a0c1110d9b8eb91|{""family"": ""Anatsa / TeaBot"", ""family_confidence"": ""A"", ""file_name"": ""D65AE353CE5D975CEA85BB0FAB578590A90061173657BA2E1A0C1110D9B8EB91.apk"", ""file_size"": 3677737, ""first_seen"": ""2022-09-25 14:11:09"", ""note"": ""family signature match from MalwareBazaar (vendor measurement, not VT)"", ""signature"": ""TeaBot"", ""source"": ""MalwareBazaar"", ""ssdeep"": ""98304:wLzMSyy/g3dGxaMmSDk5GkL7WQ3aWTBDxP26O:GvykxaMTDML7xaWTbOB"", ""tags"": [""anatsa"", ""apk"", ""signed"", ""Teabot""]}"
mb-8856ac19f179461c,8856ac19f179461c4008249c342c8dadbd17118f80f43ce0229ddb1cda33bd67,malicious,A,Anatsa / TeaBot,fintech-targeting banking trojan (family documentation),"https://bazaar.abuse.ch/sample/8856ac19f179461c4008249c342c8dadbd17118f80f43ce0229ddb1cda33bd67|{""family"": ""Anatsa / TeaBot"", ""family_confidence"": ""A"", ""file_name"": ""8856AC19F179461C4008249C342C8DADBD17118F80F43CE0229DDB1CDA33BD67.apk"", ""file_size"": 3375300, ""first_seen"": ""2022-09-25 14:11:03"", ""note"": ""family signature match from MalwareBazaar (vendor measurement, not VT)"", ""signature"": ""TeaBot"", ""source"": ""MalwareBazaar"", ""ssdeep"": ""98304:XncQpaxkUhdGd56gzm6JIOvv9/XCjGfg/IDxIP:XnzpaxkUhIZgOvv0ogcu"", ""tags"": [""anatsa"", ""apk"", ""signed"", ""Teabot""]}"
mb-2211e5b751634ef3,2211e5b751634ef3681bff599b25d57f47f1593bc27aeb83273ee63a64d62e25,malicious,A,Anatsa / TeaBot,fintech-targeting banking trojan (family documentation),"https://bazaar.abuse.ch/sample/2211e5b751634ef3681bff599b25d57f47f1593bc27aeb83273ee63a64d62e25|{""family"": ""Anatsa / TeaBot"", ""family_confidence"": ""A"", ""file_name"": ""2211E5B751634EF3681BFF599B25D57F47F1593BC27AEB83273EE63A64D62E25.apk"", ""file_size"": 4791775, ""first_seen"": ""2022-09-25 14:11:00"", ""note"": ""family signature match from MalwareBazaar (vendor measurement, not VT)"", ""signature"": ""TeaBot"", ""source"": ""MalwareBazaar"", ""ssdeep"": ""98304:vcvQ1OOT/OfhQbciOd4m1s1ngEErQa29x2gBYmPRsDRYaUQPLVyxrfwfIe:ECOOT/Of2bc5ymSngtca29x2o8RUQjVD"", ""tags"": [""anatsa"", ""apk"", ""signed"", ""Teabot""]}"
mb-93880cd38abffa10,93880cd38abffa10e753c17ae7c14f0833356cba601bd1a3d3998859f47c900f,malicious,A,Anatsa / TeaBot,fintech-targeting banking trojan (family documentation),"https://bazaar.abuse.ch/sample/93880cd38abffa10e753c17ae7c14f0833356cba601bd1a3d3998859f47c900f|{""family"": ""Anatsa / TeaBot"", ""family_confidence"": ""A"", ""file_name"": ""93880CD38ABFFA10E753C17AE7C14F0833356CBA601BD1A3D3998859F47C900F.apk"", ""file_size"": 3875576, ""first_seen"": ""2022-09-25 14:07:41"", ""note"": ""family signature match from MalwareBazaar (vendor measurement, not VT)"", ""signature"": ""TeaBot"", ""source"": ""MalwareBazaar"", ""ssdeep"": ""98304:kSdN59E3uUN+bHVG3ZRrGft4dG1kdS0ey/lR:ld5iuUNkVDV4YadlT"", ""tags"": [""anatsa"", ""apk"", ""signed"", ""Teabot""]}"
mb-4067054f202cc8e8,4067054f202cc8e87557915783d4468b54985c5cc7b0b57df98ffbb106475196,malicious,A,Anatsa / TeaBot,fintech-targeting banking trojan (family documentation),"https://bazaar.abuse.ch/sample/4067054f202cc8e87557915783d4468b54985c5cc7b0b57df98ffbb106475196|{""family"": ""Anatsa / TeaBot"", ""family_confidence"": ""A"", ""file_name"": ""4067054f202cc8e87557915783d4468b54985c5cc7b0b57df98ffbb106475196.apk"", ""file_size"": 2982939, ""first_seen"": ""2022-09-07 05:27:49"", ""note"": ""family signature match from MalwareBazaar (vendor measurement, not VT)"", ""signature"": ""TeaBot"", ""source"": ""MalwareBazaar"", ""ssdeep"": ""49152:DwgcICrG/hqSniYtN25YhcKWaCE5nduTMF5/9sIjZgKlN0q/uLSnls:crG/QQiYtEYhcKDC0ndWMP/9s8ZgyNlS"", ""tags"": [""apk"", ""signed"", ""Teabot""]}"
mb-767c218be4e7d2c9,767c218be4e7d2c99ee9c8b36128ac932d2dac0e3792ce638b804083f75e1096,malicious,A,Anatsa / TeaBot,fintech-targeting banking trojan (family documentation),"https://bazaar.abuse.ch/sample/767c218be4e7d2c99ee9c8b36128ac932d2dac0e3792ce638b804083f75e1096|{""family"": ""Anatsa / TeaBot"", ""family_confidence"": ""A"", ""file_name"": ""main.apk"", ""file_size"": 1267276, ""first_seen"": ""2022-05-06 06:40:42"", ""note"": ""family signature match from MalwareBazaar (vendor measurement, not VT)"", ""signature"": ""TeaBot"", ""source"": ""MalwareBazaar"", ""ssdeep"": ""24576:N/bg0gs5w15vsuVe3DDFdeCpt8xCHuLTbFpOTg49FVXDTNMDCV:N/U0b02DDp2HFM3XGmV"", ""tags"": [""anatsa"", ""apk"", ""signed"", ""Teabot""]}"
mb-c3c7df127552aa25,c3c7df127552aa2594ad335d7cc955cb1274cc322455a89b1856a2adf9f83ded,malicious,A,Anatsa / TeaBot,fintech-targeting banking trojan (family documentation),"https://bazaar.abuse.ch/sample/c3c7df127552aa2594ad335d7cc955cb1274cc322455a89b1856a2adf9f83ded|{""family"": ""Anatsa / TeaBot"", ""family_confidence"": ""A"", ""file_name"": ""main.apk"", ""file_size"": 1255453, ""first_seen"": ""2022-05-06 06:25:24"", ""note"": ""family signature match from MalwareBazaar (vendor measurement, not VT)"", ""signature"": ""TeaBot"", ""source"": ""MalwareBazaar"", ""ssdeep"": ""24576:yqiMHHUaUbpTm5QaLIa5CKENjbIeRgPmfwbV7MDW5AppAnLs8mok:yqsFmR8aujbX8mSyK5APyIok"", ""tags"": [""anatsa"", ""apk"", ""signed"", ""Teabot""]}"
mb-47bb7f855cdf116c,47bb7f855cdf116c62499240089fa1b7a69585e8b7f639e192b9d038da4094cd,malicious,A,Anatsa / TeaBot,fintech-targeting banking trojan (family documentation),"https://bazaar.abuse.ch/sample/47bb7f855cdf116c62499240089fa1b7a69585e8b7f639e192b9d038da4094cd|{""family"": ""Anatsa / TeaBot"", ""family_confidence"": ""A"", ""file_name"": ""base.apk"", ""file_size"": 3371203, ""first_seen"": ""2022-03-16 12:36:45"", ""note"": ""family signature match from MalwareBazaar (vendor measurement, not VT)"", ""signature"": ""TeaBot"", ""source"": ""MalwareBazaar"", ""ssdeep"": ""98304:ylxgweICNV+mN24ElmQjE9LBcGDIXAOthoV:ylxgBImV+mCmQjMLBarrc"", ""tags"": [""android"", ""apk"", ""signed"", ""Teabot""]}"
mb-b88e7421bc61f4ce,b88e7421bc61f4ce20c0694418fc97c1e77cfd3f2053857f87cc47512a55c3d3,malicious,A,Anatsa / TeaBot,fintech-targeting banking trojan (family documentation),"https://bazaar.abuse.ch/sample/b88e7421bc61f4ce20c0694418fc97c1e77cfd3f2053857f87cc47512a55c3d3|{""family"": ""Anatsa / TeaBot"", ""family_confidence"": ""A"", ""file_name"": ""b88e7421bc61f4ce20c0694418fc97c1e77cfd3f2053857f87cc47512a55c3d3.apk"", ""file_size"": 4542834, ""first_seen"": ""2021-08-02 12:03:01"", ""note"": ""family signature match from MalwareBazaar (vendor measurement, not VT)"", ""signature"": ""TeaBot"", ""source"": ""MalwareBazaar"", ""ssdeep"": ""98304:7vNrfTch74luHqnwV6vNQV5EGArGY4fBl7ZbfUZIOp6Py5df:7vNrfghUluKnRvKV5bk0B1ZAPhf"", ""tags"": [""anatsa"", ""apk"", ""notflubot"", ""Teabot"", ""toddler""]}"
mb-9f2d916b1e0ee486,9f2d916b1e0ee486f5a49e3e9887eae59dbdca0a554139ae9a4dc8edc2f12de0,malicious,A,Anatsa / TeaBot,fintech-targeting banking trojan (family documentation),"https://bazaar.abuse.ch/sample/9f2d916b1e0ee486f5a49e3e9887eae59dbdca0a554139ae9a4dc8edc2f12de0|{""family"": ""Anatsa / TeaBot"", ""family_confidence"": ""A"", ""file_name"": ""9F2D916B1E0EE486F5A49E3E9887EAE59DBDCA0A554139AE9A4DC8EDC2F12DE0.apk"", ""file_size"": 2896783, ""first_seen"": ""2021-07-17 14:48:39"", ""note"": ""family signature match from MalwareBazaar (vendor measurement, not VT)"", ""signature"": ""TeaBot"", ""source"": ""MalwareBazaar"", ""ssdeep"": ""49152:CdB2WK9IVhZGa7+o4Dmu1iAYOSMA+418rU4+xVRgOd35UZJlTn7C:CdIxWVhZGaCoCiTrU46UPhlO9TG"", ""tags"": [""anatsa"", ""android"", ""apk"", ""banker"", ""Teabot"", ""toddler""]}"
mb-a34c1e334e9d76e9,a34c1e334e9d76e97b8e8ac6b88bbc45cbed7ab7fc3a62e2f348c940136778af,malicious,A,Anatsa / TeaBot,fintech-targeting banking trojan (family documentation),"https://bazaar.abuse.ch/sample/a34c1e334e9d76e97b8e8ac6b88bbc45cbed7ab7fc3a62e2f348c940136778af|{""family"": ""Anatsa / TeaBot"", ""family_confidence"": ""A"", ""file_name"": ""DHL663.apk"", ""file_size"": 4247039, ""first_seen"": ""2021-05-23 18:27:20"", ""note"": ""family signature match from MalwareBazaar (vendor measurement, not VT)"", ""signature"": ""TeaBot"", ""source"": ""MalwareBazaar"", ""ssdeep"": ""98304:k5GKk+jrrhCMTMI+On1L0Mcuw4P4dhdJAiA0vd3iYZQl:SGa7lYRQh0McufP0AiLsH"", ""tags"": [""android"", ""apk"", ""signed"", ""Teabot""]}"
mb-ca3da13d69ce07ed,ca3da13d69ce07ed9b31314f2404f9c6a2235067406b545d7b00517258cee9d6,malicious,A,Octo / Coper / ExobotV2,fintech-targeting banking trojan (family documentation),"https://bazaar.abuse.ch/sample/ca3da13d69ce07ed9b31314f2404f9c6a2235067406b545d7b00517258cee9d6|{""family"": ""Octo / Coper / ExobotV2"", ""family_confidence"": ""A"", ""file_name"": ""97e1e1b53f1797dd648aa8cc40b57d2b"", ""file_size"": 521311, ""first_seen"": ""2024-07-23 13:05:51"", ""note"": ""family signature match from MalwareBazaar (vendor measurement, not VT)"", ""signature"": ""Octo"", ""source"": ""MalwareBazaar"", ""ssdeep"": ""12288:LPhrWdn73GDTgpZzrT1UBUonEi2LibthEQWF+J7:LpwnrHVGBPn52yt4F+1"", ""tags"": [""apk"", ""coper"", ""Octo"", ""Octo2"", ""signed"", ""zip""]}"
mb-0a2f1bdec6df99d0,0a2f1bdec6df99d0de397ffdd63f1c89341b7bd53fa4dd5868e567109fdd507f,malicious,A,Octo / Coper / ExobotV2,fintech-targeting banking trojan (family documentation),"https://bazaar.abuse.ch/sample/0a2f1bdec6df99d0de397ffdd63f1c89341b7bd53fa4dd5868e567109fdd507f|{""family"": ""Octo / Coper / ExobotV2"", ""family_confidence"": ""A"", ""file_name"": ""a.apk"", ""file_size"": 196083, ""first_seen"": ""2023-12-28 05:27:08"", ""note"": ""family signature match from MalwareBazaar (vendor measurement, not VT)"", ""signature"": ""Octo"", ""source"": ""MalwareBazaar"", ""ssdeep"": ""3072:0jn1nL1376RfdJy188zv3Gkh8wgsUG+jsns3Q7G2ZajHDTmHu0DNmM8G792fh0J0:ynZL6RfTyZvNKrxG+QQQpUbPmHu0p19k"", ""tags"": [""apk"", ""Octo"", ""signed""]}"
mb-5ad51d421227bc99,5ad51d421227bc9976e9e9cdb9c37b6461a82e60efe0591a7a7014ec8e1f0379,malicious,A,Octo / Coper / ExobotV2,fintech-targeting banking trojan (family documentation),"https://bazaar.abuse.ch/sample/5ad51d421227bc9976e9e9cdb9c37b6461a82e60efe0591a7a7014ec8e1f0379|{""family"": ""Octo / Coper / ExobotV2"", ""family_confidence"": ""A"", ""file_name"": ""t.apk"", ""file_size"": 669952, ""first_seen"": ""2023-12-02 12:26:33"", ""note"": ""family signature match from MalwareBazaar (vendor measurement, not VT)"", ""signature"": ""Octo"", ""source"": ""MalwareBazaar"", ""ssdeep"": ""12288:0vzCBTYDpbWntFLg7Omjx6vFJuyGbeXU52hVj0Bui0fDO+cRn6Ait:0uBkVK7mxEJuyUeXUEDje0fDPAe"", ""tags"": [""apk"", ""Octo"", ""signed""]}"
mb-3504d9f2a2fdf021,3504d9f2a2fdf021a382be4e2603acbdb5550ac2ddf26f62da1c2227b1f7f400,malicious,A,Octo / Coper / ExobotV2,fintech-targeting banking trojan (family documentation),"https://bazaar.abuse.ch/sample/3504d9f2a2fdf021a382be4e2603acbdb5550ac2ddf26f62da1c2227b1f7f400|{""family"": ""Octo / Coper / ExobotV2"", ""family_confidence"": ""A"", ""file_name"": ""3504D9F2A2FDF021A382BE4E2603ACBDB5550AC2DDF26F62DA1C2227B1F7F400.apk"", ""file_size"": 1847115, ""first_seen"": ""2023-11-11 10:59:29"", ""note"": ""family signature match from MalwareBazaar (vendor measurement, not VT)"", ""signature"": ""Octo"", ""source"": ""MalwareBazaar"", ""ssdeep"": ""49152:TsrHSpR380K8tK+gs/jllJxtlHGmjI1idy:grw3jK31s/jllJxta1J"", ""tags"": [""apk"", ""coper"", ""Exobot"", ""Octo""]}"
mb-846a04a5a04dad71,846a04a5a04dad7129abe56d82b0578d4e2af6d6f73cfdf9de364c001d00c24d,malicious,A,Octo / Coper / ExobotV2,fintech-targeting banking trojan (family documentation),"https://bazaar.abuse.ch/sample/846a04a5a04dad7129abe56d82b0578d4e2af6d6f73cfdf9de364c001d00c24d|{""family"": ""Octo / Coper / ExobotV2"", ""family_confidence"": ""A"", ""file_name"": ""ChromeUpdate.apk"", ""file_size"": 1489290, ""first_seen"": ""2023-09-25 19:46:39"", ""note"": ""family signature match from MalwareBazaar (vendor measurement, not VT)"", ""signature"": ""Octo"", ""source"": ""MalwareBazaar"", ""ssdeep"": ""24576:I+ldHt80bCRpsURse2h2q6oFU9Leazuoq/7t7gD09gFnCHzS+cNfS0:IYdH2aURQ2ZoALeAu1REw9fHO+cr"", ""tags"": [""apk"", ""banker"", ""Octo"", ""signed""]}"
mb-144cb58badccd0d2,144cb58badccd0d201ef6b9befef75f7a2860cf6b978b14d9acf9b77a6a3fdfb,malicious,A,Octo / Coper / ExobotV2,fintech-targeting banking trojan (family documentation),"https://bazaar.abuse.ch/sample/144cb58badccd0d201ef6b9befef75f7a2860cf6b978b14d9acf9b77a6a3fdfb|{""family"": ""Octo / Coper / ExobotV2"", ""family_confidence"": ""A"", ""file_name"": ""GooglePlay23.apk"", ""file_size"": 540559, ""first_seen"": ""2023-02-09 07:12:51"", ""note"": ""family signature match from MalwareBazaar (vendor measurement, not VT)"", ""signature"": ""Octo"", ""source"": ""MalwareBazaar"", ""ssdeep"": ""12288:rRsmrT4IJHhWf0fB3YfbpTgbop6GP5Kxv9/O9gw5YYytdTWwL14Ux:rRsmr5JHh4030p8m4st5D4Bp4Y"", ""tags"": [""apk"", ""Octo"", ""signed""]}"
mb-45dbfe5c6e12786e,45dbfe5c6e12786ec990276f88c3650c2aaa7776a2304813397f193660365413,malicious,A,Octo / Coper / ExobotV2,fintech-targeting banking trojan (family documentation),"https://bazaar.abuse.ch/sample/45dbfe5c6e12786ec990276f88c3650c2aaa7776a2304813397f193660365413|{""family"": ""Octo / Coper / ExobotV2"", ""family_confidence"": ""A"", ""file_name"": ""GooglePlay.apk"", ""file_size"": 540229, ""first_seen"": ""2023-02-09 07:12:48"", ""note"": ""family signature match from MalwareBazaar (vendor measurement, not VT)"", ""signature"": ""Octo"", ""source"": ""MalwareBazaar"", ""ssdeep"": ""12288:StRwfseyHt/2pTR0AYSOKKmmN01INjIGl/RDvqjtUJbz5VGpiy1kfAs:SIDy4pTZ9OKKmmmI1IUl+UHekf/"", ""tags"": [""apk"", ""Octo"", ""signed""]}"
mb-201247484840a2db,201247484840a2db692f6f3011312e0b1ff74d31c55ac23f71d149b8c6f0e2b3,malicious,A,Octo / Coper / ExobotV2,fintech-targeting banking trojan (family documentation),"https://bazaar.abuse.ch/sample/201247484840a2db692f6f3011312e0b1ff74d31c55ac23f71d149b8c6f0e2b3|{""family"": ""Octo / Coper / ExobotV2"", ""family_confidence"": ""A"", ""file_name"": ""android.apk"", ""file_size"": 557526, ""first_seen"": ""2023-01-30 02:26:49"", ""note"": ""family signature match from MalwareBazaar (vendor measurement, not VT)"", ""signature"": ""Octo"", ""source"": ""MalwareBazaar"", ""ssdeep"": ""12288:gTR5IYGdyfEEM/p/UdeEbL8yNeAb+aOHVqRg:EufedeKL9JGYRg"", ""tags"": [""android"", ""apk"", ""Octo"", ""signed""]}"
mb-5f3ccbc143370c21,5f3ccbc143370c214b2afcbbb3d54a0f9cdc8e9e09f266800700ea0532353957,malicious,A,Octo / Coper / ExobotV2,fintech-targeting banking trojan (family documentation),"https://bazaar.abuse.ch/sample/5f3ccbc143370c214b2afcbbb3d54a0f9cdc8e9e09f266800700ea0532353957|{""family"": ""Octo / Coper / ExobotV2"", ""family_confidence"": ""A"", ""file_name"": ""update.apk"", ""file_size"": 2381042, ""first_seen"": ""2023-01-08 08:30:43"", ""note"": ""family signature match from MalwareBazaar (vendor measurement, not VT)"", ""signature"": ""Octo"", ""source"": ""MalwareBazaar"", ""ssdeep"": ""49152:zchq0WYe7H+1PRBLrdrsfajK8fLLCT7qjGXkUtFF4rvnHoOLoJ3:zVNYeazB9IiPfS7qy0UtUr/HRLoJ3"", ""tags"": [""android"", ""apk"", ""FakeApp"", ""Octo"", ""signed""]}"
mb-b4dadf3553bb8249,b4dadf3553bb82499c4d0b6be96c47c46abc6904b611376d75c844ffb83725c6,malicious,A,Octo / Coper / ExobotV2,fintech-targeting banking trojan (family documentation),"https://bazaar.abuse.ch/sample/b4dadf3553bb82499c4d0b6be96c47c46abc6904b611376d75c844ffb83725c6|{""family"": ""Octo / Coper / ExobotV2"", ""family_confidence"": ""A"", ""file_name"": ""BAWAG_PSK.apk"", ""file_size"": 1500006, ""first_seen"": ""2022-02-01 10:24:42"", ""note"": ""family signature match from MalwareBazaar (vendor measurement, not VT)"", ""signature"": ""Exobot"", ""source"": ""MalwareBazaar"", ""ssdeep"": ""24576:lwggx4pEGaI2SJh2orwlu/d1Gmukq25E3ePq920q+/Sfz04PuSgvFkJNpb906k:lwFKpEGpj2kwlg1Gm5SuS9jq+6fPTgvx"", ""tags"": [""apk"", ""coper"", ""Exobot"", ""signed""]}"
mb-a93d66a127091d11,a93d66a127091d11090f544514d7e677c24db69d361008e60fffc5200331a1fe,malicious,A,Octo / Coper / ExobotV2,fintech-targeting banking trojan (family documentation),"https://bazaar.abuse.ch/sample/a93d66a127091d11090f544514d7e677c24db69d361008e60fffc5200331a1fe|{""family"": ""Octo / Coper / ExobotV2"", ""family_confidence"": ""A"", ""file_name"": ""BAWAG_PSK.apk"", ""file_size"": 1499716, ""first_seen"": ""2022-02-01 10:24:33"", ""note"": ""family signature match from MalwareBazaar (vendor measurement, not VT)"", ""signature"": ""Exobot"", ""source"": ""MalwareBazaar"", ""ssdeep"": ""24576:P6Hne54+ky8PuE4+Q6yHPQG3++IZZWd9DkfioF2h3ePq920q+IfjKNyAOIgvrjRy:ee5WPH4+ty9++IC9At2huS9jq+IrJIgM"", ""tags"": [""apk"", ""coper"", ""Exobot"", ""signed""]}"
mb-21a682236b420a5c,21a682236b420a5c2a172add811c5fc9630e7e00b39b99482b79179bf121b7fb,malicious,A,Octo / Coper / ExobotV2,fintech-targeting banking trojan (family documentation),"https://bazaar.abuse.ch/sample/21a682236b420a5c2a172add811c5fc9630e7e00b39b99482b79179bf121b7fb|{""family"": ""Octo / Coper / ExobotV2"", ""family_confidence"": ""A"", ""file_name"": ""BAWAG_PSK.apk"", ""file_size"": 1500481, ""first_seen"": ""2022-02-01 10:24:24"", ""note"": ""family signature match from MalwareBazaar (vendor measurement, not VT)"", ""signature"": ""Exobot"", ""source"": ""MalwareBazaar"", ""ssdeep"": ""24576:Mzc7f63WZXAVT5Ptf6WxlMzTh1HID3ePq920qmPvWqShHjrgvTsKc:d6m5AVVwWxl+Th1HquS9jqmPutxgvTdc"", ""tags"": [""apk"", ""coper"", ""Exobot"", ""signed""]}"
mb-841e432a41b96250,841e432a41b9625040704fd636d4fc3814a6d4193fa315cd78cfed9aa3991c04,malicious,A,Coper,fintech-targeting banking trojan (family documentation),"https://bazaar.abuse.ch/sample/841e432a41b9625040704fd636d4fc3814a6d4193fa315cd78cfed9aa3991c04|{""family"": ""Coper"", ""family_confidence"": ""A"", ""file_name"": ""841e432a41b9625040704fd636d4fc3814a6d4193fa315cd78cfed9aa3991c04.apk"", ""file_size"": 189275, ""first_seen"": ""2026-04-06 06:09:24"", ""note"": ""family signature match from MalwareBazaar (vendor measurement, not VT)"", ""signature"": ""Coper"", ""source"": ""MalwareBazaar"", ""ssdeep"": ""3072:k5lhQe0qu5d8kbdS65S/ecC2HQiINsYNr/FwLmbRULI6JzHPRM:k5l25iZWDIPIZBRchG"", ""tags"": [""apk"", ""coper""]}"
mb-dc2a780f6abb9f0e,dc2a780f6abb9f0ec0a6675f20acb91ebe2a8748297682a59daf9164fbea2ee8,malicious,A,Coper,fintech-targeting banking trojan (family documentation),"https://bazaar.abuse.ch/sample/dc2a780f6abb9f0ec0a6675f20acb91ebe2a8748297682a59daf9164fbea2ee8|{""family"": ""Coper"", ""family_confidence"": ""A"", ""file_name"": ""Chrome.apk"", ""file_size"": 2938129, ""first_seen"": ""2026-02-28 21:10:40"", ""note"": ""family signature match from MalwareBazaar (vendor measurement, not VT)"", ""signature"": ""Coper"", ""source"": ""MalwareBazaar"", ""ssdeep"": ""49152:8+PmTcc+j4+srCdSgqzVg2ZCXbkKw0/M62vEHGJogKjOAUPP9AWtyus7q/:8+sc14JWdEZpg9pMrvPJpKjOHtAWY4/"", ""tags"": [""apk"", ""coper"", ""FakeChrome"", ""Octo"", ""signed""]}"
mb-33ece8395604682f,33ece8395604682f2c428a5b7a11e562b836f44f7b6fbb0caaa84bfa80d0c8ff,malicious,A,Coper,fintech-targeting banking trojan (family documentation),"https://bazaar.abuse.ch/sample/33ece8395604682f2c428a5b7a11e562b836f44f7b6fbb0caaa84bfa80d0c8ff|{""family"": ""Coper"", ""family_confidence"": ""A"", ""file_name"": ""ChromeGuncelleme.apk"", ""file_size"": 1589920, ""first_seen"": ""2026-02-16 07:07:39"", ""note"": ""family signature match from MalwareBazaar (vendor measurement, not VT)"", ""signature"": ""Coper"", ""source"": ""MalwareBazaar"", ""ssdeep"": ""49152:qIqW8wg5u0Y/7UckVQ+g2pZR4UylW1vstKDd:AS/7UDe+gBw1vsY5"", ""tags"": [""apk"", ""BankBot"", ""banker"", ""coper""]}"
mb-73aef1d852c9c400,73aef1d852c9c4001b1a7db673e03417d30f489e56db5813a8757866c2641028,malicious,A,Coper,fintech-targeting banking trojan (family documentation),"https://bazaar.abuse.ch/sample/73aef1d852c9c4001b1a7db673e03417d30f489e56db5813a8757866c2641028|{""family"": ""Coper"", ""family_confidence"": ""A"", ""file_name"": ""fbcb539_foto_9W"", ""file_size"": 1176795, ""first_seen"": ""2026-02-03 06:56:37"", ""note"": ""family signature match from MalwareBazaar (vendor measurement, not VT)"", ""signature"": ""Coper"", ""source"": ""MalwareBazaar"", ""ssdeep"": ""24576:vYPbnCPYsewUKj7Aq2Op1WdtKNr7jnlTcke4uv+LppoPupWBD5FSCPskwqZO5fJ:vYPOPLewvIq5phpckd2KpuWpWN1XwqQh"", ""tags"": [""coper"", ""signed""]}"
mb-9a1ac04b85cc6f35,9a1ac04b85cc6f35cd83382f258254556a37f1fc314020dbecbde033caa00a8d,malicious,A,Coper,fintech-targeting banking trojan (family documentation),"https://bazaar.abuse.ch/sample/9a1ac04b85cc6f35cd83382f258254556a37f1fc314020dbecbde033caa00a8d|{""family"": ""Coper"", ""family_confidence"": ""A"", ""file_name"": ""faaa4dd_foto_9W"", ""file_size"": 1176811, ""first_seen"": ""2026-02-03 06:56:36"", ""note"": ""family signature match from MalwareBazaar (vendor measurement, not VT)"", ""signature"": ""Coper"", ""source"": ""MalwareBazaar"", ""ssdeep"": ""24576:reSZGnl9AYvfCuzPpcbdZkTgo3Zw1fZHC8eGWglohR607ww/n:reQm9AYvrDpcbdyh3Zw3feGVlWr/n"", ""tags"": [""coper"", ""signed""]}"
mb-faa774978f433683,faa774978f43368357f553a1e45a2f9465fcfa50c6c09dbf6004304db03bc641,malicious,A,Coper,fintech-targeting banking trojan (family documentation),"https://bazaar.abuse.ch/sample/faa774978f43368357f553a1e45a2f9465fcfa50c6c09dbf6004304db03bc641|{""family"": ""Coper"", ""family_confidence"": ""A"", ""file_name"": ""ea1022d_foto_9W"", ""file_size"": 1176799, ""first_seen"": ""2026-02-03 06:56:34"", ""note"": ""family signature match from MalwareBazaar (vendor measurement, not VT)"", ""signature"": ""Coper"", ""source"": ""MalwareBazaar"", ""ssdeep"": ""24576:yEqHqsHBdnSjJW/PdsPLCD5Gt8iWpPWvaOLynIiUeMrG:yEQqiH8JW/Pd4LCD5G4P8LjZeMrG"", ""tags"": [""coper"", ""signed""]}"
mb-dbcf1e78a34e7428,dbcf1e78a34e742832a2dbe46eec985ede3ff659c7f5801611c3b22b5a5cd379,malicious,A,Coper,fintech-targeting banking trojan (family documentation),"https://bazaar.abuse.ch/sample/dbcf1e78a34e742832a2dbe46eec985ede3ff659c7f5801611c3b22b5a5cd379|{""family"": ""Coper"", ""family_confidence"": ""A"", ""file_name"": ""e5b7d3d_foto_9W"", ""file_size"": 1172695, ""first_seen"": ""2026-02-03 06:56:33"", ""note"": ""family signature match from MalwareBazaar (vendor measurement, not VT)"", ""signature"": ""Coper"", ""source"": ""MalwareBazaar"", ""ssdeep"": ""24576:ewRJLETeaZ0dji4ClAvZ5SkkZ6lKlfZHZZn1XxlO3LRizddHb4Klq1P2mqpOzYA3:ewRJLETe11f5aiKlfBKLQdBluiczrvLr"", ""tags"": [""coper"", ""signed""]}"
mb-90ac64358498e62a,90ac64358498e62a5718e92d9ede7c7e0fb30aa39c6cc94d4ac38010208cc255,malicious,A,Coper,fintech-targeting banking trojan (family documentation),"https://bazaar.abuse.ch/sample/90ac64358498e62a5718e92d9ede7c7e0fb30aa39c6cc94d4ac38010208cc255|{""family"": ""Coper"", ""family_confidence"": ""A"", ""file_name"": ""e2a3c87_foto_9W"", ""file_size"": 1172703, ""first_seen"": ""2026-02-03 06:56:32"", ""note"": ""family signature match from MalwareBazaar (vendor measurement, not VT)"", ""signature"": ""Coper"", ""source"": ""MalwareBazaar"", ""ssdeep"": ""24576:+rhZZnWSoVMphwFT8y9wxPplquZKryDiX8ci3U3cF9WQIBI:+tZQS9wFT8WwxPLpgrWKQrWQaI"", ""tags"": [""coper"", ""signed""]}"
mb-bae41a16babbac0b,bae41a16babbac0bcf8280bf6a60c78331bfaf50b0b5c31cf6c55ac29c5c7c4a,malicious,A,Coper,fintech-targeting banking trojan (family documentation),"https://bazaar.abuse.ch/sample/bae41a16babbac0bcf8280bf6a60c78331bfaf50b0b5c31cf6c55ac29c5c7c4a|{""family"": ""Coper"", ""family_confidence"": ""A"", ""file_name"": ""e16fd4e_foto_9W"", ""file_size"": 1172691, ""first_seen"": ""2026-02-03 06:56:31"", ""note"": ""family signature match from MalwareBazaar (vendor measurement, not VT)"", ""signature"": ""Coper"", ""source"": ""MalwareBazaar"", ""ssdeep"": ""24576:XEKXnpeZS+XuA0TM096uuYevicDphNdIW4xghWZlUbASzPRN3W+84:XEK58S++A0glYuDcQbAMK4"", ""tags"": [""coper"", ""signed""]}"
mb-8c7dbb2080f2b862,8c7dbb2080f2b862026b2d755cb01c4b484c357c7aa5e053398ee6fe497c6374,malicious,A,Coper,fintech-targeting banking trojan (family documentation),"https://bazaar.abuse.ch/sample/8c7dbb2080f2b862026b2d755cb01c4b484c357c7aa5e053398ee6fe497c6374|{""family"": ""Coper"", ""family_confidence"": ""A"", ""file_name"": ""d800fb8_foto_9W"", ""file_size"": 1172691, ""first_seen"": ""2026-02-03 06:56:29"", ""note"": ""family signature match from MalwareBazaar (vendor measurement, not VT)"", ""signature"": ""Coper"", ""source"": ""MalwareBazaar"", ""ssdeep"": ""24576:uBdho0NZE8zLQhSp0DI02iXLGJH/tx8ENnaQAY7bA6JehmFJ/xh1zn9lc0Uco:uB3l/US10LqdtxUfYcmFJ/xh1xlc/co"", ""tags"": [""coper"", ""signed""]}"
mb-6ec479136b4fb680,6ec479136b4fb6809638e874d9d606f6d4b1f44a686f61954bb6883d548333fa,malicious,A,Coper,fintech-targeting banking trojan (family documentation),"https://bazaar.abuse.ch/sample/6ec479136b4fb6809638e874d9d606f6d4b1f44a686f61954bb6883d548333fa|{""family"": ""Coper"", ""family_confidence"": ""A"", ""file_name"": ""cc3fe1e_foto_9W"", ""file_size"": 1172699, ""first_seen"": ""2026-02-03 06:56:28"", ""note"": ""family signature match from MalwareBazaar (vendor measurement, not VT)"", ""signature"": ""Coper"", ""source"": ""MalwareBazaar"", ""ssdeep"": ""24576:kAnlNFgYUY+g+NtxxEMuyIURWNwLAV0QKPtycVS5kqZMMFrQmkvn5:kUNFgLY+jxxDvI6WeLAOPtyp+IM1mSn5"", ""tags"": [""coper"", ""signed""]}"
mb-88d598aa4b9272f1,88d598aa4b9272f14913d42937586992d0a5e35e656ca315e33ecaa81628f04c,malicious,A,Coper,fintech-targeting banking trojan (family documentation),"https://bazaar.abuse.ch/sample/88d598aa4b9272f14913d42937586992d0a5e35e656ca315e33ecaa81628f04c|{""family"": ""Coper"", ""family_confidence"": ""A"", ""file_name"": ""cc11763_foto_9W"", ""file_size"": 1176807, ""first_seen"": ""2026-02-03 06:56:27"", ""note"": ""family signature match from MalwareBazaar (vendor measurement, not VT)"", ""signature"": ""Coper"", ""source"": ""MalwareBazaar"", ""ssdeep"": ""24576:Gein+UweAK1WQIIq2fUooxM0DD/BiPIvwEilSRpb8YUax:GepeAgIIqdDEGTb8Lax"", ""tags"": [""coper"", ""signed""]}"
mb-e104e343d5d6db29,e104e343d5d6db290a76ac90d19917ff88d000bd891be7b9cdab1eb66525f8ea,malicious,A,Coper,fintech-targeting banking trojan (family documentation),"https://bazaar.abuse.ch/sample/e104e343d5d6db290a76ac90d19917ff88d000bd891be7b9cdab1eb66525f8ea|{""family"": ""Coper"", ""family_confidence"": ""A"", ""file_name"": ""cbd82a6_foto_9W"", ""file_size"": 1172699, ""first_seen"": ""2026-02-03 06:56:25"", ""note"": ""family signature match from MalwareBazaar (vendor measurement, not VT)"", ""signature"": ""Coper"", ""source"": ""MalwareBazaar"", ""ssdeep"": ""24576:cnno9eZhhTGDjTV794fCou/E8HF6J2WdtZMOYoHRCbGlQ:co98hEq/aAfdtaONCKlQ"", ""tags"": [""coper"", ""signed""]}"
mb-76798397118c81ed,76798397118c81edf2ef4588a60578a8700017afb98b040657b39cccdbe30009,malicious,A,Coper,fintech-targeting banking trojan (family documentation),"https://bazaar.abuse.ch/sample/76798397118c81edf2ef4588a60578a8700017afb98b040657b39cccdbe30009|{""family"": ""Coper"", ""family_confidence"": ""A"", ""file_name"": ""babcc7c_foto_9W"", ""file_size"": 1176803, ""first_seen"": ""2026-02-03 06:56:23"", ""note"": ""family signature match from MalwareBazaar (vendor measurement, not VT)"", ""signature"": ""Coper"", ""source"": ""MalwareBazaar"", ""ssdeep"": ""24576:9TevxnNtcvpaLXwK8pngGkbR/jaNKC9adqMHW8jT9OVsE1a2giUp:96vjtjwT1T0bmz5P8jMVskNgZp"", ""tags"": [""coper"", ""signed""]}"
mb-a126d643c83163c3,a126d643c83163c3cf7830de9cf2fc11b6b1eca77e10e0ce48e9e2edaaf2425e,malicious,A,Coper,fintech-targeting banking trojan (family documentation),"https://bazaar.abuse.ch/sample/a126d643c83163c3cf7830de9cf2fc11b6b1eca77e10e0ce48e9e2edaaf2425e|{""family"": ""Coper"", ""family_confidence"": ""A"", ""file_name"": ""b9dc7d0_foto_9W"", ""file_size"": 1172691, ""first_seen"": ""2026-02-03 06:56:22"", ""note"": ""family signature match from MalwareBazaar (vendor measurement, not VT)"", ""signature"": ""Coper"", ""source"": ""MalwareBazaar"", ""ssdeep"": ""24576:Ganw0hLBFuc7GbIBGXBiU9OEgnPr4BRs0jtKZx8MvFh4tLOh3bHytO:Gr2LBscqTXBVobP2RhtK/HCtLE3jytO"", ""tags"": [""coper"", ""signed""]}"
mb-b7273b4a1b2d2a96,b7273b4a1b2d2a968a890f363e256d6d6b8fdda6a63280e673262f221c76a1fc,malicious,A,Coper,fintech-targeting banking trojan (family documentation),"https://bazaar.abuse.ch/sample/b7273b4a1b2d2a968a890f363e256d6d6b8fdda6a63280e673262f221c76a1fc|{""family"": ""Coper"", ""family_confidence"": ""A"", ""file_name"": ""b6d6259_foto_9W"", ""file_size"": 1172711, ""first_seen"": ""2026-02-03 06:56:20"", ""note"": ""family signature match from MalwareBazaar (vendor measurement, not VT)"", ""signature"": ""Coper"", ""source"": ""MalwareBazaar"", ""ssdeep"": ""24576:fcMhcanYAFi1hFlX9R1N+J0hkrTkBVIeFfJCRkZdFnYc+MMQk1XIb7Ja:fcOcTAc1hFXTN+0Eg3tFJCgnYunk1XIQ"", ""tags"": [""coper"", ""signed""]}"
mb-3434bad9d01dad7a,3434bad9d01dad7ad4e7525a3936c527376699e3505e70171b083c1226f0e90c,malicious,A,Coper,fintech-targeting banking trojan (family documentation),"https://bazaar.abuse.ch/sample/3434bad9d01dad7ad4e7525a3936c527376699e3505e70171b083c1226f0e90c|{""family"": ""Coper"", ""family_confidence"": ""A"", ""file_name"": ""b69a147_foto_9W"", ""file_size"": 1176787, ""first_seen"": ""2026-02-03 06:56:19"", ""note"": ""family signature match from MalwareBazaar (vendor measurement, not VT)"", ""signature"": ""Coper"", ""source"": ""MalwareBazaar"", ""ssdeep"": ""24576:kuAhKnRpDw+fSfQUO2hFV59D14usPMgfHMEGJkKpBcj8M:kuSKu01T2rV5N1hskgPMHCnj8M"", ""tags"": [""coper"", ""signed""]}"
mb-80448bc12448336f,80448bc12448336f023d890b29ebf2a854f325ad010aa05d2f632870be9c8677,malicious,A,Coper,fintech-targeting banking trojan (family documentation),"https://bazaar.abuse.ch/sample/80448bc12448336f023d890b29ebf2a854f325ad010aa05d2f632870be9c8677|{""family"": ""Coper"", ""family_confidence"": ""A"", ""file_name"": ""aa8017e_foto_9W"", ""file_size"": 1172699, ""first_seen"": ""2026-02-03 06:56:17"", ""note"": ""family signature match from MalwareBazaar (vendor measurement, not VT)"", ""signature"": ""Coper"", ""source"": ""MalwareBazaar"", ""ssdeep"": ""24576:eHW8UxnZvGpsiOfCc2QfpwalQ/w4RSet3czpsWM2bnmFxgi//DWf0nEtr:eHW3veSCy1At30+fFxgiDw0Etr"", ""tags"": [""coper"", ""signed""]}"
mb-5f6016b9bcaf98d2,5f6016b9bcaf98d2276187b7ef74a1662bd7e21e610ebed2b2ce5a7aea799600,malicious,A,Coper,fintech-targeting banking trojan (family documentation),"https://bazaar.abuse.ch/sample/5f6016b9bcaf98d2276187b7ef74a1662bd7e21e610ebed2b2ce5a7aea799600|{""family"": ""Coper"", ""family_confidence"": ""A"", ""file_name"": ""a9e8baf_foto_9W"", ""file_size"": 1172699, ""first_seen"": ""2026-02-03 06:56:15"", ""note"": ""family signature match from MalwareBazaar (vendor measurement, not VT)"", ""signature"": ""Coper"", ""source"": ""MalwareBazaar"", ""ssdeep"": ""24576:Nx+n9I0cYBt183k+Bs6X7MlHUlrFxqO1zrexkqO2nCnAtC:NxBfYtq3kVEwilJxqwzreek+AC"", ""tags"": [""coper"", ""signed""]}"
mb-44ce621f601a8c68,44ce621f601a8c68f8984324e2883cb431adcae410a60a36f6f252ad5d0fd467,malicious,A,Coper,fintech-targeting banking trojan (family documentation),"https://bazaar.abuse.ch/sample/44ce621f601a8c68f8984324e2883cb431adcae410a60a36f6f252ad5d0fd467|{""family"": ""Coper"", ""family_confidence"": ""A"", ""file_name"": ""993ad9b_foto_9W"", ""file_size"": 1172691, ""first_seen"": ""2026-02-03 06:56:14"", ""note"": ""family signature match from MalwareBazaar (vendor measurement, not VT)"", ""signature"": ""Coper"", ""source"": ""MalwareBazaar"", ""ssdeep"": ""24576:BdrU46jPLMC1Gr+IXS7BqNaKdEPo2GHIcpLUeqmgaA0+/m4q1lEGEmndkMYmwKP:BdrbaDMC1TIXS7EaMHIIALmgaC/alEGd"", ""tags"": [""coper"", ""signed""]}"
mb-97886afc752048f8,97886afc752048f8d8044120044ac7396e50b78b74b7e0077b8881b4eee7da6a,malicious,A,Coper,fintech-targeting banking trojan (family documentation),"https://bazaar.abuse.ch/sample/97886afc752048f8d8044120044ac7396e50b78b74b7e0077b8881b4eee7da6a|{""family"": ""Coper"", ""family_confidence"": ""A"", ""file_name"": ""8d38e55_foto_9W"", ""file_size"": 1172695, ""first_seen"": ""2026-02-03 06:56:12"", ""note"": ""family signature match from MalwareBazaar (vendor measurement, not VT)"", ""signature"": ""Coper"", ""source"": ""MalwareBazaar"", ""ssdeep"": ""24576:u2s0n5NiMPOS31a4+nDQ5ctvW/Dqg/HEdCXdZ+T134/0AILIq82T:u2soNBrGnEUvW7r/kCXcI/LILIq8C"", ""tags"": [""coper"", ""signed""]}"
mb-5a2306804771a975,5a2306804771a975f692d6cc1cbaf06af1b86273301b3af8069f4d36a27d3866,malicious,A,Coper,fintech-targeting banking trojan (family documentation),"https://bazaar.abuse.ch/sample/5a2306804771a975f692d6cc1cbaf06af1b86273301b3af8069f4d36a27d3866|{""family"": ""Coper"", ""family_confidence"": ""A"", ""file_name"": ""8959532_foto_9W"", ""file_size"": 1176811, ""first_seen"": ""2026-02-03 06:56:10"", ""note"": ""family signature match from MalwareBazaar (vendor measurement, not VT)"", ""signature"": ""Coper"", ""source"": ""MalwareBazaar"", ""ssdeep"": ""24576:xVLQn405DSCmMEp7OYMkkzOf+3H6V85h532hDXwF6HumDcB4pD1mN+eZL:xVlaDMMEpOXz++36V85h58Xq6tDvD1md"", ""tags"": [""coper"", ""signed""]}"
mb-44612fabf9a13d78,44612fabf9a13d78f845f0932c6f332647684c8017f5a8410ec24b483a186e27,malicious,A,Coper,fintech-targeting banking trojan (family documentation),"https://bazaar.abuse.ch/sample/44612fabf9a13d78f845f0932c6f332647684c8017f5a8410ec24b483a186e27|{""family"": ""Coper"", ""family_confidence"": ""A"", ""file_name"": ""86e7a16_foto_9W"", ""file_size"": 1172715, ""first_seen"": ""2026-02-03 06:56:09"", ""note"": ""family signature match from MalwareBazaar (vendor measurement, not VT)"", ""signature"": ""Coper"", ""source"": ""MalwareBazaar"", ""ssdeep"": ""24576:NonTeZ1YutZEkLh9+DpGzuyq/0i08h9s+5bkUl37YsyEv4lBkZwSXn+K2izLCQ+I:N681YuvEkH+Dpqrq8l8h2SR37Ysvv4la"", ""tags"": [""coper"", ""signed""]}"
mb-fcf61a8a80a61ffb,fcf61a8a80a61ffb6c29ae60f334cbb9d9054026576a873b9d1a71013c8d0737,malicious,A,Coper,fintech-targeting banking trojan (family documentation),"https://bazaar.abuse.ch/sample/fcf61a8a80a61ffb6c29ae60f334cbb9d9054026576a873b9d1a71013c8d0737|{""family"": ""Coper"", ""family_confidence"": ""A"", ""file_name"": ""8524dcd_foto_9W"", ""file_size"": 1176795, ""first_seen"": ""2026-02-03 06:56:08"", ""note"": ""family signature match from MalwareBazaar (vendor measurement, not VT)"", ""signature"": ""Coper"", ""source"": ""MalwareBazaar"", ""ssdeep"": ""24576:XZ/XEABhs2FmRpLWw5JeuPcOqeQyN34qdgpuB7WL9wMRpnPdqJ+It:XZ/Xfcr5PPcD+NHdgpuBWL9wKBdI+It"", ""tags"": [""coper"", ""signed""]}"
mb-a4fd3292b7bc5800,a4fd3292b7bc5800f8d9b3a3e4c6a757daeb0800cae762cf2294012cee5604f5,malicious,A,Coper,fintech-targeting banking trojan (family documentation),"https://bazaar.abuse.ch/sample/a4fd3292b7bc5800f8d9b3a3e4c6a757daeb0800cae762cf2294012cee5604f5|{""family"": ""Coper"", ""family_confidence"": ""A"", ""file_name"": ""7a62c62_foto_9W"", ""file_size"": 1172703, ""first_seen"": ""2026-02-03 06:56:06"", ""note"": ""family signature match from MalwareBazaar (vendor measurement, not VT)"", ""signature"": ""Coper"", ""source"": ""MalwareBazaar"", ""ssdeep"": ""24576:ka4kUBn3lXv/EWmGEgoAKRGcCb+0WSBIJMRqXPJfvJdPPukV5D:krvtpvhm57C7BIJMRQPlLPmkjD"", ""tags"": [""coper"", ""signed""]}"
mb-b9ddc7c5f9adbf01,b9ddc7c5f9adbf012494ab258acd80ab35311b52e3b28f2a78a1d8dad75ab259,malicious,A,Crocodilus,fintech-targeting banking trojan (family documentation),"https://bazaar.abuse.ch/sample/b9ddc7c5f9adbf012494ab258acd80ab35311b52e3b28f2a78a1d8dad75ab259|{""family"": ""Crocodilus"", ""family_confidence"": ""A"", ""file_name"": ""MagicStyle.apk"", ""file_size"": 1883155, ""first_seen"": ""2025-05-31 19:11:45"", ""note"": ""family signature match from MalwareBazaar (vendor measurement, not VT)"", ""signature"": ""Crocodilus"", ""source"": ""MalwareBazaar"", ""ssdeep"": ""49152:Ugm1ZF1wBfQ2u8lsKxm+YgNZzjySLXlk+gt9vGDqg31474B:O7Sfacm0NJNgt9vGN312q"", ""tags"": [""apk"", ""Crocodilus""]}"
mb-801f956057aa608c,801f956057aa608c7393b2fcca9b731c610c6bd5e14f4f3c1d64e8f211828319,malicious,A,Crocodilus,fintech-targeting banking trojan (family documentation),"https://bazaar.abuse.ch/sample/801f956057aa608c7393b2fcca9b731c610c6bd5e14f4f3c1d64e8f211828319|{""family"": ""Crocodilus"", ""family_confidence"": ""A"", ""file_name"": ""IKO Lokata.apk"", ""file_size"": 2269076, ""first_seen"": ""2025-05-31 19:11:33"", ""note"": ""family signature match from MalwareBazaar (vendor measurement, not VT)"", ""signature"": ""Crocodilus"", ""source"": ""MalwareBazaar"", ""ssdeep"": ""49152:6gm4T9f5tL0fFCldC15ZqD1HwH8T8NSxVwOxCYVYgVpwxXMYbz:V5fg8jKqt8IxC3gVpIXMM"", ""tags"": [""apk"", ""Crocodilus""]}"
mb-545fb5d571cab5d8,545fb5d571cab5d861d1259d4c31cd292795189aee79041821c9d9221c570e9c,malicious,A,Crocodilus,fintech-targeting banking trojan (family documentation),"https://bazaar.abuse.ch/sample/545fb5d571cab5d861d1259d4c31cd292795189aee79041821c9d9221c570e9c|{""family"": ""Crocodilus"", ""family_confidence"": ""A"", ""file_name"": ""Chrome.apk"", ""file_size"": 3056452, ""first_seen"": ""2025-05-31 19:11:23"", ""note"": ""family signature match from MalwareBazaar (vendor measurement, not VT)"", ""signature"": ""Crocodilus"", ""source"": ""MalwareBazaar"", ""ssdeep"": ""49152:P9vMXP/7TElIy2X4IwWHej+0rBA3yuZG/AK/wZ9avNdgLIZIqScjO06/kSb8XMF+:lvET4lRhZae9ry3yuZG/d/BvNRBScC0x"", ""tags"": [""apk"", ""Crocodilus""]}"
mb-0178782131396a7f,0178782131396a7fe379de4a244a6bc7896646fdbf824fcb8cb815efe1ac2d81,malicious,A,Crocodilus,fintech-targeting banking trojan (family documentation),"https://bazaar.abuse.ch/sample/0178782131396a7fe379de4a244a6bc7896646fdbf824fcb8cb815efe1ac2d81|{""family"": ""Crocodilus"", ""family_confidence"": ""A"", ""file_name"": ""Allegro kupony.apk"", ""file_size"": 2154045, ""first_seen"": ""2025-05-31 19:11:13"", ""note"": ""family signature match from MalwareBazaar (vendor measurement, not VT)"", ""signature"": ""Crocodilus"", ""source"": ""MalwareBazaar"", ""ssdeep"": ""49152:Qgm0OZ8z+8dmtXdJIld9nz3ApbZ9GdiPQLAVvLrihCz:Pe8B8X2du2wPQLAVris"", ""tags"": [""apk"", ""Crocodilus""]}"
mb-c8dcf4ee90bbfbd5,c8dcf4ee90bbfbd52c182aa80974381871fbc2f9b34b4e81dbcc4eed9777212e,malicious,A,Crocodilus,fintech-targeting banking trojan (family documentation),"https://bazaar.abuse.ch/sample/c8dcf4ee90bbfbd52c182aa80974381871fbc2f9b34b4e81dbcc4eed9777212e|{""family"": ""Crocodilus"", ""family_confidence"": ""A"", ""file_name"": ""rVwMwHK.apk"", ""file_size"": 2277512, ""first_seen"": ""2025-05-31 13:15:14"", ""note"": ""family signature match from MalwareBazaar (vendor measurement, not VT)"", ""signature"": ""Crocodilus"", ""source"": ""MalwareBazaar"", ""ssdeep"": ""49152:NgmxffHxRfadELjtNOMIZXLttqmENqbpU5Mub1MyUinCEB3kOA5Drz:TffRRYELjzObZXLjqviU5MQ1VZB0OApn"", ""tags"": [""apk"", ""Crocodilus""]}"
mb-6d55d90d021b0980,6d55d90d021b0980528f56d040e78fa7b85a96f5c244e23f330f24c8e80c1cb2,malicious,A,Crocodilus,fintech-targeting banking trojan (family documentation),"https://bazaar.abuse.ch/sample/6d55d90d021b0980528f56d040e78fa7b85a96f5c244e23f330f24c8e80c1cb2|{""family"": ""Crocodilus"", ""family_confidence"": ""A"", ""file_name"": ""IKO.apk"", ""file_size"": 1961072, ""first_seen"": ""2025-05-29 15:24:40"", ""note"": ""family signature match from MalwareBazaar (vendor measurement, not VT)"", ""signature"": ""Crocodilus"", ""source"": ""MalwareBazaar"", ""ssdeep"": ""49152:egmegaJXIOWmzfTCK47eg6UXczSl3MIIvnO36G8:X9YIzu3egnXczS5MIQnl"", ""tags"": [""apk"", ""Crocodilus""]}"
mb-e40dc70d94e13e7f,e40dc70d94e13e7fc1a58c9b940591bc01c1c37641f2ee61737c7625aa467c02,malicious,A,ToxicPanda / TgToxic,overlay/accessibility trojan documented to target fintech apps,"https://bazaar.abuse.ch/sample/e40dc70d94e13e7fc1a58c9b940591bc01c1c37641f2ee61737c7625aa467c02|{""family"": ""ToxicPanda / TgToxic"", ""family_confidence"": ""A"", ""file_name"": ""67a7491b154ac_Agoda.apk"", ""file_size"": 5104244, ""first_seen"": ""2025-02-10 17:48:28"", ""note"": ""family signature match from MalwareBazaar (vendor measurement, not VT)"", ""signature"": ""TgToxic"", ""source"": ""MalwareBazaar"", ""ssdeep"": ""98304:13mUMdkaoLKauoKPCGKyiruNyQENzOOPsAjbO8RDvfKM:13mUEpauoKx5RKrUAj6EfKM"", ""tags"": [""Agoda"", ""android"", ""apk"", ""malware"", ""TgToxic""]}"
mb-fde931224d2e558e,fde931224d2e558e67ac8c9c0c1d0aac4f7562622a67870d6c3024bdeb851676,malicious,A,ToxicPanda / TgToxic,overlay/accessibility trojan documented to target fintech apps,"https://bazaar.abuse.ch/sample/fde931224d2e558e67ac8c9c0c1d0aac4f7562622a67870d6c3024bdeb851676|{""family"": ""ToxicPanda / TgToxic"", ""family_confidence"": ""A"", ""file_name"": ""no_dropper.apk"", ""file_size"": 3668492, ""first_seen"": ""2025-01-07 21:10:39"", ""note"": ""family signature match from MalwareBazaar (vendor measurement, not VT)"", ""signature"": ""TgToxic"", ""source"": ""MalwareBazaar"", ""ssdeep"": ""98304:21y8VlJ8f7H8/jRRb4A1RtZLrqOfLDcjzm:ay8V38zH8PbptZL3zDc/m"", ""tags"": [""apk"", ""TgToxic""]}"
mb-94694e56c6d22a01,94694e56c6d22a0115a3dc615597f5e24a5f844fb5a250a4b71f673cfc2d0d02,malicious,A,ToxicPanda / TgToxic,overlay/accessibility trojan documented to target fintech apps,"https://bazaar.abuse.ch/sample/94694e56c6d22a0115a3dc615597f5e24a5f844fb5a250a4b71f673cfc2d0d02|{""family"": ""ToxicPanda / TgToxic"", ""family_confidence"": ""A"", ""file_name"": ""dropper.apk"", ""file_size"": 4924081, ""first_seen"": ""2025-01-07 21:10:21"", ""note"": ""family signature match from MalwareBazaar (vendor measurement, not VT)"", ""signature"": ""TgToxic"", ""source"": ""MalwareBazaar"", ""ssdeep"": ""98304:U3mUMdkaoLKauoycvBMORRsc96MmXXYWL9RtNFk6P+xvDfDdI:U3mUEpauoFZf0c9pYRRtNH6lI"", ""tags"": [""apk"", ""TgToxic""]}"
mb-377f07b92d33e0ea,377f07b92d33e0ea9d7cfe3c288e19df2be8555154bdb1141b82a87d068a0cf7,malicious,A,ToxicPanda / TgToxic,overlay/accessibility trojan documented to target fintech apps,"https://bazaar.abuse.ch/sample/377f07b92d33e0ea9d7cfe3c288e19df2be8555154bdb1141b82a87d068a0cf7|{""family"": ""ToxicPanda / TgToxic"", ""family_confidence"": ""A"", ""file_name"": ""DJP.apk"", ""file_size"": 3877846, ""first_seen"": ""2024-12-20 16:27:23"", ""note"": ""family signature match from MalwareBazaar (vendor measurement, not VT)"", ""signature"": ""TgToxic"", ""source"": ""MalwareBazaar"", ""ssdeep"": ""98304:p1y8VfJ2nSi+s+OZm41gFvWMfz/L2ci5eR:Hy8Vx2ndLIWQT2cweR"", ""tags"": [""android"", ""apk"", ""TgToxic""]}"
mb-3d52b5728af55c37,3d52b5728af55c37d5bd74c3f9b7e9ea6b007a9ec202a648ce3dc7e37ff49b29,malicious,A,ToxicPanda / TgToxic,overlay/accessibility trojan documented to target fintech apps,"https://bazaar.abuse.ch/sample/3d52b5728af55c37d5bd74c3f9b7e9ea6b007a9ec202a648ce3dc7e37ff49b29|{""family"": ""ToxicPanda / TgToxic"", ""family_confidence"": ""A"", ""file_name"": ""dropper.apk"", ""file_size"": 5075578, ""first_seen"": ""2024-12-13 11:31:55"", ""note"": ""family signature match from MalwareBazaar (vendor measurement, not VT)"", ""signature"": ""TgToxic"", ""source"": ""MalwareBazaar"", ""ssdeep"": ""98304:u3mUMdkaoLKauoXy/1CHceA8PehYttGrcKvvJO+g:u3mUEpauoXaw7A8PCYt6c4v/g"", ""tags"": [""android"", ""apk"", ""malware"", ""TgToxic"", ""trojan""]}"
mb-f984ad6b075426be,f984ad6b075426be8dda2f28e1212d5c070fb92318d6590ab4436427aa556730,malicious,A,ToxicPanda / TgToxic,overlay/accessibility trojan documented to target fintech apps,"https://bazaar.abuse.ch/sample/f984ad6b075426be8dda2f28e1212d5c070fb92318d6590ab4436427aa556730|{""family"": ""ToxicPanda / TgToxic"", ""family_confidence"": ""A"", ""file_name"": ""dropper.apk"", ""file_size"": 5071522, ""first_seen"": ""2024-12-11 10:41:44"", ""note"": ""family signature match from MalwareBazaar (vendor measurement, not VT)"", ""signature"": ""TgToxic"", ""source"": ""MalwareBazaar"", ""ssdeep"": ""98304:m3mUMdkaoLKauowdapCAx/MV3REvmXbGH+wIsFKX5+:m3mUEpauowdwCApvmLOI0U+"", ""tags"": [""apk"", ""cuenta-ntflx-com"", ""TgToxic""]}"
mb-12d94320a25c1496,12d94320a25c1496ae3c7d326e07d4d92d34381d7b821f58ef9f4e135612c6d8,malicious,A,ToxicPanda / TgToxic,overlay/accessibility trojan documented to target fintech apps,"https://bazaar.abuse.ch/sample/12d94320a25c1496ae3c7d326e07d4d92d34381d7b821f58ef9f4e135612c6d8|{""family"": ""ToxicPanda / TgToxic"", ""family_confidence"": ""A"", ""file_name"": ""no_dropper.apk"", ""file_size"": 3816330, ""first_seen"": ""2024-12-11 10:41:35"", ""note"": ""family signature match from MalwareBazaar (vendor measurement, not VT)"", ""signature"": ""TgToxic"", ""source"": ""MalwareBazaar"", ""ssdeep"": ""98304:Yg1y8VpuJVX9wmPqE2kmggcjIV6IldYpJJtYkCufNSAkLCjzLi:Hy8VpuJVrqE2k9gcjI1EJSkCuVSBC/+"", ""tags"": [""apk"", ""cuenta-ntflx-com"", ""TgToxic""]}"
mb-f4d7e9ec4eda034c,f4d7e9ec4eda034c29b8d73d479084658858f56e67909c2ffedf9223d7ca9bd2,malicious,A,Vultur,fintech-targeting banking trojan (family documentation),"https://bazaar.abuse.ch/sample/f4d7e9ec4eda034c29b8d73d479084658858f56e67909c2ffedf9223d7ca9bd2|{""family"": ""Vultur"", ""family_confidence"": ""A"", ""file_name"": ""8e83d178c1a3b9da0c71c613e2c77647.apk"", ""file_size"": 2191141, ""first_seen"": ""2025-04-22 09:59:02"", ""note"": ""family signature match from MalwareBazaar (vendor measurement, not VT)"", ""signature"": ""Vultur"", ""source"": ""MalwareBazaar"", ""ssdeep"": ""49152:UNcP5pC2iTBlopY6iG8Mm1eDiIzEFsZbpV:5mTBlUxCiiIzEFsZlV"", ""tags"": [""android"", ""apk"", ""trojan"", ""vultur""]}"
mb-3853c41d87d5aa64,3853c41d87d5aa64abe9a52cd1b1fb5e6abada57a06289c9ba9172b5036740b2,malicious,A,Vultur,fintech-targeting banking trojan (family documentation),"https://bazaar.abuse.ch/sample/3853c41d87d5aa64abe9a52cd1b1fb5e6abada57a06289c9ba9172b5036740b2|{""family"": ""Vultur"", ""family_confidence"": ""A"", ""file_name"": ""MECB_251024.apk"", ""file_size"": 96202221, ""first_seen"": ""2024-11-04 13:31:12"", ""note"": ""family signature match from MalwareBazaar (vendor measurement, not VT)"", ""signature"": ""Vultur"", ""source"": ""MalwareBazaar"", ""ssdeep"": ""1572864:bw8MZBqVH7ksjQQ7fbEo9PCxyCPrgToiMaSr9vvfwbq2tCGfir676HhVSql8:0zHqVH7ksUQ7j3CxyCPNDzr9vvfwbhCy"", ""tags"": [""apk"", ""signed"", ""vultur""]}"
mb-26f9e19c2a82d2ed,26f9e19c2a82d2ed4d940c2ec535ff2aba8583ae3867502899a7790fe3628400,malicious,A,Vultur,fintech-targeting banking trojan (family documentation),"https://bazaar.abuse.ch/sample/26f9e19c2a82d2ed4d940c2ec535ff2aba8583ae3867502899a7790fe3628400|{""family"": ""Vultur"", ""family_confidence"": ""A"", ""file_name"": ""McAfee_Security.apk"", ""file_size"": 58457910, ""first_seen"": ""2024-07-09 09:24:00"", ""note"": ""family signature match from MalwareBazaar (vendor measurement, not VT)"", ""signature"": ""Vultur"", ""source"": ""MalwareBazaar"", ""ssdeep"": ""1572864:mtcGa/4E8BtUm2hF8lCHH5rQAYrSvn60SKnL53dkaZDFu:fGE6tahKYHZr3X/9D8"", ""tags"": [""apk"", ""signed"", ""vultur""]}"
mb-ef04b246dc6c3ba6,ef04b246dc6c3ba619994cdbbaf010833d7164ef98d3ef04696223a132b793da,malicious,A,Vultur,fintech-targeting banking trojan (family documentation),"https://bazaar.abuse.ch/sample/ef04b246dc6c3ba619994cdbbaf010833d7164ef98d3ef04696223a132b793da|{""family"": ""Vultur"", ""family_confidence"": ""A"", ""file_name"": ""McAfee_Security.apk"", ""file_size"": 4095458, ""first_seen"": ""2024-07-09 07:45:44"", ""note"": ""family signature match from MalwareBazaar (vendor measurement, not VT)"", ""signature"": ""Vultur"", ""source"": ""MalwareBazaar"", ""ssdeep"": ""49152:Qe3ISOzst8qeCZ7w0+Ht3YIAQfvpIWAkoYXgC1PkxLHQfCHG3+FJNPbZA1v8SXT:Qe3ISOzAI6w0kIgfvVA9IPhfCHM8Sj"", ""tags"": [""apk"", ""vultur""]}"
mb-14f8c7b4b5cca8e0,14f8c7b4b5cca8e02598309a1192d51f241ea68192c3cab5fb4ab9399d75f505,malicious,A,Vultur,fintech-targeting banking trojan (family documentation),"https://bazaar.abuse.ch/sample/14f8c7b4b5cca8e02598309a1192d51f241ea68192c3cab5fb4ab9399d75f505|{""family"": ""Vultur"", ""family_confidence"": ""A"", ""file_name"": ""MyVIP_Protect_052024.apk"", ""file_size"": 60125339, ""first_seen"": ""2024-07-09 07:44:55"", ""note"": ""family signature match from MalwareBazaar (vendor measurement, not VT)"", ""signature"": ""Vultur"", ""source"": ""MalwareBazaar"", ""ssdeep"": ""1572864:DtAhrhm//E8W9Py+qzh5CHo8aQAwrtvn6oVonLqQW3ka3bWBM:ih9Qy91qNEHda3aUqvWm"", ""tags"": [""apk"", ""signed"", ""vultur""]}"
mb-4ff779aae25dd9b6,4ff779aae25dd9b690d8d889ada3b2d76555393ad456cbcb00c73f580b76313a,malicious,A,Vultur,fintech-targeting banking trojan (family documentation),"https://bazaar.abuse.ch/sample/4ff779aae25dd9b690d8d889ada3b2d76555393ad456cbcb00c73f580b76313a|{""family"": ""Vultur"", ""family_confidence"": ""A"", ""file_name"": ""MECB.2024.apk"", ""file_size"": 60129435, ""first_seen"": ""2024-07-09 07:41:38"", ""note"": ""family signature match from MalwareBazaar (vendor measurement, not VT)"", ""signature"": ""Vultur"", ""source"": ""MalwareBazaar"", ""ssdeep"": ""1572864:UtZhrh4/iE8ZlgBgE15LCHCAwQAwrVvn6sKenLe3KkaKjPVP:Eh9KwlBE7+HPw3+jMPd"", ""tags"": [""apk"", ""signed"", ""vultur""]}"
mb-bca6f9f22b2045e8,bca6f9f22b2045e8218f07dd76ce2759fa21e542c2e76e3733fed99153207d39,malicious,A,Vultur,fintech-targeting banking trojan (family documentation),"https://bazaar.abuse.ch/sample/bca6f9f22b2045e8218f07dd76ce2759fa21e542c2e76e3733fed99153207d39|{""family"": ""Vultur"", ""family_confidence"": ""A"", ""file_name"": ""bca6f9f22b2045e8218f07dd76ce2759fa21e542c2e76e3733fed99153207d39"", ""file_size"": 6131098, ""first_seen"": ""2023-03-13 16:29:23"", ""note"": ""family signature match from MalwareBazaar (vendor measurement, not VT)"", ""signature"": ""Vultur"", ""source"": ""MalwareBazaar"", ""ssdeep"": ""98304:EgiIvcu29mdcb98q1VcpaBinSRjIoSv1itdiqZU5ZVObdOwZB8LxyfrrZc2IVbi:EXu2l8IicISRMPitdHZEZVObdOwZB8LS"", ""tags"": [""android"", ""apk"", ""dropper"", ""vultur"", ""zip""]}"
mb-e907e2a4dc7455d0,e907e2a4dc7455d068b1f5a28fbda8ea8abdb30e0c19a6200083ad2fb607961d,malicious,A,Vultur,fintech-targeting banking trojan (family documentation),"https://bazaar.abuse.ch/sample/e907e2a4dc7455d068b1f5a28fbda8ea8abdb30e0c19a6200083ad2fb607961d|{""family"": ""Vultur"", ""family_confidence"": ""A"", ""file_name"": ""E907E2A4DC7455D068B1F5A28FBDA8EA8ABDB30E0C19A6200083AD2FB607961D.apk"", ""file_size"": 2245401, ""first_seen"": ""2023-03-13 16:26:38"", ""note"": ""family signature match from MalwareBazaar (vendor measurement, not VT)"", ""signature"": ""Vultur"", ""source"": ""MalwareBazaar"", ""ssdeep"": ""49152:Bm0ADPUYZO0HquBpyJc/IhnzTKdpN/heuPgW0:ctMUTBMJIIFwQum"", ""tags"": [""android"", ""apk"", ""vultur""]}"
mb-4c950bb7556d287b,4c950bb7556d287bb740e7dcadabbb46d467df25a3309e664a8255c18b1715b0,malicious,A,Vultur,fintech-targeting banking trojan (family documentation),"https://bazaar.abuse.ch/sample/4c950bb7556d287bb740e7dcadabbb46d467df25a3309e664a8255c18b1715b0|{""family"": ""Vultur"", ""family_confidence"": ""A"", ""file_name"": ""Recover Audio, Images & Videos_21.0_apkcombo.com.apk"", ""file_size"": 3454589, ""first_seen"": ""2022-10-14 13:30:22"", ""note"": ""family signature match from MalwareBazaar (vendor measurement, not VT)"", ""signature"": ""Vultur"", ""source"": ""MalwareBazaar"", ""ssdeep"": ""98304:jHHLiOT22gyZ30Ay1QXjgJOClzF/QxWp3RPGfry2y:7LxT22LZiQXjgJOCjQxWb"", ""tags"": [""apk"", ""signed"", ""vultur""]}"
mb-d0279f6afa15e292,d0279f6afa15e29234f752229e9b91312fc118f1c73971a2042e163d586c3792,malicious,A,Cerberus / Alien / ERMAC,fintech-targeting banking trojan (family documentation),"https://bazaar.abuse.ch/sample/d0279f6afa15e29234f752229e9b91312fc118f1c73971a2042e163d586c3792|{""family"": ""Cerberus / Alien / ERMAC"", ""family_confidence"": ""A"", ""file_name"": ""inatboxtv15.apk"", ""file_size"": 1067277, ""first_seen"": ""2025-06-25 09:14:16"", ""note"": ""family signature match from MalwareBazaar (vendor measurement, not VT)"", ""signature"": ""ERMAC"", ""source"": ""MalwareBazaar"", ""ssdeep"": ""12288:43wlgApVDiUKHWnniOTEMz3P4Gj3L21kXKaRbUdI5o2xdrl8qITvCQkPpzaP8X:43KgScUKH2n/TEzaakAdUl8q6uX"", ""tags"": [""apk"", ""Ermac"", ""signed""]}"
mb-14b005352c07490b,14b005352c07490b3689ac4eb187eb68d2b50cd135e57e1bca2f3469b10e2dd5,malicious,A,Cerberus / Alien / ERMAC,fintech-targeting banking trojan (family documentation),"https://bazaar.abuse.ch/sample/14b005352c07490b3689ac4eb187eb68d2b50cd135e57e1bca2f3469b10e2dd5|{""family"": ""Cerberus / Alien / ERMAC"", ""family_confidence"": ""A"", ""file_name"": ""d6365924607d333ff864dab3fbbdcd015af784f8"", ""file_size"": 2922654, ""first_seen"": ""2024-11-02 20:28:47"", ""note"": ""family signature match from MalwareBazaar (vendor measurement, not VT)"", ""signature"": ""ERMAC"", ""source"": ""MalwareBazaar"", ""ssdeep"": ""49152:wg/b8dl3tUGfjqejT3C9RQGk2v5GfmvJZtwLZGoAVSLD8Ib:lgl3tb7rPSoyvQsNwNucgIb"", ""tags"": [""apk"", ""Ermac"", ""hook""]}"
mb-7a4238fc6f5d3c77,7a4238fc6f5d3c7731c2eb33911298eaa36986040858af56e76628c5dc83e265,malicious,A,Cerberus / Alien / ERMAC,fintech-targeting banking trojan (family documentation),"https://bazaar.abuse.ch/sample/7a4238fc6f5d3c7731c2eb33911298eaa36986040858af56e76628c5dc83e265|{""family"": ""Cerberus / Alien / ERMAC"", ""family_confidence"": ""A"", ""file_name"": ""ERMAK.apk"", ""file_size"": 1026443, ""first_seen"": ""2024-06-27 17:28:33"", ""note"": ""family signature match from MalwareBazaar (vendor measurement, not VT)"", ""signature"": ""ERMAC"", ""source"": ""MalwareBazaar"", ""ssdeep"": ""24576:/1GA92E9imQxV4ffopXIzJs/d8zd8ld8Cd8ed83d8Ad8Ld8Od87d85+p:/wA9c/4fSgp"", ""tags"": [""apk"", ""Ermac"", ""signed""]}"
mb-ae502f67782e9cc2,ae502f67782e9cc2a6e33b868f14467f3dabf126e868a8e10a68aa2ddd4092e1,malicious,A,Cerberus / Alien / ERMAC,fintech-targeting banking trojan (family documentation),"https://bazaar.abuse.ch/sample/ae502f67782e9cc2a6e33b868f14467f3dabf126e868a8e10a68aa2ddd4092e1|{""family"": ""Cerberus / Alien / ERMAC"", ""family_confidence"": ""A"", ""file_name"": ""ad778bfe6c0181150b911cae0e337c34"", ""file_size"": 1500103, ""first_seen"": ""2024-05-01 19:23:34"", ""note"": ""family signature match from MalwareBazaar (vendor measurement, not VT)"", ""signature"": ""ERMAC"", ""source"": ""MalwareBazaar"", ""ssdeep"": ""24576:dy4aWm817mELfPR5NuKGdpmVfgZFrNqxD01o+oPTyEZcfPR1mjGTgp9XN/4zgdi4:naWlfjNuPGxgZFpqxDSBycX6GTgp9dzN"", ""tags"": [""apk"", ""Ermac"", ""zip""]}"
mb-32e4dee58ea17add,32e4dee58ea17addc5df4ffb862ab3a8df1697598cb6437f92de4075665812c2,malicious,A,Cerberus / Alien / ERMAC,fintech-targeting banking trojan (family documentation),"https://bazaar.abuse.ch/sample/32e4dee58ea17addc5df4ffb862ab3a8df1697598cb6437f92de4075665812c2|{""family"": ""Cerberus / Alien / ERMAC"", ""family_confidence"": ""A"", ""file_name"": ""d59a4848b584fdd93eb3d0b554a8df58"", ""file_size"": 1499475, ""first_seen"": ""2024-05-01 19:23:16"", ""note"": ""family signature match from MalwareBazaar (vendor measurement, not VT)"", ""signature"": ""ERMAC"", ""source"": ""MalwareBazaar"", ""ssdeep"": ""24576:UsMX7QNP9BBPhW70qVZybbQe7mPbDYxNR18jregpfOV/4zgdfw:UjodEIqqXQe7ag/8regpfWzd4"", ""tags"": [""apk"", ""Ermac"", ""zip""]}"
mb-d5ca7ba75cfb8fd7,d5ca7ba75cfb8fd76929c1b8f6547780d8305a6654b6423124d380ff59b0d1c9,malicious,A,Cerberus / Alien / ERMAC,fintech-targeting banking trojan (family documentation),"https://bazaar.abuse.ch/sample/d5ca7ba75cfb8fd76929c1b8f6547780d8305a6654b6423124d380ff59b0d1c9|{""family"": ""Cerberus / Alien / ERMAC"", ""family_confidence"": ""A"", ""file_name"": ""dbf98b9b54fdd429ceb18b35158e44d4"", ""file_size"": 1501671, ""first_seen"": ""2024-05-01 19:17:51"", ""note"": ""family signature match from MalwareBazaar (vendor measurement, not VT)"", ""signature"": ""ERMAC"", ""source"": ""MalwareBazaar"", ""ssdeep"": ""24576:My/WPvDL4292BzHVFYixHq9bYHfumO9dRuKKiwBUH27m8AdWeUR1uffgpABG/4zb:F/W3f4292Bz1FYsHq9bYHfumscKKipw6"", ""tags"": [""apk"", ""Ermac"", ""zip""]}"
mb-692e7b0f657ac346,692e7b0f657ac34635e0dcd633f9c73b37d0258457d161ec6dbee26820cb72dd,malicious,A,Cerberus / Alien / ERMAC,fintech-targeting banking trojan (family documentation),"https://bazaar.abuse.ch/sample/692e7b0f657ac34635e0dcd633f9c73b37d0258457d161ec6dbee26820cb72dd|{""family"": ""Cerberus / Alien / ERMAC"", ""family_confidence"": ""A"", ""file_name"": ""7d71d2a2087ea3b52f2ee985fd03311f"", ""file_size"": 1501631, ""first_seen"": ""2024-05-01 19:17:31"", ""note"": ""family signature match from MalwareBazaar (vendor measurement, not VT)"", ""signature"": ""ERMAC"", ""source"": ""MalwareBazaar"", ""ssdeep"": ""24576:PBQDIWwW6kx1+rrg+wHdampnEiclh285j18jiogpD/6/4zgdw:PectW6kxG94mvqiogpDSzdw"", ""tags"": [""apk"", ""Ermac"", ""zip""]}"
mb-fe1be052250f53b5,fe1be052250f53b52017499744451c614e4771a392efa37afeb1b4774d861df0,malicious,A,Cerberus / Alien / ERMAC,fintech-targeting banking trojan (family documentation),"https://bazaar.abuse.ch/sample/fe1be052250f53b52017499744451c614e4771a392efa37afeb1b4774d861df0|{""family"": ""Cerberus / Alien / ERMAC"", ""family_confidence"": ""A"", ""file_name"": ""ea763f5f92a66c49bf09e411ed56aa91"", ""file_size"": 1497143, ""first_seen"": ""2024-05-01 19:17:22"", ""note"": ""family signature match from MalwareBazaar (vendor measurement, not VT)"", ""signature"": ""ERMAC"", ""source"": ""MalwareBazaar"", ""ssdeep"": ""24576:6uEHnPqQ7129BgZCl0e0llmRBfaLuUQFsudmNdhJSOfo5BcCdIuKZgpDAg/4zgdY:buPqxAZCOe0llgwBVSO07XKZgpDFzdgv"", ""tags"": [""apk"", ""Ermac"", ""zip""]}"
mb-d2b5dd74b5950953,d2b5dd74b5950953028cabf5d62c40366b14a2e803fb091500c6b6826f03f95e,malicious,A,Cerberus / Alien / ERMAC,fintech-targeting banking trojan (family documentation),"https://bazaar.abuse.ch/sample/d2b5dd74b5950953028cabf5d62c40366b14a2e803fb091500c6b6826f03f95e|{""family"": ""Cerberus / Alien / ERMAC"", ""family_confidence"": ""A"", ""file_name"": ""74c96a71cd95e6fab924deb1ddb0a498"", ""file_size"": 1498395, ""first_seen"": ""2024-05-01 19:17:11"", ""note"": ""family signature match from MalwareBazaar (vendor measurement, not VT)"", ""signature"": ""ERMAC"", ""source"": ""MalwareBazaar"", ""ssdeep"": ""24576:Bc1LRTK8hDfBWjuWgMJbJ1VVmw63d+KGZtWSF9ymB7R8uQzgpjbM/4zgdS:BKNzhj4jjg87VVmw6NpGZoSF9nxnQzgF"", ""tags"": [""apk"", ""Ermac"", ""zip""]}"
mb-51f9c37c3eec0b6f,51f9c37c3eec0b6f8325aa1c8fe64a0615ab920584042df557426473b1270b40,malicious,A,Cerberus / Alien / ERMAC,fintech-targeting banking trojan (family documentation),"https://bazaar.abuse.ch/sample/51f9c37c3eec0b6f8325aa1c8fe64a0615ab920584042df557426473b1270b40|{""family"": ""Cerberus / Alien / ERMAC"", ""family_confidence"": ""A"", ""file_name"": ""51f9c37c3eec0b6f8325aa1c8fe64a0615ab920584042df557426473b1270b40"", ""file_size"": 1896652, ""first_seen"": ""2023-02-08 15:47:55"", ""note"": ""family signature match from MalwareBazaar (vendor measurement, not VT)"", ""signature"": ""ERMAC"", ""source"": ""MalwareBazaar"", ""ssdeep"": ""49152:+/X7k/o4x1XuIEMYnpn2SL40UFi+xYxpEWWKRFd:+/rMr7XuamB264bFiAopJVR"", ""tags"": [""amplebot"", ""android"", ""apk"", ""banking"", ""Blackrock"", ""Ermac"", ""signed""]}"
mb-c5996e7a701f1154,c5996e7a701f1154b48f962d01d457f9b7e95d9c3dd9bbd6a8e083865d563622,malicious,A,Cerberus / Alien / ERMAC,fintech-targeting banking trojan (family documentation),"https://bazaar.abuse.ch/sample/c5996e7a701f1154b48f962d01d457f9b7e95d9c3dd9bbd6a8e083865d563622|{""family"": ""Cerberus / Alien / ERMAC"", ""family_confidence"": ""A"", ""file_name"": ""c5996e7a701f1154b48f962d01d457f9b7e95d9c3dd9bbd6a8e083865d563622.apk"", ""file_size"": 3448133, ""first_seen"": ""2023-01-21 07:56:31"", ""note"": ""family signature match from MalwareBazaar (vendor measurement, not VT)"", ""signature"": ""ERMAC"", ""source"": ""MalwareBazaar"", ""ssdeep"": ""49152:eccV5SLQ0vGHNaSWrqLZXQ4wayCeqj/f7OBWRwMCWQG9i+nrfoEsnuI4nviujngg:WNvreqrqBDWvTrf3snudbjnUO5X"", ""tags"": [""android"", ""apk"", ""Ermac"", ""signed""]}"
mb-4ccf02c87de6c0bf,4ccf02c87de6c0bf718d9f8cdf6c61a9edc909fab1cdd7d497572e30fea1f580,malicious,A,Cerberus / Alien / ERMAC,fintech-targeting banking trojan (family documentation),"https://bazaar.abuse.ch/sample/4ccf02c87de6c0bf718d9f8cdf6c61a9edc909fab1cdd7d497572e30fea1f580|{""family"": ""Cerberus / Alien / ERMAC"", ""family_confidence"": ""A"", ""file_name"": ""ermac.apk"", ""file_size"": 2956410, ""first_seen"": ""2022-12-13 10:40:49"", ""note"": ""family signature match from MalwareBazaar (vendor measurement, not VT)"", ""signature"": ""ERMAC"", ""source"": ""MalwareBazaar"", ""ssdeep"": ""49152:O7MG0EqP3bAU5vB4f/VBiEZEuAI12iQ24Xnviujng53+mmaIHYu6O+c9:+MHP3bvBmBZZEfIAiQ2ebjnUOZ+g"", ""tags"": [""android_ermac"", ""apk"", ""Ermac"", ""signed""]}"
mb-ea832ffd966341b0,ea832ffd966341b068065875ce11cd5f3021487475947322ec8cc93af6f6f4f9,malicious,A,Cerberus / Alien / ERMAC,fintech-targeting banking trojan (family documentation),"https://bazaar.abuse.ch/sample/ea832ffd966341b068065875ce11cd5f3021487475947322ec8cc93af6f6f4f9|{""family"": ""Cerberus / Alien / ERMAC"", ""family_confidence"": ""A"", ""file_name"": ""ermac.apk"", ""file_size"": 2957164, ""first_seen"": ""2022-12-13 10:38:58"", ""note"": ""family signature match from MalwareBazaar (vendor measurement, not VT)"", ""signature"": ""ERMAC"", ""source"": ""MalwareBazaar"", ""ssdeep"": ""49152:B7MG0EhsS++NP4feDJCSnviujng53+mmaIHYXKOdpbyHQwz356Vd:xMMs0rJXbjnUOUDbywwt6/"", ""tags"": [""android_ermac"", ""apk"", ""Ermac"", ""signed""]}"
mb-3abe643e901859b9,3abe643e901859b9148b124a1556ab531dfe1e37fa8413500b6caddd0382307f,malicious,A,Cerberus / Alien / ERMAC,fintech-targeting banking trojan (family documentation),"https://bazaar.abuse.ch/sample/3abe643e901859b9148b124a1556ab531dfe1e37fa8413500b6caddd0382307f|{""family"": ""Cerberus / Alien / ERMAC"", ""family_confidence"": ""A"", ""file_name"": ""ermac.apk"", ""file_size"": 2882848, ""first_seen"": ""2022-12-13 10:09:48"", ""note"": ""family signature match from MalwareBazaar (vendor measurement, not VT)"", ""signature"": ""ERMAC"", ""source"": ""MalwareBazaar"", ""ssdeep"": ""49152:d7MG0Evk+P+OP94fBhVmLnviujng53+mmaIHYymrvk8DwslHOBF:VM6kcRPQVQbjnUOak8UsEr"", ""tags"": [""android_ermac"", ""apk"", ""Ermac"", ""signed""]}"
mb-f4ebdcef8643dbff,f4ebdcef8643dbffe8de312cb47c1f94118e6481a4faf4166badfd98a0a9c5d3,malicious,A,Cerberus / Alien / ERMAC,fintech-targeting banking trojan (family documentation),"https://bazaar.abuse.ch/sample/f4ebdcef8643dbffe8de312cb47c1f94118e6481a4faf4166badfd98a0a9c5d3|{""family"": ""Cerberus / Alien / ERMAC"", ""family_confidence"": ""A"", ""file_name"": ""paypal.apk"", ""file_size"": 2773389, ""first_seen"": ""2022-10-21 12:29:21"", ""note"": ""family signature match from MalwareBazaar (vendor measurement, not VT)"", ""signature"": ""ERMAC"", ""source"": ""MalwareBazaar"", ""ssdeep"": ""49152:Y/cThIEUoEPCM0FjUT8uD4f14CUnA6CKe8NbLDMR:YEFIdP9q9GTn9CctX8"", ""tags"": [""android_ermac"", ""apk"", ""Ermac"", ""signed""]}"
mb-a48b1693a2f82484,a48b1693a2f824848da0c258859e2c9081d6a8e11d7fb2e0d93a8aa2613037d1,malicious,A,Cerberus / Alien / ERMAC,fintech-targeting banking trojan (family documentation),"https://bazaar.abuse.ch/sample/a48b1693a2f824848da0c258859e2c9081d6a8e11d7fb2e0d93a8aa2613037d1|{""family"": ""Cerberus / Alien / ERMAC"", ""family_confidence"": ""A"", ""file_name"": ""Telegram.apk"", ""file_size"": 2785346, ""first_seen"": ""2022-10-15 05:14:07"", ""note"": ""family signature match from MalwareBazaar (vendor measurement, not VT)"", ""signature"": ""ERMAC"", ""source"": ""MalwareBazaar"", ""ssdeep"": ""49152:xWrpqJ2SIjTsnRQ96BVMZlf4fcrkDTCv5ZsOzrdtGiZjKNlNs:epqgS0q+g22C7zrLGSMlNs"", ""tags"": [""apk"", ""Ermac"", ""signed""]}"
mb-a52d2105d680d029,a52d2105d680d029f9cc5c9c77f639e47ae520e41ce7294bbad77b8f2931796a,malicious,A,Cerberus / Alien / ERMAC,fintech-targeting banking trojan (family documentation),"https://bazaar.abuse.ch/sample/a52d2105d680d029f9cc5c9c77f639e47ae520e41ce7294bbad77b8f2931796a|{""family"": ""Cerberus / Alien / ERMAC"", ""family_confidence"": ""A"", ""file_name"": ""a52d2105d680d029f9cc5c9c77f639e47ae520e41ce7294bbad77b8f2931796a.apk"", ""file_size"": 2408259, ""first_seen"": ""2025-02-11 02:21:10"", ""note"": ""family signature match from MalwareBazaar (vendor measurement, not VT)"", ""signature"": ""Cerberus"", ""source"": ""MalwareBazaar"", ""ssdeep"": ""49152:fpZjJBuD3wv+ugforIlCNTbKOcsXtffdVpbhRW0zB:hRuDfunIImOcsxfdjW01"", ""tags"": [""Alien"", ""apk"", ""Cerberus"", ""signed""]}"
mb-8beae1f6b21cec17,8beae1f6b21cec17eed82fb7af25e1782d5b7bf10fd22369603313f1b1a5e5e4,malicious,A,Cerberus / Alien / ERMAC,fintech-targeting banking trojan (family documentation),"https://bazaar.abuse.ch/sample/8beae1f6b21cec17eed82fb7af25e1782d5b7bf10fd22369603313f1b1a5e5e4|{""family"": ""Cerberus / Alien / ERMAC"", ""family_confidence"": ""A"", ""file_name"": ""AndroidGuncelleme.apk"", ""file_size"": 1935062, ""first_seen"": ""2025-01-16 11:13:34"", ""note"": ""family signature match from MalwareBazaar (vendor measurement, not VT)"", ""signature"": ""Cerberus"", ""source"": ""MalwareBazaar"", ""ssdeep"": ""49152:c+cWPEW4PWYbpGURpjx70J0801o33T5/iPcl1dIpkJHRn55F:c+c7XtGULx05/GMT5F"", ""tags"": [""apk"", ""Cerberus"", ""signed""]}"
mb-047e3ecdb04d695b,047e3ecdb04d695b7e8a3c2789c29ec57da19f58bdcdb1d97fa926205ce718eb,malicious,A,Cerberus / Alien / ERMAC,fintech-targeting banking trojan (family documentation),"https://bazaar.abuse.ch/sample/047e3ecdb04d695b7e8a3c2789c29ec57da19f58bdcdb1d97fa926205ce718eb|{""family"": ""Cerberus / Alien / ERMAC"", ""family_confidence"": ""A"", ""file_name"": ""Android-Update.apk"", ""file_size"": 1914989, ""first_seen"": ""2025-01-16 11:13:31"", ""note"": ""family signature match from MalwareBazaar (vendor measurement, not VT)"", ""signature"": ""Cerberus"", ""source"": ""MalwareBazaar"", ""ssdeep"": ""49152:xUaEUaYOYC+sozjxa+pEzktT9Ginviujng53+mmaIHY8MSOJ:xUaEUahLnkteYN9jbjnUO2J"", ""tags"": [""apk"", ""Cerberus"", ""signed""]}"
mb-454ffcf9ef438d5d,454ffcf9ef438d5d3eee894d0b2f21326935857da76d5720a8dc0eeda8280f59,malicious,A,Cerberus / Alien / ERMAC,fintech-targeting banking trojan (family documentation),"https://bazaar.abuse.ch/sample/454ffcf9ef438d5d3eee894d0b2f21326935857da76d5720a8dc0eeda8280f59|{""family"": ""Cerberus / Alien / ERMAC"", ""family_confidence"": ""A"", ""file_name"": ""Chrome.apk"", ""file_size"": 3611460, ""first_seen"": ""2024-12-25 11:05:45"", ""note"": ""family signature match from MalwareBazaar (vendor measurement, not VT)"", ""signature"": ""Cerberus"", ""source"": ""MalwareBazaar"", ""ssdeep"": ""98304:GnQAi/WNFDAmDA9oHY/LMjU6spKp6p1hKxi3:Gnp8WzxAxIjU6rMe4"", ""tags"": [""apk"", ""Cerberus"", ""signed""]}"
mb-a8ecd437766e7960,a8ecd437766e7960bf5002c553dc047f50db750818bee1a3f0ffdff1633f0d1b,malicious,A,Cerberus / Alien / ERMAC,fintech-targeting banking trojan (family documentation),"https://bazaar.abuse.ch/sample/a8ecd437766e7960bf5002c553dc047f50db750818bee1a3f0ffdff1633f0d1b|{""family"": ""Cerberus / Alien / ERMAC"", ""family_confidence"": ""A"", ""file_name"": ""org.chromium.Chromium.Py8uqE.apk"", ""file_size"": 1134158, ""first_seen"": ""2024-11-16 07:47:17"", ""note"": ""family signature match from MalwareBazaar (vendor measurement, not VT)"", ""signature"": ""Cerberus"", ""source"": ""MalwareBazaar"", ""ssdeep"": ""24576:TRx5Ld7Odr8q4RxxNZBBrBju3sSfmLl0SJ5:T5Ld7Yp4b3zj8cl/J5"", ""tags"": ["":apk"", ""apk"", ""Cerberus"", ""signed""]}"
mb-501eb3e8474ddd35,501eb3e8474ddd35728b11248df2e9629afb6852b9281940059fcae7b9043522,malicious,A,Cerberus / Alien / ERMAC,fintech-targeting banking trojan (family documentation),"https://bazaar.abuse.ch/sample/501eb3e8474ddd35728b11248df2e9629afb6852b9281940059fcae7b9043522|{""family"": ""Cerberus / Alien / ERMAC"", ""family_confidence"": ""A"", ""file_name"": ""base.apk.ZIP"", ""file_size"": 1207200, ""first_seen"": ""2024-10-24 13:53:10"", ""note"": ""family signature match from MalwareBazaar (vendor measurement, not VT)"", ""signature"": ""Cerberus"", ""source"": ""MalwareBazaar"", ""ssdeep"": ""24576:PolR/rDxk0t/aTAD+xpx/IgMI/qqOd86V9Q8gfmYOfPbEpMpXFEgzMIGcoR8:Por/rDxkIAADEr9MMwVjge3QSpXCgzMi"", ""tags"": [""apk"", ""Cerberus"", ""signed"", ""zip""]}"
mb-5362c4101f153eed,5362c4101f153eedaca5344cdec4897af155b364dd1609ad19a495af745fcc50,malicious,A,Cerberus / Alien / ERMAC,fintech-targeting banking trojan (family documentation),"https://bazaar.abuse.ch/sample/5362c4101f153eedaca5344cdec4897af155b364dd1609ad19a495af745fcc50|{""family"": ""Cerberus / Alien / ERMAC"", ""family_confidence"": ""A"", ""file_name"": ""base.apk"", ""file_size"": 1716416, ""first_seen"": ""2023-12-14 12:23:35"", ""note"": ""family signature match from MalwareBazaar (vendor measurement, not VT)"", ""signature"": ""Cerberus"", ""source"": ""MalwareBazaar"", ""ssdeep"": ""49152:27co4M12w8TNZGeLO/Gw0LNO+Gr2unYcb5qj:WOM12tw0LI+GKwY4+"", ""tags"": [""apk"", ""Cerberus"", ""signed""]}"
mb-a78eb5e01531b42d,a78eb5e01531b42d8380be1d6a507f10610c95557716bb2173b331f80e7d2d81,malicious,A,Cerberus / Alien / ERMAC,fintech-targeting banking trojan (family documentation),"https://bazaar.abuse.ch/sample/a78eb5e01531b42d8380be1d6a507f10610c95557716bb2173b331f80e7d2d81|{""family"": ""Cerberus / Alien / ERMAC"", ""family_confidence"": ""A"", ""file_name"": ""base.apk"", ""file_size"": 1793026, ""first_seen"": ""2023-12-05 11:30:08"", ""note"": ""family signature match from MalwareBazaar (vendor measurement, not VT)"", ""signature"": ""Cerberus"", ""source"": ""MalwareBazaar"", ""ssdeep"": ""49152:uUahGKVUaBL2zClijxscjgVunVrgyk/9ygYmhFuONYIc2biMQ7:uUaAKVUaBLfglgExgx9/1hFuONU2biM0"", ""tags"": [""Anubis"", ""apk"", ""BankBot"", ""banker"", ""Cerberus"", ""signed""]}"
mb-28cf23f76582b137,28cf23f76582b13705346e8fe77802785267e6b2ab2072bf9c2b9b918b2b588b,malicious,A,Cerberus / Alien / ERMAC,fintech-targeting banking trojan (family documentation),"https://bazaar.abuse.ch/sample/28cf23f76582b13705346e8fe77802785267e6b2ab2072bf9c2b9b918b2b588b|{""family"": ""Cerberus / Alien / ERMAC"", ""family_confidence"": ""A"", ""file_name"": ""base.apk"", ""file_size"": 2279636, ""first_seen"": ""2023-11-13 09:30:29"", ""note"": ""family signature match from MalwareBazaar (vendor measurement, not VT)"", ""signature"": ""Cerberus"", ""source"": ""MalwareBazaar"", ""ssdeep"": ""49152:K7wyceKi6ssGECKmviJRpLof9/n39pdRxOKTH1luTdMS:5ZLmE9AQnLUF3HMKTHSdX"", ""tags"": [""apk"", ""banker"", ""Cerberus"", ""malware"", ""signed""]}"
mb-fe329c93c8a90149,fe329c93c8a90149e50f48acaa77702e071290aa58203fc886fead002ff46094,malicious,A,Cerberus / Alien / ERMAC,fintech-targeting banking trojan (family documentation),"https://bazaar.abuse.ch/sample/fe329c93c8a90149e50f48acaa77702e071290aa58203fc886fead002ff46094|{""family"": ""Cerberus / Alien / ERMAC"", ""family_confidence"": ""A"", ""file_name"": ""base.apk"", ""file_size"": 2674077, ""first_seen"": ""2023-08-04 14:21:39"", ""note"": ""family signature match from MalwareBazaar (vendor measurement, not VT)"", ""signature"": ""Cerberus"", ""source"": ""MalwareBazaar"", ""ssdeep"": ""49152:oYfIeRMV2PUsWamyygA0TksmHaCXje8HFmErX+Eq9:o0WW40TkfHad8NS"", ""tags"": [""apk"", ""APK Evde Kal\u0131yorum"", ""Cerberus"", ""signed""]}"
mb-4defa1f795d69d38,4defa1f795d69d38168bffecbc19f571c61a095862713fd91cb646f344ef53c0,malicious,A,Cerberus / Alien / ERMAC,fintech-targeting banking trojan (family documentation),"https://bazaar.abuse.ch/sample/4defa1f795d69d38168bffecbc19f571c61a095862713fd91cb646f344ef53c0|{""family"": ""Cerberus / Alien / ERMAC"", ""family_confidence"": ""A"", ""file_name"": ""framull (1).apk"", ""file_size"": 4261423, ""first_seen"": ""2023-06-26 20:17:59"", ""note"": ""family signature match from MalwareBazaar (vendor measurement, not VT)"", ""signature"": ""Cerberus"", ""source"": ""MalwareBazaar"", ""ssdeep"": ""98304:cML/i9znFXDIiAzZNMpR2BkcoKb2XUDrQl0euwuHTGL1s5Oe19ccHfrnfLoD3B:cG/WznqiACqfb/DheSgor9VoD3B"", ""tags"": [""apk"", ""Cerberus"", ""phoenix"", ""signed""]}"
mb-7a65b831c9f781e4,7a65b831c9f781e49c47393345bbe2ffff6859a608b9a5413d7f3b76683ff178,malicious,A,Cerberus / Alien / ERMAC,fintech-targeting banking trojan (family documentation),"https://bazaar.abuse.ch/sample/7a65b831c9f781e49c47393345bbe2ffff6859a608b9a5413d7f3b76683ff178|{""family"": ""Cerberus / Alien / ERMAC"", ""family_confidence"": ""A"", ""file_name"": ""EBA (1).apk"", ""file_size"": 2402916, ""first_seen"": ""2023-06-14 14:13:20"", ""note"": ""family signature match from MalwareBazaar (vendor measurement, not VT)"", ""signature"": ""Cerberus"", ""source"": ""MalwareBazaar"", ""ssdeep"": ""49152:GsUhzGTzpUllkhrr+0lDbk2Ta+RJA0dzGUDUOcCB310TwcxfWZehr6cBSoLFVMtx:1pXCloH+0BbE+RJjzGUDhIwqfbrxLQtx"", ""tags"": [""apk"", ""banker"", ""Cerberus"", ""dropper"", ""signed"", ""trojan.hqwar"", ""Trojen""]}"
mb-c81234b6ceb3572c,c81234b6ceb3572c6d862a9313e019b98efd83165d8c085bd3e74971c66763bb,malicious,A,Cerberus / Alien / ERMAC,fintech-targeting banking trojan (family documentation),"https://bazaar.abuse.ch/sample/c81234b6ceb3572c6d862a9313e019b98efd83165d8c085bd3e74971c66763bb|{""family"": ""Cerberus / Alien / ERMAC"", ""family_confidence"": ""A"", ""file_name"": ""c81234b6ceb3572c6d862a9313e019b98efd83165d8c085bd3e74971c66763bb_video.apk"", ""file_size"": 2121030, ""first_seen"": ""2022-12-15 11:09:47"", ""note"": ""family signature match from MalwareBazaar (vendor measurement, not VT)"", ""signature"": ""Cerberus"", ""source"": ""MalwareBazaar"", ""ssdeep"": ""49152:ywkDVrfNOesuX/0KjKooHMzWwyuyjrlUy7HOWwU6:ywkDxfgesuX/0KjKoaM6v7jey7vw1"", ""tags"": [""apk"", ""Cerberus"", ""signed""]}"
mb-2a2bb95a463dcddb,2a2bb95a463dcddb604e10830cc5c60191ef2947578ccb75180ae7188b4baaa3,malicious,A,Cerberus / Alien / ERMAC,fintech-targeting banking trojan (family documentation),"https://bazaar.abuse.ch/sample/2a2bb95a463dcddb604e10830cc5c60191ef2947578ccb75180ae7188b4baaa3|{""family"": ""Cerberus / Alien / ERMAC"", ""family_confidence"": ""A"", ""file_name"": ""2a2bb95a463dcddb604e10830cc5c60191ef2947578ccb75180ae7188b4baaa3_video.apk"", ""file_size"": 1892669, ""first_seen"": ""2022-12-15 11:09:13"", ""note"": ""family signature match from MalwareBazaar (vendor measurement, not VT)"", ""signature"": ""Cerberus"", ""source"": ""MalwareBazaar"", ""ssdeep"": ""24576:6afGavTcxPrVeO3x13x+ka6DC5BZ9CLBEMB2Qa4kAHDZnBvGnMjMJuKsnGgVeh1r:6BavYxBeC3+kn72eH9n//Gdh1"", ""tags"": [""apk"", ""Cerberus"", ""signed""]}"
mb-2192345562b9fb15,2192345562b9fb1536465d31f465015cb8b0a029fa118166de0d6975bd00448b,malicious,A,Cerberus / Alien / ERMAC,fintech-targeting banking trojan (family documentation),"https://bazaar.abuse.ch/sample/2192345562b9fb1536465d31f465015cb8b0a029fa118166de0d6975bd00448b|{""family"": ""Cerberus / Alien / ERMAC"", ""family_confidence"": ""A"", ""file_name"": ""Phish.apk"", ""file_size"": 20724209, ""first_seen"": ""2022-06-04 13:44:43"", ""note"": ""family signature match from MalwareBazaar (vendor measurement, not VT)"", ""signature"": ""Cerberus"", ""source"": ""MalwareBazaar"", ""ssdeep"": ""393216:H0MN1xjIAbL4d73dW9HL3cd03LCd2jkMRjC4FbKLm9xjXZfL7:HxSAbL4d5qHLMd03OdZCC40Cpf/"", ""tags"": [""apk"", ""Cerberus"", ""iran"", ""malware"", ""signed"", ""spy"", ""spyware""]}"
mb-5287663a491c5b82,5287663a491c5b823280dd9c1c4de45972ccc5f803148f5a6e360d3aa164349e,malicious,A,Cerberus / Alien / ERMAC,fintech-targeting banking trojan (family documentation),"https://bazaar.abuse.ch/sample/5287663a491c5b823280dd9c1c4de45972ccc5f803148f5a6e360d3aa164349e|{""family"": ""Cerberus / Alien / ERMAC"", ""family_confidence"": ""A"", ""file_name"": ""PlayStore.apk"", ""file_size"": 1510581, ""first_seen"": ""2022-06-02 11:06:37"", ""note"": ""family signature match from MalwareBazaar (vendor measurement, not VT)"", ""signature"": ""Cerberus"", ""source"": ""MalwareBazaar"", ""ssdeep"": ""24576:4XnHdgLYEglEkhRa5qTQXg9rCVircySmP5o3IONjx/xl2WCGazAzf1mWN5b/4PAM:ChRa5OPrCjnmPyxPJrCGDzf11xvZ/jY1"", ""tags"": [""apk"", ""Cerberus"", ""signed""]}"
mb-cac624346b3fcaaa,cac624346b3fcaaaac86fd3872970e8cf89ceaea8d806c7a1772484142bbfe87,malicious,A,Cerberus / Alien / ERMAC,fintech-targeting banking trojan (family documentation),"https://bazaar.abuse.ch/sample/cac624346b3fcaaaac86fd3872970e8cf89ceaea8d806c7a1772484142bbfe87|{""family"": ""Cerberus / Alien / ERMAC"", ""family_confidence"": ""A"", ""file_name"": ""Hadise_Ifsa_build_obf.apk"", ""file_size"": 2311566, ""first_seen"": ""2022-01-06 13:42:45"", ""note"": ""family signature match from MalwareBazaar (vendor measurement, not VT)"", ""signature"": ""Cerberus"", ""source"": ""MalwareBazaar"", ""ssdeep"": ""49152:XmIDYmdky2+2LvvvvktX7MGnNSpKgdan9/lyqBvpXUEzP8b3eQ:nPdkp+lqpKUG/lymEFOQ"", ""tags"": [""apk"", ""Cerberus"", ""signed""]}"
mb-6095f2630f199506,6095f2630f199506c55d5e3d1580384c57ed6f15c43c28d52bd753f3d14aa6a1,malicious,A,Cerberus / Alien / ERMAC,fintech-targeting banking trojan (family documentation),"https://bazaar.abuse.ch/sample/6095f2630f199506c55d5e3d1580384c57ed6f15c43c28d52bd753f3d14aa6a1|{""family"": ""Cerberus / Alien / ERMAC"", ""family_confidence"": ""A"", ""file_name"": ""Hadise_Ifsa.apk"", ""file_size"": 2311490, ""first_seen"": ""2022-01-06 13:42:43"", ""note"": ""family signature match from MalwareBazaar (vendor measurement, not VT)"", ""signature"": ""Cerberus"", ""source"": ""MalwareBazaar"", ""ssdeep"": ""49152:GxkZXzV60wDptlhN6a/E6WDut6po1KVFfFT/PeYU64yZ6:GxkfwpThN6UEdDa6prZT/PuJ"", ""tags"": [""apk"", ""Cerberus"", ""signed""]}"
mb-ef8ec1d29fac4774,ef8ec1d29fac477472150dbe562b85ef72042d7b04151033c8ebd2703027ff77,malicious,A,Cerberus / Alien / ERMAC,fintech-targeting banking trojan (family documentation),"https://bazaar.abuse.ch/sample/ef8ec1d29fac477472150dbe562b85ef72042d7b04151033c8ebd2703027ff77|{""family"": ""Cerberus / Alien / ERMAC"", ""family_confidence"": ""A"", ""file_name"": ""Hadise_Ifsa_build_obf_1.apk"", ""file_size"": 2007443, ""first_seen"": ""2022-01-05 13:25:29"", ""note"": ""family signature match from MalwareBazaar (vendor measurement, not VT)"", ""signature"": ""Cerberus"", ""source"": ""MalwareBazaar"", ""ssdeep"": ""49152:EZbhTkMnfZnPa7wp0TOH8wIr+7/WgbzuJtaB+:EZtTkwfDpAOH8wE+WgvuJtaE"", ""tags"": [""apk"", ""Cerberus"", ""signed""]}"
mb-8529714de7f72612,8529714de7f726121a5a07c8e9e718828bc3bc198c512139be2ac5183e0bf25e,malicious,A,Cerberus / Alien / ERMAC,fintech-targeting banking trojan (family documentation),"https://bazaar.abuse.ch/sample/8529714de7f726121a5a07c8e9e718828bc3bc198c512139be2ac5183e0bf25e|{""family"": ""Cerberus / Alien / ERMAC"", ""family_confidence"": ""A"", ""file_name"": ""Hadise_Ifsa_build_obf.apk"", ""file_size"": 2001564, ""first_seen"": ""2022-01-05 13:25:19"", ""note"": ""family signature match from MalwareBazaar (vendor measurement, not VT)"", ""signature"": ""Cerberus"", ""source"": ""MalwareBazaar"", ""ssdeep"": ""24576:nWWMlfZkb9Nlu6lNOSWBRq608KXsO6C9b4RKLyxMNszDxRwzN9Lqm54nOPOw:vUkbE6lNITk4Amvz4NxqmGOPOw"", ""tags"": [""apk"", ""Cerberus"", ""signed""]}"
mb-281dc00dc8a8e8c7,281dc00dc8a8e8c76e44e56895e0c8a3efe91f7caea3138b4fbd7b1d8d76cbe8,malicious,A,Cerberus / Alien / ERMAC,fintech-targeting banking trojan (family documentation),"https://bazaar.abuse.ch/sample/281dc00dc8a8e8c76e44e56895e0c8a3efe91f7caea3138b4fbd7b1d8d76cbe8|{""family"": ""Cerberus / Alien / ERMAC"", ""family_confidence"": ""A"", ""file_name"": ""PORNO_VIDEO_ARSIVI_PART1.apk"", ""file_size"": 1865110, ""first_seen"": ""2022-01-04 12:19:57"", ""note"": ""family signature match from MalwareBazaar (vendor measurement, not VT)"", ""signature"": ""Cerberus"", ""source"": ""MalwareBazaar"", ""ssdeep"": ""49152:TX8k+Ojfl8V+0v3PgqKZMLuY7MafsjnOO75:TX8kPjmv3PgDML1waEjnOO75"", ""tags"": [""apk"", ""Cerberus"", ""signed""]}"
mb-4a6509d3e24da811,4a6509d3e24da811dbb106243bc3654e5edf7d2c1232febcc07739d513927b2d,malicious,A,Cerberus / Alien / ERMAC,fintech-targeting banking trojan (family documentation),"https://bazaar.abuse.ch/sample/4a6509d3e24da811dbb106243bc3654e5edf7d2c1232febcc07739d513927b2d|{""family"": ""Cerberus / Alien / ERMAC"", ""family_confidence"": ""A"", ""file_name"": ""Hadise_Ifsa_build_obf.apk"", ""file_size"": 1983477, ""first_seen"": ""2022-01-04 12:19:47"", ""note"": ""family signature match from MalwareBazaar (vendor measurement, not VT)"", ""signature"": ""Cerberus"", ""source"": ""MalwareBazaar"", ""ssdeep"": ""49152:VHAk1a7mgqyi4uc+7IuL3ujzR6CJVCUQek:VHAkA7LqyHulku6lVCU9k"", ""tags"": [""apk"", ""Cerberus"", ""signed""]}"
mb-8c8d7c0f5296b7f8,8c8d7c0f5296b7f8a4032c30e0dd2af0ff985713c3864fdfaacba6615d02b241,malicious,A,Cerberus / Alien / ERMAC,fintech-targeting banking trojan (family documentation),"https://bazaar.abuse.ch/sample/8c8d7c0f5296b7f8a4032c30e0dd2af0ff985713c3864fdfaacba6615d02b241|{""family"": ""Cerberus / Alien / ERMAC"", ""family_confidence"": ""A"", ""file_name"": ""Hadise_Ifsa_build_obf.apk"", ""file_size"": 1863604, ""first_seen"": ""2021-12-31 11:37:36"", ""note"": ""family signature match from MalwareBazaar (vendor measurement, not VT)"", ""signature"": ""Cerberus"", ""source"": ""MalwareBazaar"", ""ssdeep"": ""49152:LXRk13tlqdBDfFFacrSn7QOyBxbNcqmahk:LXRkflqfDtFacy7QOyBxS4k"", ""tags"": [""apk"", ""Cerberus"", ""signed""]}"
mb-7ee9605129837968,7ee960512983796848c432aacad8b8eafee37bce6a16d031726672bb611dad79,malicious,A,Cerberus / Alien / ERMAC,fintech-targeting banking trojan (family documentation),"https://bazaar.abuse.ch/sample/7ee960512983796848c432aacad8b8eafee37bce6a16d031726672bb611dad79|{""family"": ""Cerberus / Alien / ERMAC"", ""family_confidence"": ""A"", ""file_name"": ""porno_video_arsivi.apk"", ""file_size"": 1765734, ""first_seen"": ""2021-12-31 11:37:34"", ""note"": ""family signature match from MalwareBazaar (vendor measurement, not VT)"", ""signature"": ""Cerberus"", ""source"": ""MalwareBazaar"", ""ssdeep"": ""49152:zs+zkezkr4yIijU5G/9gehJ1hPMA1spjgqXyi7OrUAW3QOjIlegV00I:zsykokslijU5w9g4JbMA12j0fpKQOjwk"", ""tags"": [""apk"", ""Cerberus"", ""signed""]}"
mb-0e2eae6493304846,0e2eae64933048469ccdce538122f6142027d368330902330de658c927a5e131,malicious,A,Cerberus / Alien / ERMAC,fintech-targeting banking trojan (family documentation),"https://bazaar.abuse.ch/sample/0e2eae64933048469ccdce538122f6142027d368330902330de658c927a5e131|{""family"": ""Cerberus / Alien / ERMAC"", ""family_confidence"": ""A"", ""file_name"": ""Google_Play_Store.apk"", ""file_size"": 508397, ""first_seen"": ""2021-12-26 14:50:35"", ""note"": ""family signature match from MalwareBazaar (vendor measurement, not VT)"", ""signature"": ""Cerberus"", ""source"": ""MalwareBazaar"", ""ssdeep"": ""12288:VMK8Bot5RL6St/HoqhVEqY9ISMw4sJ0SggYkP+:qhuL6Y/owVk9bC"", ""tags"": [""apk"", ""Cerberus"", ""signed""]}"
fd-01c6718e4ac9fbee,01c6718e4ac9fbeee9adfee3a0126958c70c36cb5eda1bb83f1d1c054c5a5322,benign,B,,,"https://f-droid.org/en/packages/com.myfinancemate/|{""note"": ""official build from the project's own F-Droid repository"", ""package_id"": ""com.myfinancemate"", ""sha_origin"": ""computed from official F-Droid APK download"", ""source"": ""F-Droid"", ""version_code"": 3, ""version_name"": ""1.2.0""}"
fd-070b707fcfb0df20,070b707fcfb0df20f37115ac8589c623f949f6a510689fce1fe918f6d1338034,benign,B,,,"https://f-droid.org/en/packages/com.gemwallet.android/|{""note"": ""official build from the project's own F-Droid repository"", ""package_id"": ""com.gemwallet.android"", ""sha_origin"": ""computed from official F-Droid APK download"", ""source"": ""F-Droid"", ""version_code"": 824, ""version_name"": ""2.114.11""}"
fd-12462817e9e23c47,12462817e9e23c47a208fc815e8b9ddd112c50d8e03a89080d7ef8b66e6bf20a,benign,B,,,"https://f-droid.org/en/packages/com.money.manager.ex/|{""note"": ""official build from the project's own F-Droid repository"", ""package_id"": ""com.money.manager.ex"", ""sha_origin"": ""computed from official F-Droid APK download"", ""source"": ""F-Droid"", ""version_code"": 1116, ""version_name"": ""5.5.11-release""}"
fd-2270b0353f7cb876,2270b0353f7cb876053237eb23495db48fe185d7e7aade64702537d77266a09a,benign,B,,,"https://f-droid.org/en/packages/com.danilkinkin.buckwheat/|{""note"": ""official build from the project's own F-Droid repository"", ""package_id"": ""com.danilkinkin.buckwheat"", ""sha_origin"": ""computed from official F-Droid APK download"", ""source"": ""F-Droid"", ""version_code"": 29, ""version_name"": ""4.8.0""}"
fd-44f86212e40f706a,44f86212e40f706aa427d74fdc0f386e6f28c656d6eea590b87a9c9ca1b06109,benign,B,,,"https://f-droid.org/en/packages/org.totschnig.myexpenses/|{""note"": ""official build from the project's own F-Droid repository"", ""package_id"": ""org.totschnig.myexpenses"", ""sha_origin"": ""computed from official F-Droid APK download"", ""source"": ""F-Droid"", ""version_code"": 879, ""version_name"": ""4.1.1.2""}"
fd-50eb477c705d3aa6,50eb477c705d3aa6d5211a6e1f49e2d866192e304c751099552748e69b1fe3d2,benign,B,,,"https://f-droid.org/en/packages/com.arduia.expense/|{""note"": ""official build from the project's own F-Droid repository"", ""package_id"": ""com.arduia.expense"", ""sha_origin"": ""computed from official F-Droid APK download"", ""source"": ""F-Droid"", ""version_code"": 12, ""version_name"": ""1.0.0-beta06""}"
fd-5506ec9f32f90189,5506ec9f32f9018906ae17189cf1eeb68bb8016540e0eee8c1daf69d49f0393d,benign,B,,,"https://f-droid.org/en/packages/co.electriccoin.zcash.foss/|{""note"": ""official build from the project's own F-Droid repository"", ""package_id"": ""co.electriccoin.zcash.foss"", ""sha_origin"": ""computed from official F-Droid APK download"", ""source"": ""F-Droid"", ""version_code"": 2569, ""version_name"": ""3.10.2""}"
fd-57ae2332494e544c,57ae2332494e544c93d32622d72cb0fcb845cd29802d35aa8276af4703695b00,benign,B,,,"https://f-droid.org/en/packages/com.openapps.fintrack/|{""note"": ""official build from the project's own F-Droid repository"", ""package_id"": ""com.openapps.fintrack"", ""sha_origin"": ""computed from official F-Droid APK download"", ""source"": ""F-Droid"", ""version_code"": 10, ""version_name"": ""1.0.19""}"
fd-5bf4f2c385584f2d,5bf4f2c385584f2d93fb3687cf2fe0ee671273eb73e67d5792a2eed932b86959,benign,B,,,"https://f-droid.org/en/packages/org.electrum.electrum/|{""note"": ""official build from the project's own F-Droid repository"", ""package_id"": ""org.electrum.electrum"", ""sha_origin"": ""computed from official F-Droid APK download"", ""source"": ""F-Droid"", ""version_code"": 45408014, ""version_name"": ""4.8.1""}"
fd-a1ebc88ece1a313f,a1ebc88ece1a313ffcaa5b6b880a316d1a4bcd4ee1bf0073306b50933cbfc19d,benign,B,,,"https://f-droid.org/en/packages/com.github.samotari.paynoway/|{""note"": ""official build from the project's own F-Droid repository"", ""package_id"": ""com.github.samotari.paynoway"", ""sha_origin"": ""computed from official F-Droid APK download"", ""source"": ""F-Droid"", ""version_code"": 20100, ""version_name"": ""2.1.0""}"
fd-ad203d07bfaf5300,ad203d07bfaf5300216fa0e7df3339bf0d1d1656178effa174fc9ed971f5c44b,benign,B,,,"https://f-droid.org/en/packages/com.pennywiseai.tracker/|{""note"": ""official build from the project's own F-Droid repository"", ""package_id"": ""com.pennywiseai.tracker"", ""sha_origin"": ""computed from official F-Droid APK download"", ""source"": ""F-Droid"", ""version_code"": 103, ""version_name"": ""2.19.0""}"
fd-bc6d078854a74281,bc6d078854a74281e2ad07d5a7bc5ff68a322a809eb1e0bade1e4549e8f00090,benign,B,,,"https://f-droid.org/en/packages/de.schildbach.wallet/|{""note"": ""official build from the project's own F-Droid repository"", ""package_id"": ""de.schildbach.wallet"", ""sha_origin"": ""computed from official F-Droid APK download"", ""source"": ""F-Droid"", ""version_code"": 110300, ""version_name"": ""11.03""}"
fd-c909980df0b7c523,c909980df0b7c52395a6cb490a0f9a02269c66f943d464193e6cb6fd774fb38e,benign,B,,,"https://f-droid.org/en/packages/com.igisw.openmoneybox/|{""note"": ""official build from the project's own F-Droid repository"", ""package_id"": ""com.igisw.openmoneybox"", ""sha_origin"": ""computed from official F-Droid APK download"", ""source"": ""F-Droid"", ""version_code"": 71, ""version_name"": ""3.5.1.13""}"
fd-d79613a479f4b60e,d79613a479f4b60e5fc2aba169d38ca9a97e482aaef305d779284c104c767a9a,benign,B,,,"https://f-droid.org/en/packages/finance.valet/|{""note"": ""official build from the project's own F-Droid repository"", ""package_id"": ""finance.valet"", ""sha_origin"": ""computed from official F-Droid APK download"", ""source"": ""F-Droid"", ""version_code"": 105, ""version_name"": ""4.4.4""}"
fd-e6d8f4b469581ded,e6d8f4b469581dedb8f70d015c77d162df777c4e0db5b3f74978e3be4c0d8a04,benign,B,,,"https://f-droid.org/en/packages/com.goushik.upiwallet/|{""note"": ""official build from the project's own F-Droid repository"", ""package_id"": ""com.goushik.upiwallet"", ""sha_origin"": ""computed from official F-Droid APK download"", ""source"": ""F-Droid"", ""version_code"": 7, ""version_name"": ""1.1.5""}"
fd-f55cfad874a188e3,f55cfad874a188e3fcb5a4418278b95b98fca5b22f89adf3bebd1d280db007c9,benign,B,,,"https://f-droid.org/en/packages/com.ritesh.cashiro/|{""note"": ""official build from the project's own F-Droid repository"", ""package_id"": ""com.ritesh.cashiro"", ""sha_origin"": ""computed from official F-Droid APK download"", ""source"": ""F-Droid"", ""version_code"": 94, ""version_name"": ""2.1.61""}"
fd-41c77155d0f2866a,41c77155d0f2866a422de08aca39c16f67da26402a4ec689b44843988bfec01d,benign,B,,,"https://f-droid.org/en/packages/cash.p.terminal/|{""note"": ""official build from the project's own F-Droid repository"", ""package_id"": ""cash.p.terminal"", ""sha_origin"": ""computed from official F-Droid APK download"", ""source"": ""F-Droid"", ""version_code"": 255, ""version_name"": ""0.59.3""}"
fd-77530a94f31146d7,77530a94f31146d78a17b5de5efad99f773ae046af1e863dd028ed404963f856,benign,B,,,"https://f-droid.org/en/packages/com.boldwallet/|{""note"": ""official build from the project's own F-Droid repository"", ""package_id"": ""com.boldwallet"", ""sha_origin"": ""computed from official F-Droid APK download"", ""source"": ""F-Droid"", ""version_code"": 69, ""version_name"": ""4.0.6""}"
fd-9cac18f9f2713f26,9cac18f9f2713f264a9410a6b6cc661512bebdcbe8e381617cd8f5c7bdde60e0,benign,B,,,"https://f-droid.org/en/packages/com.greenaddress.greenbits_android_wallet/|{""note"": ""official build from the project's own F-Droid repository"", ""package_id"": ""com.greenaddress.greenbits_android_wallet"", ""sha_origin"": ""computed from official F-Droid APK download"", ""source"": ""F-Droid"", ""version_code"": 22000527, ""version_name"": ""5.6.1""}"
fd-f7f58143fda0a667,f7f58143fda0a667e853213e88389ce62da25b0a6a9f1e300b5e9adaa9ceab83,benign,B,,,"https://f-droid.org/en/packages/io.horizontalsystems.bankwallet/|{""note"": ""official build from the project's own F-Droid repository"", ""package_id"": ""io.horizontalsystems.bankwallet"", ""sha_origin"": ""computed from official F-Droid APK download"", ""source"": ""F-Droid"", ""version_code"": 177, ""version_name"": ""0.50.1""}"
pb-0348da5b85c6c614,0348da5b85c6c614e63ed4a21072c91ee9f59f23957cf3113f387abb2413ed3b,benign,B,,,|official F-Droid repository build (f-droid.org) of real fintech app com.yash.xpenc; hash-verified APK imported from F-Droid CDN
pb-071d3e1a2493b8f1,071d3e1a2493b8f170ef3aeea2bb9491a68007a6b1450141232de8a04cd12d90,benign,B,,,|official F-Droid repository build (f-droid.org) of real fintech app com.gorunjinian.metrovault; hash-verified APK imported from F-Droid CDN
pb-07853024bdae8613,07853024bdae86135539f25ae55e0e4a9d7cd917528497896e27246dc96ee5fe,benign,B,,,|official F-Droid repository build (f-droid.org) of real fintech app de.schildbach.wallet_test; hash-verified APK imported from F-Droid CDN
pb-0a330f49a081cd30,0a330f49a081cd3051c4501f80c34bd070c06ccfff02c1e519747be84899be80,benign,B,,,https://play.google.com/store/apps/details?id=com.dreautall.waterflyiii&hl=en&gl=bd|official F-Droid repository build (f-droid.org) of real fintech app com.dreautall.waterflyiii; hash-verified APK imported from F-Droid CDN
pb-0c3ac41295751b6a,0c3ac41295751b6af023bb157094af9debfcca73331746b0e46934f1feab349b,benign,B,,,|official F-Droid repository build (f-droid.org) of real fintech app com.fr.laboussole.track; hash-verified APK imported from F-Droid CDN
pb-0d79f7c0506c3f78,0d79f7c0506c3f78ce089c1866de177bf1778da9fb79e8bb9fef3895da7f225b,benign,B,,,|official F-Droid repository build (f-droid.org) of real fintech app com.erfangholami.solidshare; hash-verified APK imported from F-Droid CDN
pb-0dc3c4f2fabe6ee5,0dc3c4f2fabe6ee51c718dc8b97d54661afc17be787175ceade45995154b3f8a,benign,B,,,|official F-Droid repository build (f-droid.org) of real fintech app de.box2code.matoid; hash-verified APK imported from F-Droid CDN
pb-0e1a5360344e17d3,0e1a5360344e17d314980259a1f560e45cbecf32cd59167715700434d6b4dcbc,benign,B,,,|official F-Droid repository build (f-droid.org) of real fintech app eu.uwot.fabio.altcoinprices; hash-verified APK imported from F-Droid CDN
pb-0e9762c303f50cee,0e9762c303f50ceed4a8477ac78877e494eb8dc89b26518450474ac842c9005a,benign,B,,,|official F-Droid repository build (f-droid.org) of real fintech app com.komodoplatform.komodowallet; hash-verified APK imported from F-Droid CDN
pb-0ea2caf76ba2916f,0ea2caf76ba2916fe07b6e5f4c3f8cbb4605e752ba09944277e5d8a0340cd5d0,benign,B,,,|official F-Droid repository build (f-droid.org) of real fintech app com.mustafacanyucel.fireflyiiishortcuts; hash-verified APK imported from F-Droid CDN
pb-0f840076fbfc0054,0f840076fbfc0054c1878629e328348470d3d3cf68a6b4e3ca884097ea29d37f,benign,B,,,https://play.google.com/store/apps/details?id=com.ripster.sossoldi&hl=en&gl=bd|official F-Droid repository build (f-droid.org) of real fintech app com.ripster.sossoldi; hash-verified APK imported from F-Droid CDN
pb-120051bf6a36a7f2,120051bf6a36a7f242a1836f1c9926be91eebc555f50267c364fa2f010e2a088,benign,B,,,https://play.google.com/store/apps/details?id=com.vermont.possin&hl=en&gl=bd|official F-Droid repository build (f-droid.org) of real fintech app com.vermont.possin; hash-verified APK imported from F-Droid CDN
pb-12ebe9effb1aef57,12ebe9effb1aef571cbb3bcca2e8f4205b0bfcf5e9f4140662577f132deeb56d,benign,B,,,|official F-Droid repository build (f-droid.org) of real fintech app de.drmaxnix.mfcbalance; hash-verified APK imported from F-Droid CDN
pb-143d47be582ca211,143d47be582ca2111e1b1657b6b48110846e1e031ef3b7291b300ffe4f54883c,benign,B,,,https://play.google.com/store/apps/details?id=com.invoiceninja.app&hl=en&gl=bd|official F-Droid repository build (f-droid.org) of real fintech app com.invoiceninja.app; hash-verified APK imported from F-Droid CDN
pb-16481e2d6ad1b2ec,16481e2d6ad1b2ec2ef903e78c559d330c3ed5c8b4a335d4f628e0022ad1d8c7,benign,B,,,https://play.google.com/store/apps/details?id=de.varengold.activeTAN&hl=en&gl=bd|official F-Droid repository build (f-droid.org) of real fintech app de.varengold.activeTAN; hash-verified APK imported from F-Droid CDN
pb-184d916a4d07f6b3,184d916a4d07f6b3b94628ec0e75bb7614e5d01516dd336dde9ae1bf62b921ef,benign,B,,,|official F-Droid repository build (f-droid.org) of real fintech app de.bixilon.unithen; hash-verified APK imported from F-Droid CDN
pb-1c9cf93663281863,1c9cf93663281863099c2a85e5d22a320e5882726c76b8ae3938a343b9ffb6fb,benign,B,,,|official F-Droid repository build (f-droid.org) of real fintech app de.php_tech.piggybudget; hash-verified APK imported from F-Droid CDN
pb-1fe26ebcde09ff2c,1fe26ebcde09ff2c36af5499595d7c409bd4cf90e915e2de9560c105d5edfcdd,benign,B,,,|official F-Droid repository build (f-droid.org) of real fintech app net.taler.wallet.fdroid; hash-verified APK imported from F-Droid CDN
pb-20c1381c150ce2c8,20c1381c150ce2c84ddbd1067be0f5fae477a241db605c3f9ddbd83cd4c154a4,benign,B,,,|official F-Droid repository build (f-droid.org) of real fintech app com.flasskamp.subz; hash-verified APK imported from F-Droid CDN
pb-2189f6f6fb287859,2189f6f6fb287859d3afd992b177738204618dce38f133f984ec84fb4af455fc,benign,B,,,https://play.google.com/store/apps/details?id=com.github.emavgl.piggybankpro&hl=en&gl=bd|official F-Droid repository build (f-droid.org) of real fintech app com.github.emavgl.piggybankpro; hash-verified APK imported from F-Droid CDN
pb-218a5fd59815c63d,218a5fd59815c63dd74cff65e1ada17ac6f92a0aa7fb5c273813bb0f2421cd0f,benign,B,,,https://play.google.com/store/apps/details?id=hashengineering.groestlcoin.wallet&hl=en&gl=bd|official F-Droid repository build (f-droid.org) of real fintech app hashengineering.groestlcoin.wallet; hash-verified APK imported from F-Droid CDN
pb-2392f566ee957dc4,2392f566ee957dc4ab03c4aa278bd03d7f8cdc3e730a18a7f54fce763b02aed7,benign,B,,,|official F-Droid repository build (f-droid.org) of real fintech app io.github.herrerad85.tallybook; hash-verified APK imported from F-Droid CDN
pb-268b73b4dd48f8ef,268b73b4dd48f8ef02af9d32848246038e0bd160ec2d441e30f0dd09f39ccaff,benign,B,,,|official F-Droid repository build (f-droid.org) of real fintech app de.k4ever.k4android; hash-verified APK imported from F-Droid CDN
pb-2e5cda1f0cb32f14,2e5cda1f0cb32f14443c142677d0083cfcb175d8d483dcbf363d664b612dae87,benign,B,,,|official F-Droid repository build (f-droid.org) of real fintech app com.gitlab.uak.mobile_paper_wallet; hash-verified APK imported from F-Droid CDN
pb-3e6c73fd0acd0eee,3e6c73fd0acd0eeeb2394c2ad20b95266f6ff1529c7f87fd8a6819468274fa96,benign,B,,,https://play.google.com/store/apps/details?id=com.fiveseven.tabataxtreme&hl=en&gl=bd|official F-Droid repository build (f-droid.org) of real fintech app com.fiveseven.tabataxtreme; hash-verified APK imported from F-Droid CDN
pb-3f8f31a5b92bf8fa,3f8f31a5b92bf8fa14decd4169fe0642792cea5a12361424d23c05410e5201f5,benign,B,,,|official F-Droid repository build (f-droid.org) of real fintech app ademar.bitac; hash-verified APK imported from F-Droid CDN
pb-45a5ae09f65dc123,45a5ae09f65dc1239ccc455d61437d357bcdf6dfade705a135f1fdfcb473faa7,benign,B,,,https://play.google.com/store/apps/details?id=eu.pretix.pretixscan.droid&hl=en&gl=bd|official F-Droid repository build (f-droid.org) of real fintech app eu.pretix.pretixscan.droid; hash-verified APK imported from F-Droid CDN
pb-48e5f4955bba3864,48e5f4955bba38641b9185f8eec1d6e1d552144a2555c3b9b5615b1b1d620743,benign,B,,,|official F-Droid repository build (f-droid.org) of real fintech app com.marotoweb.cajuscan_app; hash-verified APK imported from F-Droid CDN
pb-49ebbfc3ac0696fb,49ebbfc3ac0696fb37dbbed18af61eacbf5030da5cd8cbfa62fe2397ab81a4fd,benign,B,,,|official F-Droid repository build (f-droid.org) of real fintech app de.blocklink.pigrid; hash-verified APK imported from F-Droid CDN
pb-4f01f40d06d82fc5,4f01f40d06d82fc5b8cfbbc5eccd083151a86564fbd4fa420eb54aaebf668b71,benign,B,,,https://play.google.com/store/apps/details?id=me.hackerchick.catima&hl=en&gl=bd|official F-Droid repository build (f-droid.org) of real fintech app me.hackerchick.catima; hash-verified APK imported from F-Droid CDN
pb-53551f90ff7c34f7,53551f90ff7c34f78220fa51829f0d5108b78076769b266861c6645d812db094,benign,B,,,|official F-Droid repository build (f-droid.org) of real fintech app com.limecore.nexus; hash-verified APK imported from F-Droid CDN
pb-578c7ac201b82258,578c7ac201b8225871a3446148659fdcc4fb13c28cc9bda5e1273fc9d27aa1b4,benign,B,,,|official F-Droid repository build (f-droid.org) of real fintech app de.cryptobitch.muelli.vouchercalc; hash-verified APK imported from F-Droid CDN
pb-5a2cde3008a187a2,5a2cde3008a187a20225a6246a02eb4fee983ec4e3ceb128425116f1b17a3676,benign,B,,,|official F-Droid repository build (f-droid.org) of real fintech app com.nvllz.piggsy; hash-verified APK imported from F-Droid CDN
pb-5b82773038ce826a,5b82773038ce826a29fdca0763a0728a9aca946d6eeb7c02d9423aa6e3b8f80d,benign,B,,,|official F-Droid repository build (f-droid.org) of real fintech app net.clench.wallet; hash-verified APK imported from F-Droid CDN
pb-5c8e788703690fc0,5c8e788703690fc07e44cde5ff3cb1006e8d102a60f75a8b7d096b6db8893e88,benign,B,,,https://play.google.com/store/apps/details?id=com.michaeltroger.gruenerpass&hl=en&gl=bd|official F-Droid repository build (f-droid.org) of real fintech app com.michaeltroger.gruenerpass; hash-verified APK imported from F-Droid CDN
pb-5daba76d9219ecb4,5daba76d9219ecb4efe91f1777a8d32ad6247f60ef7fc6e7af544ee5aa32c8c8,benign,B,,,|official F-Droid repository build (f-droid.org) of real fintech app es.jjrh.bikeradar; hash-verified APK imported from F-Droid CDN
pb-5e5c49cfbdd1fc0c,5e5c49cfbdd1fc0c8e900da3621f738dca3351892b2212ccf8648e42f8f89de2,benign,B,,,|official F-Droid repository build (f-droid.org) of real fintech app dev.maartje.hetsaldo; hash-verified APK imported from F-Droid CDN
pb-5ef8cabf4de2ef9d,5ef8cabf4de2ef9d015fbf465f59111ae8c9b96aa7968d1019c8aa9f86b3394f,benign,B,,,|official F-Droid repository build (f-droid.org) of real fintech app com.soumikshah.investmenttracker; hash-verified APK imported from F-Droid CDN
pb-5fac0ebcd9c71b64,5fac0ebcd9c71b6492e2f73aca3ee078d044e5da8b448ea1665b52a15dc64273,benign,B,,,https://play.google.com/store/apps/details?id=com.bitcoin.sharedhaven.testnet&hl=en&gl=bd|official F-Droid repository build (f-droid.org) of real fintech app com.bitcoin.sharedhaven.testnet; hash-verified APK imported from F-Droid CDN
pb-606eefd5a22447b6,606eefd5a22447b604ad839942f1d5536579d7382f53638dc4c1a561a77ccf06,benign,B,,,https://play.google.com/store/apps/details?id=com.baluchon.app&hl=en&gl=bd|official F-Droid repository build (f-droid.org) of real fintech app com.baluchon.app; hash-verified APK imported from F-Droid CDN
pb-6361494c45b9c9f8,6361494c45b9c9f88969c1a4c8e1ff1b9e4659d1dd6f9741dbd79d0b07ee7742,benign,B,,,|official F-Droid repository build (f-droid.org) of real fintech app com.brentpanther.litecoinwidget; hash-verified APK imported from F-Droid CDN
pb-64add70518a4df56,64add70518a4df56fbfa04927161a243b01551a042e16ad7f6836d578b595897,benign,B,,,https://play.google.com/store/apps/details?id=com.bily&hl=en&gl=bd|official F-Droid repository build (f-droid.org) of real fintech app com.bily; hash-verified APK imported from F-Droid CDN
pb-6650e817ea2127d1,6650e817ea2127d16046969fdc014ef164fca229b5587a410797c664f2e2fe2e,benign,B,,,https://play.google.com/store/apps/details?id=nz.eloque.foss_wallet&hl=en&gl=bd|official F-Droid repository build (f-droid.org) of real fintech app nz.eloque.foss_wallet; hash-verified APK imported from F-Droid CDN
pb-66d2a92f5690eea3,66d2a92f5690eea317b93ec12a5068fe95000a6c11587644b7466b1ae4ed1bc8,benign,B,,,|official F-Droid repository build (f-droid.org) of real fintech app cz.jancejka.spayddecoder; hash-verified APK imported from F-Droid CDN
pb-6b3b19d49beabe88,6b3b19d49beabe885a4256c920b781c02665da12c22e4c55f26ea2202a0310e8,benign,B,,,|official F-Droid repository build (f-droid.org) of real fintech app com.nickspatties.timeclock; hash-verified APK imported from F-Droid CDN
pb-6b90cfc4dc4b7aba,6b90cfc4dc4b7abad1b0df82f22e218d31c067ad47c5c2e9a4156e589b4f76ac,benign,B,,,https://play.google.com/store/apps/details?id=app.bitbag&hl=en&gl=bd|official F-Droid repository build (f-droid.org) of real fintech app app.bitbag; hash-verified APK imported from F-Droid CDN
pb-71cad24235e1eec7,71cad24235e1eec79cb6e472c206c76689bbc7c84de4d712a25b297f6dafc7fc,benign,B,,,|official F-Droid repository build (f-droid.org) of real fintech app com.emmanuelmess.simpleaccounting; hash-verified APK imported from F-Droid CDN
pb-721b5ff3fb3d9b21,721b5ff3fb3d9b21a31495c7a37da5f3daf212547cc92bafc800f7adeccd18ca,benign,B,,,|official F-Droid repository build (f-droid.org) of real fintech app com.vgorcum.minedmonero; hash-verified APK imported from F-Droid CDN
pb-74e0413a044db2b8,74e0413a044db2b8044714a84b273ed5422fbedbec0fe973ba2150ef2d83e67e,benign,B,,,https://play.google.com/store/apps/details?id=hashengineering.darkcoin.wallet&hl=en&gl=bd|official F-Droid repository build (f-droid.org) of real fintech app hashengineering.darkcoin.wallet; hash-verified APK imported from F-Droid CDN
pb-75ccfb66b9788290,75ccfb66b9788290c3b8077d5c95a9c3c2384e153298360f21eace241ccbdf12,benign,B,,,https://play.google.com/store/apps/details?id=org.asafonov.monly&hl=en&gl=bd|official F-Droid repository build (f-droid.org) of real fintech app org.asafonov.monly; hash-verified APK imported from F-Droid CDN
pb-768d89c88ae18876,768d89c88ae18876a7074ffd612a347d3ea986409ebe6219db2ad4f4dbf0dd45,benign,B,,,|official F-Droid repository build (f-droid.org) of real fintech app de.koelle.christian.trickytripper; hash-verified APK imported from F-Droid CDN
pb-777343be081efca9,777343be081efca91de9ce876038ab831459606822baff549ae2d26c037e74ca,benign,B,,,|official F-Droid repository build (f-droid.org) of real fintech app com.gideontek.phonetrack; hash-verified APK imported from F-Droid CDN
pb-7bbdd994c2049d7f,7bbdd994c2049d7f527fe6a4d8046c4aeb6c6c459250e2a86f758479cb5f2bb5,benign,B,,,|official F-Droid repository build (f-droid.org) of real fintech app eth.brume.wallet; hash-verified APK imported from F-Droid CDN
pb-7cc489edc3af0a28,7cc489edc3af0a283670845f2196e088f460efa9be837a870c033380defec0e8,benign,B,,,https://play.google.com/store/apps/details?id=com.starry.greenstash&hl=en&gl=bd|official F-Droid repository build (f-droid.org) of real fintech app com.starry.greenstash; hash-verified APK imported from F-Droid CDN
pb-815e57ae6881e4f7,815e57ae6881e4f73e0ea73f2c2f494cc23df380c5f264a6b1b796ca91119263,benign,B,,,|official F-Droid repository build (f-droid.org) of real fintech app com.oriondev.moneywallet; hash-verified APK imported from F-Droid CDN
pb-818050c1f0137349,818050c1f01373495763a8312f50cc7f48a7f3255e33542c34404858d2c97461,benign,B,,,|official F-Droid repository build (f-droid.org) of real fintech app com.polyalerts; hash-verified APK imported from F-Droid CDN
pb-822c45c472b5340d,822c45c472b5340d34cc63f3357d7c632df967e8772d71f4c77939b6748bdab5,benign,B,,,|official F-Droid repository build (f-droid.org) of real fintech app be.chvp.nanoledger; hash-verified APK imported from F-Droid CDN
pb-85b74b788303d10c,85b74b788303d10cb4aacc72fa9697dff4431cfdcdde760d17c016debb1f87c4,benign,B,,,https://play.google.com/store/apps/details?id=im.nfc.nfsee&hl=en&gl=bd|official F-Droid repository build (f-droid.org) of real fintech app im.nfc.nfsee; hash-verified APK imported from F-Droid CDN
pb-865ef4fbdc1836e4,865ef4fbdc1836e4a1522c5b6059e73d913fd6fe3763568779c94dc516b26a33,benign,B,,,|official F-Droid repository build (f-droid.org) of real fintech app com.jerameeldelosreyes.sushi; hash-verified APK imported from F-Droid CDN
pb-8c5401b330a41dbe,8c5401b330a41dbecd00d1694fdc1ea1ce8dd9f1da8f3be6782fa8d1602cde56,benign,B,,,https://play.google.com/store/apps/details?id=im.status.ethereum&hl=en&gl=bd|official F-Droid repository build (f-droid.org) of real fintech app im.status.ethereum; hash-verified APK imported from F-Droid CDN
pb-8d8bb86861d9a31b,8d8bb86861d9a31bdee2192bb2eb83ddd393578c15b4c0f011dbd5e0d540fb7c,benign,B,,,https://play.google.com/store/apps/details?id=com.sidhant.wallet&hl=en&gl=bd|official F-Droid repository build (f-droid.org) of real fintech app com.sidhant.wallet; hash-verified APK imported from F-Droid CDN
pb-8ec38d3bcf0fe08f,8ec38d3bcf0fe08ff2efff1d6cb8805f1b25885fec171cb6ac77f803307eccce,benign,B,,,https://play.google.com/store/apps/details?id=de.dbauer.expensetracker&hl=en&gl=bd|official F-Droid repository build (f-droid.org) of real fintech app de.dbauer.expensetracker; hash-verified APK imported from F-Droid CDN
pb-95c3b2e8128b73b6,95c3b2e8128b73b6856edad7d0b265e8d417dc8d63168778266221a20278e9f1,benign,B,,,https://play.google.com/store/apps/details?id=app.michaelwuensch.bitbanana&hl=en&gl=bd|official F-Droid repository build (f-droid.org) of real fintech app app.michaelwuensch.bitbanana; hash-verified APK imported from F-Droid CDN
pb-95fe61b997307df9,95fe61b997307df9cc15463a8d71bbdc9da6ae6e2bfbd8ff84d54a7eddc758e7,benign,B,,,https://play.google.com/store/apps/details?id=de.cloneapps.crypto_prices&hl=en&gl=bd|official F-Droid repository build (f-droid.org) of real fintech app de.cloneapps.crypto_prices; hash-verified APK imported from F-Droid CDN
pb-96f7d72abed871c1,96f7d72abed871c13bab8888c07cc50fb219502c8b29cfe97aff923ae4754c32,benign,B,,,|official F-Droid repository build (f-droid.org) of real fintech app com.georgeyt9769.cardabase; hash-verified APK imported from F-Droid CDN
pb-97e650ed1af6d4af,97e650ed1af6d4afdf187268f21a8d4e4232a7fa9c98e9514bdb59980124066b,benign,B,,,https://play.google.com/store/apps/details?id=com.xvzan.simplemoneytracker&hl=en&gl=bd|official F-Droid repository build (f-droid.org) of real fintech app com.xvzan.simplemoneytracker; hash-verified APK imported from F-Droid CDN
pb-985f168221bb6f16,985f168221bb6f16459fc5616c195f6996896bb424a2c28c57755664a1cb7577,benign,B,,,https://play.google.com/store/apps/details?id=net.adhikary.mrtbuddy&hl=en&gl=bd|official F-Droid repository build (f-droid.org) of real fintech app net.adhikary.mrtbuddy; hash-verified APK imported from F-Droid CDN
pb-9a4f03129c0af898,9a4f03129c0af89883ece1005949f6515445c0b803240474ac77670d17a5f4a4,benign,B,,,|official F-Droid repository build (f-droid.org) of real fintech app com.huntercoles.pokerpayout; hash-verified APK imported from F-Droid CDN
pb-9b04b3daaa6a1ee3,9b04b3daaa6a1ee3b0fb280fec1a3052ab31e866ca36893d527631b42e740412,benign,B,,,https://play.google.com/store/apps/details?id=net.eneiluj.moneybuster&hl=en&gl=bd|official F-Droid repository build (f-droid.org) of real fintech app net.eneiluj.moneybuster; hash-verified APK imported from F-Droid CDN
pb-9b15698cca38bd41,9b15698cca38bd413081c18e1c1635fcd84007dfb2451a33f45047300ad4a75c,benign,B,,,|official F-Droid repository build (f-droid.org) of real fintech app com.isotjs.todosian; hash-verified APK imported from F-Droid CDN
pb-9bca8ec899b49a89,9bca8ec899b49a890ebe8ec2fff3c1fa2b59838f0189ff27b0c999af42f91018,benign,B,,,|official F-Droid repository build (f-droid.org) of real fintech app com.tkton.wallet; hash-verified APK imported from F-Droid CDN
pb-9bcd4dbc4ce89660,9bcd4dbc4ce89660d19c6998ae77e2ca5832b53d352112fc4f9d9c54092d7e73,benign,B,,,|official F-Droid repository build (f-droid.org) of real fintech app com.pixelpen.whereitwent.stable; hash-verified APK imported from F-Droid CDN
pb-9dfb396a1e94cb2b,9dfb396a1e94cb2b88a44718089c4233d4308ea02fd37523c7a3809381e30a6e,benign,B,,,https://play.google.com/store/apps/details?id=it.rfmariano.denaro&hl=en&gl=bd|official F-Droid repository build (f-droid.org) of real fintech app it.rfmariano.denaro; hash-verified APK imported from F-Droid CDN
pb-9e2796156ac2ceaf,9e2796156ac2ceaf8bd92f8374f83e9979a210a06d8b9ac73d0f0ddddcd08296,benign,B,,,|official F-Droid repository build (f-droid.org) of real fintech app com.neuronencrypt.app; hash-verified APK imported from F-Droid CDN
pb-9e980a602dd38786,9e980a602dd38786c5c7ff1ddd3a0eb3eade7035afa6f23256d03049c037cbbf,benign,B,,,|official F-Droid repository build (f-droid.org) of real fintech app net.ktnx.mobileledger; hash-verified APK imported from F-Droid CDN
pb-a02b64c18d0ec43a,a02b64c18d0ec43adfe87686551416a4c68f36db3a25122fc474797eb4880aee,benign,B,,,|official F-Droid repository build (f-droid.org) of real fintech app app.crescentcash.src; hash-verified APK imported from F-Droid CDN
pb-a71287d3526ae60c,a71287d3526ae60cf542b326b74ada7cc8ed83c58316f87ff9c51df3917871ef,benign,B,,,|official F-Droid repository build (f-droid.org) of real fintech app com.decred.decredaddressscanner; hash-verified APK imported from F-Droid CDN
pb-aca80d5cb30fc780,aca80d5cb30fc780cd2fbc977fcfa16e2f47ec55463d3152ae848629ae558253,benign,B,,,https://play.google.com/store/apps/details?id=ch.swissbitcoinpay.checkout&hl=en&gl=bd|official F-Droid repository build (f-droid.org) of real fintech app ch.swissbitcoinpay.checkout; hash-verified APK imported from F-Droid CDN
pb-af3d0b37ab5799d6,af3d0b37ab5799d6f13d8e0049fa1e64dc1188e400d4714c1a2dc133ba8acb85,benign,B,,,|official F-Droid repository build (f-droid.org) of real fintech app com.bote.app; hash-verified APK imported from F-Droid CDN
pb-b3608a275fe58985,b3608a275fe58985b5eebdecde40f23f13178625c083f317af32c22fd987addc,benign,B,,,|official F-Droid repository build (f-droid.org) of real fintech app io.github.dorumrr.happytaxes; hash-verified APK imported from F-Droid CDN
pb-b5a52921e73b5421,b5a52921e73b54212746775c2e44a045e02650dfd8471c9fd5a495881e03a09d,benign,B,,,|official F-Droid repository build (f-droid.org) of real fintech app com.cointrend; hash-verified APK imported from F-Droid CDN
pb-b930ae94b95afc55,b930ae94b95afc554b7cd3258fd78cf5d78b0022b60f74305d9d270f660e9a37,benign,B,,,|official F-Droid repository build (f-droid.org) of real fintech app com.nighthawkapps.wallet.android; hash-verified APK imported from F-Droid CDN
pb-bbeda401f4f9a07b,bbeda401f4f9a07b641a05dd87a59d55bcaea161b161c12dd24a92fee132c905,benign,B,,,https://play.google.com/store/apps/details?id=hashengineering.groestlcoin.wallet_test&hl=en&gl=bd|official F-Droid repository build (f-droid.org) of real fintech app hashengineering.groestlcoin.wallet_test; hash-verified APK imported from F-Droid CDN
pb-bdb4bb0cb196dc82,bdb4bb0cb196dc823eef7f3555b62d6ba8dcbb36d817fba612557c6f7f0ce526,benign,B,,,|official F-Droid repository build (f-droid.org) of real fintech app app.rapidsplit; hash-verified APK imported from F-Droid CDN
pb-c074faf61e908933,c074faf61e90893390bbcc45fd86aa1138024b8abf3f83cfddfcd20a3ecf6b44,benign,B,,,|official F-Droid repository build (f-droid.org) of real fintech app hisapkitap.com; hash-verified APK imported from F-Droid CDN
pb-c4c320f8acb78fa1,c4c320f8acb78fa110c82900af9a9a9e1bde7d72e70cb5bc645a7bbc70e404f3,benign,B,,,https://play.google.com/store/apps/details?id=com.a4a.g8invoicing&hl=en&gl=bd|official F-Droid repository build (f-droid.org) of real fintech app com.a4a.g8invoicing; hash-verified APK imported from F-Droid CDN
pb-c4f3d19987e0f83f,c4f3d19987e0f83f897abf9d36a858193eb0b89023a24192fe12f9aece1896b8,benign,B,,,|official F-Droid repository build (f-droid.org) of real fintech app com.concealnetwork.concealmobile; hash-verified APK imported from F-Droid CDN
pb-c5449aa142521bfa,c5449aa142521bfa9f2bf9eebe7c77899c80ebf116b8f5737bfe3857fe1351fa,benign,B,,,|official F-Droid repository build (f-droid.org) of real fintech app info.tangential.cone; hash-verified APK imported from F-Droid CDN
pb-c7fbb7a62636fc74,c7fbb7a62636fc74f33ce443e4a844979782fd5ff3616d4c9cf80e0cf93645e1,benign,B,,,https://play.google.com/store/apps/details?id=com.tombursch.kitchenowl&hl=en&gl=bd|official F-Droid repository build (f-droid.org) of real fintech app com.tombursch.kitchenowl; hash-verified APK imported from F-Droid CDN
pb-cbe56f2fa7f6d472,cbe56f2fa7f6d472b559f3d25c74d9bb67f39fcd67d9a1e3ee529e78b347f0dc,benign,B,,,|official F-Droid repository build (f-droid.org) of real fintech app com.wagebit.app; hash-verified APK imported from F-Droid CDN
pb-cc9f89cdec613482,cc9f89cdec61348292b8717c7f48b2f6b1ceaf767ee1972ac61a21d3d6369be6,benign,B,,,|official F-Droid repository build (f-droid.org) of real fintech app askanimus.arbeitszeiterfassung2; hash-verified APK imported from F-Droid CDN
pb-cd7e4c6ae237568a,cd7e4c6ae237568a1b02ba17b94212b5fc73c44ad02cc39400f456b3875d5b1e,benign,B,,,|official F-Droid repository build (f-droid.org) of real fintech app nz.eloque.quits; hash-verified APK imported from F-Droid CDN
pb-d1b6354764c504db,d1b6354764c504db986381c9e9c7652718c12dc06b7ac49bf646f3a13c2b0327,benign,B,,,|official F-Droid repository build (f-droid.org) of real fintech app com.example.mempal; hash-verified APK imported from F-Droid CDN
pb-d59bc59bf0c713f1,d59bc59bf0c713f185a6a838c1dfb5f8d83bdfcd710d35015e9e4b056fd59cda,benign,B,,,https://play.google.com/store/apps/details?id=com.brentpanther.bitcoinwidget&hl=en&gl=bd|official F-Droid repository build (f-droid.org) of real fintech app com.brentpanther.bitcoinwidget; hash-verified APK imported from F-Droid CDN
pb-d726effb18e3ef50,d726effb18e3ef50340dd9d4019565895808e492ff1d57f6e50fee9c9eff3b44,benign,B,,,|official F-Droid repository build (f-droid.org) of real fintech app mobi.boilr.boilr; hash-verified APK imported from F-Droid CDN
pb-d980bc5aac0b98d9,d980bc5aac0b98d95fe171817fca78ca797ab3dd3426d6f779f012db097d9400,benign,B,,,|official F-Droid repository build (f-droid.org) of real fintech app co.timsmart.vouchervault; hash-verified APK imported from F-Droid CDN
pb-dc1c00becc97f979,dc1c00becc97f979b614ac7714a12375f3a50550250bbfbe2ea134c80f0d215b,benign,B,,,https://play.google.com/store/apps/details?id=de.freewarepoint.whohasmystuff&hl=en&gl=bd|official F-Droid repository build (f-droid.org) of real fintech app de.freewarepoint.whohasmystuff; hash-verified APK imported from F-Droid CDN
pb-dcb4eee0c66f7659,dcb4eee0c66f7659159f07bc9846b0d64f98ef8f9137cb0c646fc9bfd3638bf9,benign,B,,,|official F-Droid repository build (f-droid.org) of real fintech app com.github.dmitrykouznetsov.softplusoptions; hash-verified APK imported from F-Droid CDN
pb-e0965a354b911263,e0965a354b9112636759379883f078e5bd20f00142af39ab1569693e47ff5991,benign,B,,,|official F-Droid repository build (f-droid.org) of real fintech app com.nishantboro.splititeasy; hash-verified APK imported from F-Droid CDN
pb-e1bba5ce61149579,e1bba5ce611495798eb990758afb4a7d685075e02f45de27761092965bac64bb,benign,B,,,|official F-Droid repository build (f-droid.org) of real fintech app com.amanoteam.kurt; hash-verified APK imported from F-Droid CDN
pb-e8d8e4e573685b7f,e8d8e4e573685b7ff70f0a4f184bada76bbb4f44f4beecea1d7b459f65e7351c,benign,B,,,|official F-Droid repository build (f-droid.org) of real fintech app business.braid.f_wallet; hash-verified APK imported from F-Droid CDN
pb-f67fd4c8878bde27,f67fd4c8878bde279a0b847e8ef4ce67035b0653b5dc8447442f614ef056becc,benign,B,,,|official F-Droid repository build (f-droid.org) of real fintech app com.github.saikcaskey.pokertracker; hash-verified APK imported from F-Droid CDN
pb-f75b250e92d08142,f75b250e92d0814287c5195f0a7c3f49588a38506ec70c85300d13a1e2f41040,benign,B,,,https://play.google.com/store/apps/details?id=net.taler.merchantpos&hl=en&gl=bd|official F-Droid repository build (f-droid.org) of real fintech app net.taler.merchantpos; hash-verified APK imported from F-Droid CDN
pb-faf689193af5f3db,faf689193af5f3db940091132f063913331144e63c258dca6d27216a73ae50c3,benign,B,,,|official F-Droid repository build (f-droid.org) of real fintech app com.blogspot.e_kanivets.moneytracker; hash-verified APK imported from F-Droid CDN
pb-fd1c5c94e5fc1e72,fd1c5c94e5fc1e72ba947774b72454332aafb79a7b691e833d51c3820cd35550,benign,B,,,https://play.google.com/store/apps/details?id=com.coinerella.peercoin&hl=en&gl=bd|official F-Droid repository build (f-droid.org) of real fintech app com.coinerella.peercoin; hash-verified APK imported from F-Droid CDN
pb-fd51165c363f7c80,fd51165c363f7c802fa6ae2d6ab4d36d5de80e85fd1679878124ff94615e4a8c,benign,B,,,|official F-Droid repository build (f-droid.org) of real fintech app com.kazispin.money_logs; hash-verified APK imported from F-Droid CDN
pb-fdf8f1befbb9b33f,fdf8f1befbb9b33f205093b4bc4f5b778a4ed45b39e7e4ad5ef2136893d21a21,benign,B,,,|official F-Droid repository build (f-droid.org) of real fintech app com.greenaddress.abcore; hash-verified APK imported from F-Droid CDN
pb-fef093c1b72dd0ff,fef093c1b72dd0ff6492e6c944a9403b553d7654b297d5b28c19570143914ba5,benign,B,,,|official F-Droid repository build (f-droid.org) of real fintech app io.github.pitonite.exch_cx; hash-verified APK imported from F-Droid CDN
pb-0d686dbcbca6b6f0,0d686dbcbca6b6f0e05fea2e40d28df302c7554d662112e79b058d3a411317b5,benign,B,,,|official F-Droid repository build (f-droid.org) of real fintech/near-fintech app com.simonimal.minimalcurconv; hash-verified APK imported from F-Droid CDN
pb-0eea65d472f0567b,0eea65d472f0567b5750433cc9038d9c26fae4cce1f2e2f5149be768479000ae,benign,B,,,https://play.google.com/store/apps/details?id=org.veilproject.wallet&hl=en&gl=bd|official F-Droid repository build (f-droid.org) of real fintech/near-fintech app org.veilproject.wallet; hash-verified APK imported from F-Droid CDN
pb-1739b54535ea6984,1739b54535ea6984f6d98c9dccfcc19bb7858fe679152e44a7e8f35de174c165,benign,B,,,|official F-Droid repository build (f-droid.org) of real fintech/near-fintech app org.eagsoftware.basiccashflow; hash-verified APK imported from F-Droid CDN
pb-1ade5ad7a9bca951,1ade5ad7a9bca951efc08c9b9d20d7a2b8f37d846ffa44a68f6517efbf2b0488,benign,B,,,|official F-Droid repository build (f-droid.org) of real fintech/near-fintech app org.juanro.autumandu; hash-verified APK imported from F-Droid CDN
pb-1b2f35f99dff9c26,1b2f35f99dff9c26812c3650b6c2754dabd85b024dcd692e6f2c3aea698b8bda,benign,B,,,|official F-Droid repository build (f-droid.org) of real fintech/near-fintech app org.ligi.passandroid; hash-verified APK imported from F-Droid CDN
pb-4a5b968782511442,4a5b968782511442af78cb5c19aba93e8f8aca00dd7f3b8a9aa58937ff5835f5,benign,B,,,|official F-Droid repository build (f-droid.org) of real fintech/near-fintech app org.ebur.debitum; hash-verified APK imported from F-Droid CDN
pb-4e965df239af3164,4e965df239af31646098afeec56263a3aa038588fbc255658724724b0879f144,benign,B,,,https://play.google.com/store/apps/details?id=org.encointer.wallet&hl=en&gl=bd|official F-Droid repository build (f-droid.org) of real fintech/near-fintech app org.encointer.wallet; hash-verified APK imported from F-Droid CDN
pb-5a82665972e48f2e,5a82665972e48f2eeb78450bc5a58a42a03c548fa215487a15e0bb0b46be01d4,benign,B,,,|official F-Droid repository build (f-droid.org) of real fintech/near-fintech app com.offlinecurrencyconverter.app; hash-verified APK imported from F-Droid CDN
pb-739fae2c6facab68,739fae2c6facab68c3e4706995d232bbb278216f0a214a3d04b34cf0d67d6bc5,benign,B,,,|official F-Droid repository build (f-droid.org) of real fintech/near-fintech app xyz.hisname.fireflyiii; hash-verified APK imported from F-Droid CDN
pb-84d8aa09635922c8,84d8aa09635922c8b43b593a4b8ed5731bfb75a7bece53b03dbc35853f51b29f,benign,B,,,https://play.google.com/store/apps/details?id=ua.com.radiokot.lnaddr2invoice&hl=en&gl=bd|official F-Droid repository build (f-droid.org) of real fintech/near-fintech app ua.com.radiokot.lnaddr2invoice; hash-verified APK imported from F-Droid CDN
pb-8597d07666fb801e,8597d07666fb801ee8d800824fcfe3e403c06e0387001309774eba6a928999ca,benign,B,,,|official F-Droid repository build (f-droid.org) of real fintech/near-fintech app org.secuso.privacyfriendlyfinancemanager; hash-verified APK imported from F-Droid CDN
pb-9f84a8189c59ee10,9f84a8189c59ee1080f9a1cc0ea02403373b3bb7d3e957925d0d337684b75f40,benign,B,,,|official F-Droid repository build (f-droid.org) of real fintech/near-fintech app com.github.muellerma.prepaidbalance; hash-verified APK imported from F-Droid CDN
pb-a755f6fa4ef77a74,a755f6fa4ef77a74c46dd2d9cad20852db3023041ab224f288af95238cd8d10e,benign,B,,,https://play.google.com/store/apps/details?id=org.magicgrants.skylight&hl=en&gl=bd|official F-Droid repository build (f-droid.org) of real fintech/near-fintech app org.magicgrants.skylight; hash-verified APK imported from F-Droid CDN
pb-ad9951f0fbf5208c,ad9951f0fbf5208ca32b3a689fc8a62019f770e77ce8ef778163fbb4a29ed2b2,benign,B,,,|official F-Droid repository build (f-droid.org) of real fintech/near-fintech app net.yukh.currency; hash-verified APK imported from F-Droid CDN
pb-b5a834d8492ee837,b5a834d8492ee8376e3436e333ecbd7b1e55a6a2315edac83be10c5665200da5,benign,B,,,https://play.google.com/store/apps/details?id=com.github.premnirmal.tickerwidget&hl=en&gl=bd|official F-Droid repository build (f-droid.org) of real fintech/near-fintech app com.github.premnirmal.tickerwidget; hash-verified APK imported from F-Droid CDN
pb-c83cf79124de9d50,c83cf79124de9d502093c0b1f64302d8df678c1ab5125904d927771d9ce70bec,benign,B,,,|official F-Droid repository build (f-droid.org) of real fintech/near-fintech app com.willchan.simple_random_stock; hash-verified APK imported from F-Droid CDN
pb-e16f4afef20bd28d,e16f4afef20bd28ddb1362ed915c4757b9d346a577ecad587b24a3f456a35906,benign,B,,,https://play.google.com/store/apps/details?id=com.codesail.market_monk&hl=en&gl=bd|official F-Droid repository build (f-droid.org) of real fintech/near-fintech app com.codesail.market_monk; hash-verified APK imported from F-Droid CDN
pb-fb2583289e09bea7,fb2583289e09bea7f1c8c3ed742db3a118769f7dc9df312adcb88a3d198a21aa,benign,B,,,|official F-Droid repository build (f-droid.org) of real fintech/near-fintech app org.billthefarmer.currency; hash-verified APK imported from F-Droid CDN
pb-fbe6a0eafc24597c,fbe6a0eafc24597ca82b7de2e47fe0d666e15564dcacdd62ee8991446f42f226,benign,B,,,|official F-Droid repository build (f-droid.org) of real fintech/near-fintech app net.kaltner.LoanPro; hash-verified APK imported from F-Droid CDN
