sample_id,sha256,source,class_label,label_confidence,family,package_name,app_name,version_code,version_name,fintech_category,country,vt_detection,static_manifest.apk.size_bytes,static_manifest.dex.date,static_manifest.perm.Manifest.permission.CAPTURE_SECURE_VIDEO_OUTPUT,static_manifest.perm.Manifest.permission.CAPTURE_VIDEO_OUTPUT,static_manifest.perm.ademar.bitac.DYNAMIC_RECEIVER_NOT_EXPORTED_PERMISSION,static_manifest.perm.android.Manifest.permission.READ_PHONE_STATE,static_manifest.perm.android.permission.ACCESS_ADSERVICES_AD_ID,static_manifest.perm.android.permission.ACCESS_ADSERVICES_ATTRIBUTION,static_manifest.perm.android.permission.ACCESS_BACKGROUND_LOCATION,static_manifest.perm.android.permission.ACCESS_COARSE_LOCATION,static_manifest.perm.android.permission.ACCESS_FINE_LOCATION,static_manifest.perm.android.permission.ACCESS_LOCATION_EXTRA_COMMANDS,static_manifest.perm.android.permission.ACCESS_NETWORK_STATE,static_manifest.perm.android.permission.ACCESS_NOTIFICATION_POLICY,static_manifest.perm.android.permission.ACCESS_WIFI_STATE,static_manifest.perm.android.permission.ACTION_MANAGE_OVERLAY_PERMISSION,static_manifest.perm.android.permission.ACTIVITY_RECOGNITION,static_manifest.perm.android.permission.ADD_VOICEMAIL,static_manifest.perm.android.permission.AUTHENTICATE_ACCOUNTS,static_manifest.perm.android.permission.BATTERY_STATS,static_manifest.perm.android.permission.BIND_ACCESSIBILITY_SERVICE,static_manifest.perm.android.permission.BLUETOOTH,static_manifest.perm.android.permission.BLUETOOTH_ADMIN,static_manifest.perm.android.permission.BLUETOOTH_CONNECT,static_manifest.perm.android.permission.BLUETOOTH_SCAN,static_manifest.perm.android.permission.BROADCAST_SMS,static_manifest.perm.android.permission.BROADCAST_STICKY,static_manifest.perm.android.permission.CALL_PHONE,static_manifest.perm.android.permission.CAMERA,static_manifest.perm.android.permission.CHANGE_COMPONENT_ENABLED_STATE,static_manifest.perm.android.permission.CHANGE_NETWORK_STATE,static_manifest.perm.android.permission.CHANGE_WIFI_MULTICAST_STATE,static_manifest.perm.android.permission.CHANGE_WIFI_STATE,static_manifest.perm.android.permission.CLEAR_APP_CACHE,static_manifest.perm.android.permission.DETECT_SCREEN_CAPTURE,static_manifest.perm.android.permission.DISABLE_KEYGUARD,static_manifest.perm.android.permission.DOWNLOAD_WITHOUT_NOTIFICATION,static_manifest.perm.android.permission.EXPAND_STATUS_BAR,static_manifest.perm.android.permission.FLASHLIGHT,static_manifest.perm.android.permission.FOREGROUND_SERVICE,static_manifest.perm.android.permission.FOREGROUND_SERVICE_CAMERA,static_manifest.perm.android.permission.FOREGROUND_SERVICE_CONNECTED_DEVICE,static_manifest.perm.android.permission.FOREGROUND_SERVICE_DATA_SYNC,static_manifest.perm.android.permission.FOREGROUND_SERVICE_LOCATION,static_manifest.perm.android.permission.FOREGROUND_SERVICE_MEDIA_PLAYBACK,static_manifest.perm.android.permission.FOREGROUND_SERVICE_MEDIA_PROJECTION,static_manifest.perm.android.permission.FOREGROUND_SERVICE_REMOTE_MESSAGING,static_manifest.perm.android.permission.FOREGROUND_SERVICE_SHORT_SERVICE,static_manifest.perm.android.permission.FOREGROUND_SERVICE_SPECIAL_USE,static_manifest.perm.android.permission.GET_ACCOUNTS,static_manifest.perm.android.permission.GET_CLIPS,static_manifest.perm.android.permission.GET_INSTALLED_APPS,static_manifest.perm.android.permission.GET_PACKAGE_SIZE,static_manifest.perm.android.permission.GET_TASKS,static_manifest.perm.android.permission.HIDE_OVERLAY_WINDOWS,static_manifest.perm.android.permission.INSTALL_SHORTCUT,static_manifest.perm.android.permission.INTERNET,static_manifest.perm.android.permission.KILL_BACKGROUND_PROCESSES,static_manifest.perm.android.permission.MANAGE_ACCOUNTS,static_manifest.perm.android.permission.MANAGE_ALL_FILES_ACCESS_PERMISSION,static_manifest.perm.android.permission.MANAGE_EXTERNAL_STORAGE,static_manifest.perm.android.permission.MANAGE_EXTERNAL_STORAGE ,static_manifest.perm.android.permission.MANAGE_OWN_CALLS,static_manifest.perm.android.permission.MEDIA_PROJECTION,static_manifest.perm.android.permission.MODIFY_AUDIO_SETTINGS,static_manifest.perm.android.permission.MODIFY_PHONE_STATE,static_manifest.perm.android.permission.MOUNT_UNMOUNT_FILESYSTEMS,static_manifest.perm.android.permission.NEARBY_WIFI_DEVICES,static_manifest.perm.android.permission.NFC,static_manifest.perm.android.permission.PACKAGE_USAGE_STATS,static_manifest.perm.android.permission.POST_NOTIFICATIONS,static_manifest.perm.android.permission.QUERY_ALL_PACKAGES,static_manifest.perm.android.permission.QUICKBOOT_POWERON,static_manifest.perm.android.permission.READ_CALENDAR,static_manifest.perm.android.permission.READ_CALL_LOG,static_manifest.perm.android.permission.READ_CELL_BROADCASTS,static_manifest.perm.android.permission.READ_CLIPBOARD,static_manifest.perm.android.permission.READ_CLIPS,static_manifest.perm.android.permission.READ_CONTACTS,static_manifest.perm.android.permission.READ_EXTERNAL_STORAGE,static_manifest.perm.android.permission.READ_MEDIA_AUDIO,static_manifest.perm.android.permission.READ_MEDIA_IMAGES,static_manifest.perm.android.permission.READ_MEDIA_VIDEO,static_manifest.perm.android.permission.READ_MEDIA_VISUAL_USER_SELECTED,static_manifest.perm.android.permission.READ_PHONE_NUMBERS,static_manifest.perm.android.permission.READ_PHONE_STATE,static_manifest.perm.android.permission.READ_PRIVILEGED_PHONE_STATE,static_manifest.perm.android.permission.READ_PROFILE,static_manifest.perm.android.permission.READ_SMS,static_manifest.perm.android.permission.READ_SYNC_SETTINGS,static_manifest.perm.android.permission.READ_SYNC_STATS,static_manifest.perm.android.permission.REAL_GET_TASKS,static_manifest.perm.android.permission.RECEIVE_BOOT_COMPLETED,static_manifest.perm.android.permission.RECEIVE_LAUNCH_BROADCASTS,static_manifest.perm.android.permission.RECEIVE_MMS,static_manifest.perm.android.permission.RECEIVE_SMS,static_manifest.perm.android.permission.RECEIVE_USER_PRESENT,static_manifest.perm.android.permission.RECEIVE_WAP_PUSH,static_manifest.perm.android.permission.RECORD_AUDIO,static_manifest.perm.android.permission.REORDER_TASKS,static_manifest.perm.android.permission.REQUEST_COMPANION_RUN_IN_BACKGROUND,static_manifest.perm.android.permission.REQUEST_COMPANION_USE_DATA_IN_BACKGROUND,static_manifest.perm.android.permission.REQUEST_DELETE_PACKAGES,static_manifest.perm.android.permission.REQUEST_IGNORE_BATTERY_OPTIMIZATIONS,static_manifest.perm.android.permission.REQUEST_INSTALL_PACKAGES,static_manifest.perm.android.permission.REQUEST_PASSWORD_COMPLEXITY,static_manifest.perm.android.permission.SCHEDULE_EXACT_ALARM,static_manifest.perm.android.permission.SEND_SMS,static_manifest.perm.android.permission.SET_ALARM,static_manifest.perm.android.permission.SET_WALLPAPER,static_manifest.perm.android.permission.SET_WALLPAPER_HINTS,static_manifest.perm.android.permission.SYSTEM_ALERT_WINDOW,static_manifest.perm.android.permission.SYSTEM_ERROR_WINDOW,static_manifest.perm.android.permission.SYSTEM_OVERLAY_WINDOW,static_manifest.perm.android.permission.TURN_SCREEN_ON,static_manifest.perm.android.permission.TYPE_APPLICATION_OVERLAY,static_manifest.perm.android.permission.UPDATE_DEVICE_STATS,static_manifest.perm.android.permission.USES_POLICY_FORCE_LOCK,static_manifest.perm.android.permission.USE_BIOMETRIC,static_manifest.perm.android.permission.USE_CREDENTIALS,static_manifest.perm.android.permission.USE_EXACT_ALARM,static_manifest.perm.android.permission.USE_FINGERPRINT,static_manifest.perm.android.permission.USE_FULL_SCREEN_INTENT,static_manifest.perm.android.permission.VIBRATE,static_manifest.perm.android.permission.WAKE_LOCK,static_manifest.perm.android.permission.WRITE_CALENDAR,static_manifest.perm.android.permission.WRITE_CALL_LOG,static_manifest.perm.android.permission.WRITE_CLIPBOARD,static_manifest.perm.android.permission.WRITE_CLIPS,static_manifest.perm.android.permission.WRITE_CONTACTS,static_manifest.perm.android.permission.WRITE_EXTERNAL_STORAGE,static_manifest.perm.android.permission.WRITE_PROFILE,static_manifest.perm.android.permission.WRITE_SECURE_SETTINGS,static_manifest.perm.android.permission.WRITE_SETTINGS,static_manifest.perm.android.permission.WRITE_SMS,static_manifest.perm.android.permission.WRITE_SYNC_SETTINGS,static_manifest.perm.android.provider.Telephony.SMS_RECEIVED,static_manifest.perm.app.bitbag.DYNAMIC_RECEIVER_NOT_EXPORTED_PERMISSION,static_manifest.perm.app.michaelwuensch.bitbanana.DYNAMIC_RECEIVER_NOT_EXPORTED_PERMISSION,static_manifest.perm.askanimus.arbeitszeiterfassung2.DYNAMIC_RECEIVER_NOT_EXPORTED_PERMISSION,static_manifest.perm.be.chvp.nanoledger.DYNAMIC_RECEIVER_NOT_EXPORTED_PERMISSION,static_manifest.perm.business.braid.f_wallet.DYNAMIC_RECEIVER_NOT_EXPORTED_PERMISSION,static_manifest.perm.cash.p.terminal.DYNAMIC_RECEIVER_NOT_EXPORTED_PERMISSION,static_manifest.perm.ch.swissbitcoinpay.checkout.DYNAMIC_RECEIVER_NOT_EXPORTED_PERMISSION,static_manifest.perm.co.electriccoin.zcash.foss.DYNAMIC_RECEIVER_NOT_EXPORTED_PERMISSION,static_manifest.perm.com.a4a.g8invoicing.DYNAMIC_RECEIVER_NOT_EXPORTED_PERMISSION,static_manifest.perm.com.amaze.cloud.permission.ACCESS_PROVIDER,static_manifest.perm.com.anddoes.launcher.permission.UPDATE_COUNT,static_manifest.perm.com.android.alarm.permission.SET_ALARM,static_manifest.perm.com.android.browser.permission.READ_HISTORY_BOOKMARKS,static_manifest.perm.com.android.browser.permission.WRITE_HISTORY_BOOKMARKS,static_manifest.perm.com.android.launcher.permission.INSTALL_SHORTCUT,static_manifest.perm.com.android.launcher.permission.READ_SETTINGS,static_manifest.perm.com.android.launcher.permission.UNINSTALL_SHORTCUT,static_manifest.perm.com.android.launcher.permission.WRITE_SETTINGS,static_manifest.perm.com.android.launcher2.permission.READ_SETTINGS,static_manifest.perm.com.android.launcher2.permission.WRITE_SETTINGS,static_manifest.perm.com.android.launcher3.permission.READ_SETTINGS,static_manifest.perm.com.android.launcher3.permission.WRITE_SETTINGS,static_manifest.perm.com.android.vending.BILLING,static_manifest.perm.com.android.vending.CHECK_LICENSE,static_manifest.perm.com.baluchon.app.DYNAMIC_RECEIVER_NOT_EXPORTED_PERMISSION,static_manifest.perm.com.bily.DYNAMIC_RECEIVER_NOT_EXPORTED_PERMISSION,static_manifest.perm.com.bitcoin.sharedhaven.testnet.DYNAMIC_RECEIVER_NOT_EXPORTED_PERMISSION,static_manifest.perm.com.boldwallet.DYNAMIC_RECEIVER_NOT_EXPORTED_PERMISSION,static_manifest.perm.com.bote.app.DYNAMIC_RECEIVER_NOT_EXPORTED_PERMISSION,static_manifest.perm.com.brentpanther.bitcoinwidget.DYNAMIC_RECEIVER_NOT_EXPORTED_PERMISSION,static_manifest.perm.com.camavoyaxiwokocu.huvusuwi.DYNAMIC_RECEIVER_NOT_EXPORTED_PERMISSION,static_manifest.perm.com.codesail.market_monk.DYNAMIC_RECEIVER_NOT_EXPORTED_PERMISSION,static_manifest.perm.com.coinerella.peercoin.DYNAMIC_RECEIVER_NOT_EXPORTED_PERMISSION,static_manifest.perm.com.cointrend.DYNAMIC_RECEIVER_NOT_EXPORTED_PERMISSION,static_manifest.perm.com.concealnetwork.concealmobile.DYNAMIC_RECEIVER_NOT_EXPORTED_PERMISSION,static_manifest.perm.com.danilkinkin.buckwheat.DYNAMIC_RECEIVER_NOT_EXPORTED_PERMISSION,static_manifest.perm.com.dewoleyulucobazu.mowesi.DYNAMIC_RECEIVER_NOT_EXPORTED_PERMISSION,static_manifest.perm.com.dreautall.waterflyiii.DYNAMIC_RECEIVER_NOT_EXPORTED_PERMISSION,static_manifest.perm.com.erfangholami.solidshare.DYNAMIC_RECEIVER_NOT_EXPORTED_PERMISSION,static_manifest.perm.com.example.mempal.DYNAMIC_RECEIVER_NOT_EXPORTED_PERMISSION,static_manifest.perm.com.example.tiramisudropper.DYNAMIC_RECEIVER_NOT_EXPORTED_PERMISSION,static_manifest.perm.com.fiveseven.tabataxtreme.DYNAMIC_RECEIVER_NOT_EXPORTED_PERMISSION,static_manifest.perm.com.gejalevubakupa.sugi.DYNAMIC_RECEIVER_NOT_EXPORTED_PERMISSION,static_manifest.perm.com.gemwallet.android.DYNAMIC_RECEIVER_NOT_EXPORTED_PERMISSION,static_manifest.perm.com.georgeyt9769.cardabase.DYNAMIC_RECEIVER_NOT_EXPORTED_PERMISSION,static_manifest.perm.com.gideontek.phonetrack.DYNAMIC_RECEIVER_NOT_EXPORTED_PERMISSION,static_manifest.perm.com.github.dmitrykouznetsov.softplusoptions.DYNAMIC_RECEIVER_NOT_EXPORTED_PERMISSION,static_manifest.perm.com.github.emavgl.piggybankpro.DYNAMIC_RECEIVER_NOT_EXPORTED_PERMISSION,static_manifest.perm.com.github.muellerma.prepaidbalance.DYNAMIC_RECEIVER_NOT_EXPORTED_PERMISSION,static_manifest.perm.com.github.premnirmal.tickerwidget.DYNAMIC_RECEIVER_NOT_EXPORTED_PERMISSION,static_manifest.perm.com.github.saikcaskey.pokertracker.DYNAMIC_RECEIVER_NOT_EXPORTED_PERMISSION,static_manifest.perm.com.google.android.c2dm.permission.RECEIVE,static_manifest.perm.com.google.android.finsky.permission.BIND_GET_INSTALL_REFERRER_SERVICE,static_manifest.perm.com.google.android.gms.permission.ACTIVITY_RECOGNITION,static_manifest.perm.com.google.android.gms.permission.AD_ID,static_manifest.perm.com.gorunjinian.metrovault.DYNAMIC_RECEIVER_NOT_EXPORTED_PERMISSION,static_manifest.perm.com.goushik.upiwallet.DYNAMIC_RECEIVER_NOT_EXPORTED_PERMISSION,static_manifest.perm.com.greenaddress.greenbits_android_wallet.DYNAMIC_RECEIVER_NOT_EXPORTED_PERMISSION,static_manifest.perm.com.huawei.permission.external_app_settings.USE_COMPONENT,static_manifest.perm.com.huntercoles.pokerpayout.DYNAMIC_RECEIVER_NOT_EXPORTED_PERMISSION,static_manifest.perm.com.invoiceninja.app.DYNAMIC_RECEIVER_NOT_EXPORTED_PERMISSION,static_manifest.perm.com.isotjs.todosian.DYNAMIC_RECEIVER_NOT_EXPORTED_PERMISSION,static_manifest.perm.com.komodoplatform.komodowallet.DYNAMIC_RECEIVER_NOT_EXPORTED_PERMISSION,static_manifest.perm.com.limecore.nexus.DYNAMIC_RECEIVER_NOT_EXPORTED_PERMISSION,static_manifest.perm.com.marotoweb.cajuscan_app.DYNAMIC_RECEIVER_NOT_EXPORTED_PERMISSION,static_manifest.perm.com.melting.mantaught.DYNAMIC_RECEIVER_NOT_EXPORTED_PERMISSION,static_manifest.perm.com.michaeltroger.gruenerpass.DYNAMIC_RECEIVER_NOT_EXPORTED_PERMISSION,static_manifest.perm.com.money.manager.ex.DYNAMIC_RECEIVER_NOT_EXPORTED_PERMISSION,static_manifest.perm.com.motivities.grubroot.DYNAMIC_RECEIVER_NOT_EXPORTED_PERMISSION,static_manifest.perm.com.mustafacanyucel.fireflyiiishortcuts.DYNAMIC_RECEIVER_NOT_EXPORTED_PERMISSION,static_manifest.perm.com.myfinancemate.DYNAMIC_RECEIVER_NOT_EXPORTED_PERMISSION,static_manifest.perm.com.neuronencrypt.app.DYNAMIC_RECEIVER_NOT_EXPORTED_PERMISSION,static_manifest.perm.com.nighthawkapps.wallet.android.DYNAMIC_RECEIVER_NOT_EXPORTED_PERMISSION,static_manifest.perm.com.nisarexubunajo.xaroca.DYNAMIC_RECEIVER_NOT_EXPORTED_PERMISSION,static_manifest.perm.com.nvllz.piggsy.DYNAMIC_RECEIVER_NOT_EXPORTED_PERMISSION,static_manifest.perm.com.offlinecurrencyconverter.app.DYNAMIC_RECEIVER_NOT_EXPORTED_PERMISSION,static_manifest.perm.com.openapps.fintrack.DYNAMIC_RECEIVER_NOT_EXPORTED_PERMISSION,static_manifest.perm.com.pennywiseai.tracker.DYNAMIC_RECEIVER_NOT_EXPORTED_PERMISSION,static_manifest.perm.com.pixelpen.whereitwent.stable.DYNAMIC_RECEIVER_NOT_EXPORTED_PERMISSION,static_manifest.perm.com.polyalerts.DYNAMIC_RECEIVER_NOT_EXPORTED_PERMISSION,static_manifest.perm.com.rekezapayojekubu.kebi.DYNAMIC_RECEIVER_NOT_EXPORTED_PERMISSION,static_manifest.perm.com.ripster.sossoldi.DYNAMIC_RECEIVER_NOT_EXPORTED_PERMISSION,static_manifest.perm.com.ritesh.cashiro.DYNAMIC_RECEIVER_NOT_EXPORTED_PERMISSION,static_manifest.perm.com.sidhant.wallet.DYNAMIC_RECEIVER_NOT_EXPORTED_PERMISSION,static_manifest.perm.com.simonimal.minimalcurconv.DYNAMIC_RECEIVER_NOT_EXPORTED_PERMISSION,static_manifest.perm.com.sonyericsson.home.permission.BROADCAST_BADGE,static_manifest.perm.com.sonymobile.home.permission.PROVIDER_INSERT_BADGE,static_manifest.perm.com.starry.greenstash.DYNAMIC_RECEIVER_NOT_EXPORTED_PERMISSION,static_manifest.perm.com.symantec.mobilesecurity.BIND_GET_INSTALL_REFERRER_SERVICE,static_manifest.perm.com.symantec.mobilesecurity.DYNAMIC_RECEIVER_NOT_EXPORTED_PERMISSION,static_manifest.perm.com.tkton.wallet.DYNAMIC_RECEIVER_NOT_EXPORTED_PERMISSION,static_manifest.perm.com.tombursch.kitchenowl.DYNAMIC_RECEIVER_NOT_EXPORTED_PERMISSION,static_manifest.perm.com.vermont.possin.DYNAMIC_RECEIVER_NOT_EXPORTED_PERMISSION,static_manifest.perm.com.vivo.permission.manage.permission.ACCESS,static_manifest.perm.com.wireguard.android.permission.CONTROL_TUNNELS,static_manifest.perm.com.xiaomi.permission.ACCESS_SECURE_ELEMENT,static_manifest.perm.com.xiaomi.permission.ACCESS_SECURITY_CENTER,static_manifest.perm.com.xiaomi.permission.AUTH_SERVICE,static_manifest.perm.com.xvzan.simplemoneytracker.DYNAMIC_RECEIVER_NOT_EXPORTED_PERMISSION,static_manifest.perm.com.yash.xpenc.DYNAMIC_RECEIVER_NOT_EXPORTED_PERMISSION,static_manifest.perm.com.zejapizehiyuki.yijoro.DYNAMIC_RECEIVER_NOT_EXPORTED_PERMISSION,static_manifest.perm.cz.jancejka.spayddecoder.DYNAMIC_RECEIVER_NOT_EXPORTED_PERMISSION,static_manifest.perm.de.bixilon.unithen.DYNAMIC_RECEIVER_NOT_EXPORTED_PERMISSION,static_manifest.perm.de.dbauer.expensetracker.DYNAMIC_RECEIVER_NOT_EXPORTED_PERMISSION,static_manifest.perm.de.drmaxnix.mfcbalance.DYNAMIC_RECEIVER_NOT_EXPORTED_PERMISSION,static_manifest.perm.de.freewarepoint.whohasmystuff.DYNAMIC_RECEIVER_NOT_EXPORTED_PERMISSION,static_manifest.perm.de.varengold.activeTAN.DYNAMIC_RECEIVER_NOT_EXPORTED_PERMISSION,static_manifest.perm.dev.maartje.hetsaldo.DYNAMIC_RECEIVER_NOT_EXPORTED_PERMISSION,static_manifest.perm.es.jjrh.bikeradar.DYNAMIC_RECEIVER_NOT_EXPORTED_PERMISSION,static_manifest.perm.eth.brume.wallet.DYNAMIC_RECEIVER_NOT_EXPORTED_PERMISSION,static_manifest.perm.eu.pretix.pretixscan.droid.DYNAMIC_RECEIVER_NOT_EXPORTED_PERMISSION,static_manifest.perm.hashengineering.darkcoin.wallet.DYNAMIC_RECEIVER_NOT_EXPORTED_PERMISSION,static_manifest.perm.hisapkitap.com.DYNAMIC_RECEIVER_NOT_EXPORTED_PERMISSION,static_manifest.perm.im.nfc.nfsee.DYNAMIC_RECEIVER_NOT_EXPORTED_PERMISSION,static_manifest.perm.im.status.ethereum.DYNAMIC_RECEIVER_NOT_EXPORTED_PERMISSION,static_manifest.perm.io.github.dorumrr.happytaxes.DYNAMIC_RECEIVER_NOT_EXPORTED_PERMISSION,static_manifest.perm.io.github.pitonite.exch_cx.DYNAMIC_RECEIVER_NOT_EXPORTED_PERMISSION,static_manifest.perm.io.horizontalsystems.bankwallet.DYNAMIC_RECEIVER_NOT_EXPORTED_PERMISSION,static_manifest.perm.me.hackerchick.catima.DYNAMIC_RECEIVER_NOT_EXPORTED_PERMISSION,static_manifest.perm.net.adhikary.mrtbuddy.DYNAMIC_RECEIVER_NOT_EXPORTED_PERMISSION,static_manifest.perm.net.clench.wallet.DYNAMIC_RECEIVER_NOT_EXPORTED_PERMISSION,static_manifest.perm.net.eneiluj.moneybuster.DYNAMIC_RECEIVER_NOT_EXPORTED_PERMISSION,static_manifest.perm.net.kaltner.LoanPro.DYNAMIC_RECEIVER_NOT_EXPORTED_PERMISSION,static_manifest.perm.net.taler.merchantpos.DYNAMIC_RECEIVER_NOT_EXPORTED_PERMISSION,static_manifest.perm.net.taler.wallet.fdroid.DYNAMIC_RECEIVER_NOT_EXPORTED_PERMISSION,static_manifest.perm.net.yukh.currency.DYNAMIC_RECEIVER_NOT_EXPORTED_PERMISSION,static_manifest.perm.nz.eloque.foss_wallet.DYNAMIC_RECEIVER_NOT_EXPORTED_PERMISSION,static_manifest.perm.nz.eloque.quits.DYNAMIC_RECEIVER_NOT_EXPORTED_PERMISSION,static_manifest.perm.oplus.permission.OPLUS_COMPONENT_SAFE,static_manifest.perm.oppo.permission.OPPO_COMPONENT_SAFE,static_manifest.perm.org.eagsoftware.basiccashflow.DYNAMIC_RECEIVER_NOT_EXPORTED_PERMISSION,static_manifest.perm.org.electrum.electrum.DYNAMIC_RECEIVER_NOT_EXPORTED_PERMISSION,static_manifest.perm.org.encointer.wallet.DYNAMIC_RECEIVER_NOT_EXPORTED_PERMISSION,static_manifest.perm.org.juanro.autumandu.DYNAMIC_RECEIVER_NOT_EXPORTED_PERMISSION,static_manifest.perm.org.ligi.passandroid.DYNAMIC_RECEIVER_NOT_EXPORTED_PERMISSION,static_manifest.perm.org.magicgrants.skylight.DYNAMIC_RECEIVER_NOT_EXPORTED_PERMISSION,static_manifest.perm.org.secuso.privacyfriendlyfinancemanager.DYNAMIC_RECEIVER_NOT_EXPORTED_PERMISSION,static_manifest.perm.org.totschnig.myexpenses.DYNAMIC_RECEIVER_NOT_EXPORTED_PERMISSION,static_manifest.perm.org.veilproject.wallet.DYNAMIC_RECEIVER_NOT_EXPORTED_PERMISSION,static_manifest.perm.ua.com.radiokot.lnaddr2invoice.DYNAMIC_RECEIVER_NOT_EXPORTED_PERMISSION,static_manifest.sdk.min,static_manifest.sdk.target,static_code.dex.string_count,static_code.is_simulated,static_code.str_ind.accessibility,static_code.str_ind.bank_brand,static_code.str_ind.credential,static_code.str_ind.otp,static_code.str_ind.overlay,static_code.str_ind.payment,static_code.str_ind.sms,static_code.str_ind.ussd,static_code.str_ind.wallet,static_cert.cert.cn,static_cert.cert.digest,static_cert.cert.issuer_cn,static_cert.cert.org
mb-a6ed100ae42e4fda,a6ed100ae42e4fdabfd1b4c992762152bc4a11cc8e521b647b444c75bb7a9782,malwarebazaar_real,malicious,A,Godfather,com.motivities.grubroot,com.motivities.grubroot,1,1,,,,4134252,2024-07-11,,,,,,,,,,,,,,,,,,,,,,,,,,,,,,,,,,,,,,1,,,,,,,,,,,,,,,,,1,,,,,,,,,,,,,,1,1,,,,,,,,,,,,,,,,,,,,,,,,,,,,,,,,1,,,,,,,,,,,,,,,,,,,,,1,,,,,,,,,,,,,,,,,,,,,,,,,,,,,,,,,,,,,,,,,,,,,,,,,,,,,,,,,,,,,,,,,,,,,,,,,,,,,,,,,1,,,,,,,,,,,,,,,,,,,,,,,,,,,,,,,,,,,,,,,,,,,,,,,,,,,,,,,,,,,,,,,,,,,,,,,,26,33,0,0,0,0,0,0,0,0,0,0,0,drolls,a839e62493683fe9e3afaa70c89eea92a858904bb3c1618cf351d72cd76dcab4,drolls,Bedlingtonshire
mb-c2bccfc8b3bdf2da,c2bccfc8b3bdf2da5fb5c22055a9c4859256be7904933e9e0b92fa31fd0420d3,malwarebazaar_real,malicious,A,Godfather,com.parcellize.unmatrimonial,Müzik İndir,1,1.0,,,,4857276,2024-06-13,,,,,,,,,,,,,,,,,,,,,,,,,,,,,,,,,,,,,,,,,,,,,,,,,,,,,,,,,,,,,,,,,,,,,,1,,,,,,,,,,,,,,,,,,,,,,,,,,,,,,,,,1,,,,,,,,,,,,,,,,,,,,,,,,,,,,,,,,,,,,,,,,,,,,,,,,,,,,,,,,,,,,,,,,,,,,,,,,,,,,,,,,,,,,,,,,,,,,,,,,,,,,,,,,,,,,,,,,,,,,,,,,,,,,,,,,,,,,,,,,,,,,,,,,,,,,,,,,,,,,,,,,,,,,,,,,,,,,,26,33,0,0,0,0,0,0,0,0,0,0,0,marbleizing,7b6666c6dee91323c35f4786d258fc8f672908ca0f3be26a4e79c19accab575f,marbleizing,Poneridae
mb-58d335b2fd86126a,58d335b2fd86126ab18cfbecd117c7700d154a2473cc1bdd507c0f57fa7052e3,malwarebazaar_real,malicious,A,Godfather,com.sulphatase.wordman,Müzik İndir,1,1.0,,,,4857283,2024-07-14,,,,,,,,,,,,,,,,,,,,,,,,,,,,,,,,,,,,,,,,,,,,,,,,,,,,,,,,,,,,,,,,,,,,,,1,,,,,,,,,,,,,,,,,,,,,,,,,,,,,,,,,1,,,,,,,,,,,,,,,,,,,,,,,,,,,,,,,,,,,,,,,,,,,,,,,,,,,,,,,,,,,,,,,,,,,,,,,,,,,,,,,,,,,,,,,,,,,,,,,,,,,,,,,,,,,,,,,,,,,,,,,,,,,,,,,,,,,,,,,,,,,,,,,,,,,,,,,,,,,,,,,,,,,,,,,,,,,,,26,33,0,0,0,0,0,0,0,0,0,0,0,sito,98698815ea0c2f9482a488b87c0c205c652aa855a6b9ecc1358966755868c26b,sito,painkiller
mb-75cc07a1af57d9d2,75cc07a1af57d9d2a9a06840a25d1b9b368b1ddd57d98bac9a5a5f2f4d0d931d,malwarebazaar_real,malicious,A,Godfather,com.alphainventor.filemanager,Ş‎a‎r‎k‎ı E‎v‎r‎e‎n‎i,1,1.1.0,,,,4505444,2023-01-06,,,,,,,,,,,1,1,1,,,,,,1,,,,,,,1,,,1,,,,,1,,,,1,,,,,,,,,,,,,,,,,1,,,,1,,,,1,1,,,,,,1,,,,,,,1,,,,,,1,1,,,,,,,1,,,,,,,,,,,1,,,,,,,,1,,,,,1,,,,,,,,1,,,,,,1,,,,,,,,,,,,,,,,,,,,,,,,,,,,,,,,,,,,,,,,,,,,,,,,,,,,,,,,,,,,,,,,,1,,,,,,,,,,,,,,,,,,,,,,,,,,,,,,,,,,,,,,,,,,,,,,,,,,,,,,,,,,,,,,,,,,,,,,,1,,,,,,,,,,,26,31,0,0,0,0,0,0,0,0,0,0,0,Android,c8a2e9bccf597c2fb6dc66bee293fc13f2fc47ec77bc6b2b0d52c11f51192ab8,Android,Android
mb-3d4f63fc88ec8a4d,3d4f63fc88ec8a4dfc9a5c3fee1a59ded40bbb2f4f04ed937c135b144e8a166d,malwarebazaar_real,malicious,A,Godfather,com.snaperfect.inframe1,MYT Müzik,1,1.1.0,,,,4628592,2022-12-23,,,,,,,,,,,1,1,1,,,,,,1,,,,,,,1,,,1,,,,,1,,,,1,,,,,,,,,,,,,,,,,1,,,,1,,,,1,1,,,,,,1,,,,,,,1,,,,,,1,1,,,,,,,1,,,,,,,,,,,1,,,,,,,,1,,,,,1,,,,,,,,1,,,,,,1,,,,,,,,,,,,,,,,,,,,,,,,,,,,,,,,,,,,,,,,,,,,,,,,,,,,,,,,,,,,,,,,,1,,,,,,,,,,,,,,,,,,,,,,,,,,,,,,,,,,,,,,,,,,,,,,,,,,,,,,,,,,,,,,,,,,,,,,,1,,,,,,,,,,,26,31,0,0,0,0,0,0,0,0,0,0,0,Android,c8a2e9bccf597c2fb6dc66bee293fc13f2fc47ec77bc6b2b0d52c11f51192ab8,Android,Android
mb-20116083565a50f6,20116083565a50f6b2db59011e9994e9a9f5db5994703d53233b8b202a5ad2f3,malwarebazaar_real,malicious,A,Godfather,com.melting.mantaught,com.melting.mantaught,100,100,,,,5061037,2024-01-04,,,,,,,,,,,,,,,,,,,,,,,,,,,,,,,,,,,,,,1,,,,,,,,,,,,,,,,,1,,,,,,,,,,,,,,1,1,,,,,,,,,,,,,,,,,,,,,,,,,,,,,,,,1,,,,,,,,,,,,,,,,,,,,,1,,,,,,,,,,,,,,,,,,,,,,,,,,,,,,,,,,,,,,,,,,,,,,,,,,,,,,,,,,,,,,,,,,,,,,,,,,,,,,1,,,,,,,,,,,,,,,,,,,,,,,,,,,,,,,,,,,,,,,,,,,,,,,,,,,,,,,,,,,,,,,,,,,,,,,,,,,26,33,0,0,0,0,0,0,0,0,0,0,0,Android,c8a2e9bccf597c2fb6dc66bee293fc13f2fc47ec77bc6b2b0d52c11f51192ab8,Android,Android
mb-6e0d01c4c547d235,6e0d01c4c547d235c247a6d0719f2aca2d4996ae78df4b671275914a9e3fd2d3,malwarebazaar_real,malicious,A,Godfather,com.simplemobiletools.smsmessenger,Mar Müzik,1,1,,,,4577162,2023-01-15,,,,,,,,,,,1,,1,,,,,,1,,,,,,,,,,,,,,,1,,,,1,,,,,,,,,,,,,,,,,1,,,,1,,,,,,,,,,,1,,,,,,,,,,,,,,,,,,,,,1,,,,,,,,,,,1,,,,,,,,,,,,,,,,,,,,,1,,,,,,1,,,,,,,,,,,,,,,,,,,,,,,,,,,,,,,,,,,,,,,,,,,,,,,,,,,,,,,,,,,,,,,,,,,,,,,,,,,,,,,,,,,,,,,,,,,,,,,,,,,,,,,,,,,,,,,,,,,,,,,,,,,,,,,,,,,,,,,,,,,,,,,,,,,26,31,0,0,0,0,0,0,0,0,0,0,0,Obfuscapk,ed1399b288d3aac9ef9d43fcd9fbf90c7662b3ed0050b08f3c2988d24a8a42c9,Obfuscapk,Obfuscapk
mb-138551cd96762283,138551cd967622832f8a816ea1697a5d08ee66c379d32d8a6bd7fca9fdeaecc4,malwarebazaar_real,malicious,A,Godfather,com.expressvpn.vpn,MYT Müzik,1,1.1.0,,,,6103659,2022-12-14,,,,,,,,,,,1,,1,,,,,,1,,,,,,,1,,,1,,,,,1,,,,1,,,,,,,,,,,,,,,,,1,,,,1,,,,,1,,,,,,1,,,,,,,1,,,,,,1,1,,,,,,,1,,,,,,,,,,,1,,,,,,,,1,,,,,1,,,,,,,,1,,,,,,1,,,,,,,,,,,,,,,,,,,,,,,,,,,,,,,,,,,,,,,,,,,,,,,,,,,,,,,,,,,,,,,,,1,,,,,,,,,,,,,,,,,,,,,,,,,,,,,,,,,,,,,,,,,,,,,,,,,,,,,,,,,,,,,,,,,,,,,,,1,,,,,,,,,,,26,31,0,0,0,0,0,0,0,0,0,0,0,Android,c8a2e9bccf597c2fb6dc66bee293fc13f2fc47ec77bc6b2b0d52c11f51192ab8,Android,Android
mb-9dfb5b4ad9aac36c,9dfb5b4ad9aac36c2d7fbb93f8668faa819cb0df16f4a55d00f1cdda89c9a6d2,malwarebazaar_real,malicious,A,Godfather,com.infosoft.docutain,Android Protect,1,1.1.0,,,,12008461,2022-09-02,,,,,,,,,,,1,,1,,,,,,1,,,,,,,1,,,1,,,,,1,,,,1,,,,,,,,,,,,,,,,,1,,,,,,,,,1,,,,,,1,,,,,,,1,,,,,,,1,,,,,,,1,,,,,,,,,,,1,,,,,,,,1,,,,,1,,,,,,,,1,,,,,,,,,,,,,,,,,,,,,,,,,,,,,,,,,,,,,,,,,,,,,,,,,,,,,,,,,,,,,,,,,,,,,,,,,,,,,,,,,,,,,,,,,,,,,,,,,,,,,,,,,,,,,,,,,,,,,,,,,,,,,,,,,,,,,,,,,,,,,,,,,,,,,,,,,24,31,0,0,0,0,0,0,0,0,0,0,0,Android,c8a2e9bccf597c2fb6dc66bee293fc13f2fc47ec77bc6b2b0d52c11f51192ab8,Android,Android
mb-3bbef6f36e2e673d,3bbef6f36e2e673df2620a01463f9b598d0f70c76f450601ec29873d8eba5b7a,malwarebazaar_real,malicious,A,Godfather,com.hiby.music,D‎E‎H‎A M‎ü‎z‎i‎k,1,1.1.0,,,,4677804,2022-12-30,,,,,,,,,,,1,1,1,,,,,,1,,,,,,,1,,,1,,,,,1,,,,1,,,,,,,,,,,,,,,,,1,,,,1,,,,1,1,,,,,,1,,,,,,,1,,,,,,1,1,,,,,,,1,,,,,,,,,,,1,,,,,,,,1,,,,,1,,,,,,,,1,,,,,,1,,,,,,,,,,,,,,,,,,,,,,,,,,,,,,,,,,,,,,,,,,,,,,,,,,,,,,,,,,,,,,,,,1,,,,,,,,,,,,,,,,,,,,,,,,,,,,,,,,,,,,,,,,,,,,,,,,,,,,,,,,,,,,,,,,,,,,,,,1,,,,,,,,,,,26,31,0,0,0,0,0,0,0,0,0,0,0,Android,c8a2e9bccf597c2fb6dc66bee293fc13f2fc47ec77bc6b2b0d52c11f51192ab8,Android,Android
mb-464fee5a6d85370e,464fee5a6d85370e8764f0e682ef01cf2d9cef3efb7e4bbdf0146a94cc83ff4a,malwarebazaar_real,malicious,A,CopyBara,io.smart.evolve,N26 Pdf,1,1.0,,,,12653931,,,,,,,,,,,,,,,,,,,,,,,,,,,,,,,,,,,,,,,1,,,1,,,,,,,,,,,,,,1,,,,,,,,,,,,,,1,,,,,,,,,,,,,,,,,,,,,,,,,,,,,,,,,,1,,,,,,,,,,,,,,,,,,,,,,,,,,,,,,,,,,,,,,,,,,,,,,,,,,,,,,,,,,,,,,,,,,,,,,,,,,,,,,,,,,,,,,,,,,,,,,,,,,,,,,,,,,,,,,,,,,,,,,,,,,,,,,,,,,,,,,,,,,,,,,,,,,,,,,,,,,,,,,,,,,,,,,,,,,,,,26,33,0,0,0,0,0,0,0,0,0,0,0,np,492682f877607ee99df2ddd2bd5953fd727bdf6e19d397de9dbbafd582bcad75,np,np
mb-7cf365d61e59d5c3,7cf365d61e59d5c3dd50295b1d5a0c360da9eba1b4dc00cdc0f1ceee4a5cc412,malwarebazaar_real,malicious,A,CopyBara,com.upy2dl.ptroa5,Certificato N26,6714,1495,,,,9378448,,,,,,,,1,1,1,,1,1,1,1,,,,,,,,,,,,1,,,,,,,,,,1,,1,,,,1,1,,,,,,,,,,,,1,,,,,,,,,,,,,,1,1,,,,,,,,1,,,,,,1,,,,,,,1,,,,,,,,,,,1,1,,,,,,,1,1,,,,,,,,,,1,1,1,,,,,,1,,,1,,,,,,,,,,,,,,,1,,,,,,,,,,,,,,,,,,,,,,,,,,,,,,,,,,,,,,,,,,,,,,,,,,,,,,,,,,,,,,,,,,,,,,,,,,,,,,,,,,,,,,,,,,,,,,,,,,,,,,,,,,,,,,,,,,,,,,,,,,,,,,,,,21,35,0,0,0,0,0,0,0,0,0,0,0,Wikimedia Foundation,3daac6fab8a5de692c066a80d66ccde552a07408880d0ad1d369514015b4348e,Wikimedia Foundation,Wikimedia Foundation
mb-db2c9949fae4e779,db2c9949fae4e779f1d988d38b67ed9b3612dbf11c1159c791093aeef9cdab2c,malwarebazaar_real,malicious,A,CopyBara,com.oupplf.hjxwoz,Certificato N26,8297,3896,,,,10029886,,,,,,,,1,1,1,,1,1,1,1,,,,,,,,,,,,1,,,,,,,,,,1,,1,,,,1,1,,,,,,,,,,,,1,,,,,,,,,,,,,,1,1,,,,,,,,1,,,,,,1,,,,,,,1,,,,,,,,,,,1,1,,,,,,,1,1,,,,,,,,,,1,1,1,,,,,,1,,,1,,,,,,,,,,,,,,,1,,,,,,,,,,,,,,,,,,,,,,,,,,,,,,,,,,,,,,,,,,,,,,,,,,,,,,,,,,,,,,,,,,,,,,,,,,,,,,,,,,,,,,,,,,,,,,,,,,,,,,,,,,,,,,,,,,,,,,,,,,,,,,,,,21,35,0,0,0,0,0,0,0,0,0,0,0,Wikimedia Foundation,3daac6fab8a5de692c066a80d66ccde552a07408880d0ad1d369514015b4348e,Wikimedia Foundation,Wikimedia Foundation
mb-25e6a6bac0859c78,25e6a6bac0859c785063eed88c04cfbb1c30613c9b549d846d43d1920db172e9,malwarebazaar_real,malicious,A,CopyBara,com.gzzeuw.znu5po,Certificat N26,6392,1247,,,,10353470,,,,,,,,1,1,1,,1,1,1,1,,,,,,,,,,,,1,,,,,,,,,,1,,1,,,,1,1,,,,,,,,,,,,1,,,,,,,,,,,,,,1,1,,,,,,,,1,,,,,,1,,,,,,,1,,,,,,,,,,,1,1,,,,,,,1,1,,,,,,,,,,1,1,1,,,,,,1,,,1,,,,,,,,,,,,,,,1,,,,,,,,,,,,,,,,,,,,,,,,,,,,,,,,,,,,,,,,,,,,,,,,,,,,,,,,,,,,,,,,,,,,,,,,,,,,,,,,,,,,,,,,,,,,,,,,,,,,,,,,,,,,,,,,,,,,,,,,,,,,,,,,,21,35,0,0,0,0,0,0,0,0,0,0,0,Wikimedia Foundation,3daac6fab8a5de692c066a80d66ccde552a07408880d0ad1d369514015b4348e,Wikimedia Foundation,Wikimedia Foundation
mb-cba19f8eedf90c33,cba19f8eedf90c332224bcd8f0df9be0e1dbd4324c67c79eef19d547c33ef331,malwarebazaar_real,malicious,A,CopyBara,com.nhh5h2.jbq1mf,Certificato N26,7382,4094,,,,9980464,,,,,,,,1,1,1,,1,1,1,1,,,,,,,,,,,,1,,,,,,,,,,1,,1,,,,1,1,,,,,,,,,,,,1,,,,,,,,,,,,,,1,1,,,,,,,,1,,,,,,1,,,,,,,1,,,,,,,,,,,1,1,,,,,,,1,1,,,,,,,,,,1,1,1,,,,,,1,,,1,,,,,,,,,,,,,,,1,,,,,,,,,,,,,,,,,,,,,,,,,,,,,,,,,,,,,,,,,,,,,,,,,,,,,,,,,,,,,,,,,,,,,,,,,,,,,,,,,,,,,,,,,,,,,,,,,,,,,,,,,,,,,,,,,,,,,,,,,,,,,,,,,21,35,0,0,0,0,0,0,0,0,0,0,0,Wikimedia Foundation,3daac6fab8a5de692c066a80d66ccde552a07408880d0ad1d369514015b4348e,Wikimedia Foundation,Wikimedia Foundation
mb-424d16cdbae8c830,424d16cdbae8c830a8ad03a5eb1e95aaa3f4d6aba56748fcc2c7c79da83f79c1,malwarebazaar_real,malicious,A,CopyBara,com.yvxosb.sjydzd,Certificato N26,5237,4371,,,,9702115,,,,,,,,1,1,1,,1,1,1,1,,,,,,,,,,,,1,,,,,,,,,,1,,1,,,,1,1,,,,,,,,,,,,1,,,,,,,,,,,,,,1,1,,,,,,,,1,,,,,,1,,,,,,,1,,,,,,,,,,,1,1,,,,,,,1,1,,,,,,,,,,1,1,1,,,,,,1,,,1,,,,,,,,,,,,,,,1,,,,,,,,,,,,,,,,,,,,,,,,,,,,,,,,,,,,,,,,,,,,,,,,,,,,,,,,,,,,,,,,,,,,,,,,,,,,,,,,,,,,,,,,,,,,,,,,,,,,,,,,,,,,,,,,,,,,,,,,,,,,,,,,,21,35,0,0,0,0,0,0,0,0,0,0,0,Wikimedia Foundation,3daac6fab8a5de692c066a80d66ccde552a07408880d0ad1d369514015b4348e,Wikimedia Foundation,Wikimedia Foundation
mb-36ef3a11514f39f0,36ef3a11514f39f0143155711a4ca40ec546031a675a94c3b65dbae2c6d86e52,malwarebazaar_real,malicious,A,CopyBara,com.mqi1zd.wkbnod,Certificato N26,8217,1196,,,,9673534,,,,,,,,1,1,1,,1,1,1,1,,,,,,,,,,,,1,,,,,,,,,,1,,1,,,,1,1,,,,,,,,,,,,1,,,,,,,,,,,,,,1,1,,,,,,,,1,,,,,,1,,,,,,,1,,,,,,,,,,,1,1,,,,,,,1,1,,,,,,,,,,1,1,1,,,,,,1,,,1,,,,,,,,,,,,,,,1,,,,,,,,,,,,,,,,,,,,,,,,,,,,,,,,,,,,,,,,,,,,,,,,,,,,,,,,,,,,,,,,,,,,,,,,,,,,,,,,,,,,,,,,,,,,,,,,,,,,,,,,,,,,,,,,,,,,,,,,,,,,,,,,,21,35,0,0,0,0,0,0,0,0,0,0,0,Wikimedia Foundation,3daac6fab8a5de692c066a80d66ccde552a07408880d0ad1d369514015b4348e,Wikimedia Foundation,Wikimedia Foundation
mb-54f14272fc6bad75,54f14272fc6bad75f0b83984f701fce73fa73f0d9de209c161094f27836cea9b,malwarebazaar_real,malicious,A,CopyBara,com.aotmgn.x6zvwv,Certificato N26,8058,2132,,,,10578489,,,,,,,,1,1,1,,1,1,1,1,,,,,,,,,,,,1,,,,,,,,,,1,,1,,,,1,1,,,,,,,,,,,,1,,,,,,,,,,,,,,1,1,,,,,,,,1,,,,,,1,,,,,,,1,,,,,,,,,,,1,1,,,,,,,1,1,,,,,,,,,,1,1,1,,,,,,1,,,1,,,,,,,,,,,,,,,1,,,,,,,,,,,,,,,,,,,,,,,,,,,,,,,,,,,,,,,,,,,,,,,,,,,,,,,,,,,,,,,,,,,,,,,,,,,,,,,,,,,,,,,,,,,,,,,,,,,,,,,,,,,,,,,,,,,,,,,,,,,,,,,,,21,35,0,0,0,0,0,0,0,0,0,0,0,Wikimedia Foundation,3daac6fab8a5de692c066a80d66ccde552a07408880d0ad1d369514015b4348e,Wikimedia Foundation,Wikimedia Foundation
mb-5fc08b4c4197d940,5fc08b4c4197d94016ec27e3cf09d4943891921519b489ade3c9494d71fe4715,malwarebazaar_real,malicious,A,CopyBara,com.ilmybnlapp.apk,Star Patcher,200,200,,,,4731711,2024-07-10,,,,,,,,,,,1,1,1,1,,,,,,,,,,,,1,1,,,,1,,,1,,1,,1,,,,,,,,,,1,,,,,,,1,1,1,,,,,,,,,,,,1,1,,,1,,,,1,1,,,,,,1,,,1,,,,1,,,1,,,1,,,,1,1,1,,,1,,,,1,1,,,,,,,,,,1,1,1,,1,,,1,1,,,1,1,,,,,,,,,,,,,,1,1,1,,,,,,,,,,,,,,,,,,,,,,,,,,,,,,,,,,,,,,,,,,,,,1,,,,,,,,,,,,,,,,,,,,,,,,,,,,,,,,,,,,,,,,,,,,,,,,,,,,,,,,,,,,,,,,,,,,,,1,1,,,,,,,,,,,14,33,0,0,0,0,0,0,0,0,0,0,0,Android,a40da80a59d170caa950cf15c18c454d47a39b26989d8b640ecd745ba71bf5dc,Android,Android
mb-f2559c75597cd7ab,f2559c75597cd7ab5ad85ff689191d0f8fd91f0c1e2af541c341baf6db8d32d7,malwarebazaar_real,malicious,A,CopyBara,com.qewvxe.hfqxtp,Questionario BNL,1270,1306,,,,10234424,,,,,,,,1,1,1,,1,1,1,1,,,,,,,,,,,,1,,,,,,,,,,1,,1,,,,1,1,,,,,,,,,,,,1,,,,,,,,,,,,,,1,1,,,,,,,,1,,,,,,1,,,,,,,1,,,,,,,,,,,1,1,,,,,,,1,1,,,,,,,,,,1,1,1,,,,,,1,,,1,,,,,,,,,,,,,,,1,,,,,,,,,,,,,,,,,,,,,,,,,,,,,,,,,,,,,,,,,,,,,,,,,,,,,,,,,,,,,,,,,,,,,,,,,,,,,,,,,,,,,,,,,,,,,,,,,,,,,,,,,,,,,,,,,,,,,,,,,,,,,,,,,21,35,0,0,0,0,0,0,0,0,0,0,0,Wikimedia Foundation,3daac6fab8a5de692c066a80d66ccde552a07408880d0ad1d369514015b4348e,Wikimedia Foundation,Wikimedia Foundation
mb-57c6896ef32e6e19,57c6896ef32e6e1989b69abc7c8cf179173b8b3a061f363b3b7a6421e87778eb,malwarebazaar_real,malicious,A,CopyBara,com.frmsena.mwhsgxz,Widiba Token,3125,3657,,,,12126088,2025-03-10,,,,,,,1,,,,1,1,1,1,,,,,,,,,,,,1,1,,,,1,,,1,,1,,1,,,,1,,,,,,1,,,,,,,1,1,1,,,,,,,,,,,,1,1,,,1,,,,1,1,,,,,,1,,,1,,,,1,,,1,,,1,,,,1,1,1,,,1,,,,1,1,,,,,,,,,,1,1,1,,1,,,1,1,,,1,1,,,,,,,,,,,,,,1,1,1,,,,,,,,,,,,,,,,,,,,,,,,,,,,,,,,,,,,,,,,,,,,,1,,,,,,,,,,,,,,,,,,,,,,,,,,,,,,,,,,,,,,,,,,,,,,,,,,,,,,,,,,,,,,,,,,,,,,1,1,,,,,,,,,,,14,33,0,0,0,0,0,0,0,0,0,0,0,Android,c8a2e9bccf597c2fb6dc66bee293fc13f2fc47ec77bc6b2b0d52c11f51192ab8,Android,Android
mb-bf56b2f45649c5aa,bf56b2f45649c5aa8dc8195364af66277171398ba642330e44c67239c3fef52b,malwarebazaar_real,malicious,A,CopyBara,com.sqhiibt.wdqknqa,My BNL,7214,3577,,,,12162952,2025-03-10,,,,,,,1,,,,1,1,1,1,,,,,,,,,,,,1,1,,,,1,,,1,,1,,1,,,,1,,,,,,1,,,,,,,1,1,1,,,,,,,,,,,,1,1,,,1,,,,1,1,,,,,,1,,,1,,,,1,,,1,,,1,,,,1,1,1,,,1,,,,1,1,,,,,,,,,,1,1,1,,1,,,1,1,,,1,1,,,,,,,,,,,,,,1,1,1,,,,,,,,,,,,,,,,,,,,,,,,,,,,,,,,,,,,,,,,,,,,,1,,,,,,,,,,,,,,,,,,,,,,,,,,,,,,,,,,,,,,,,,,,,,,,,,,,,,,,,,,,,,,,,,,,,,,1,1,,,,,,,,,,,14,33,0,0,0,0,0,0,0,0,0,0,0,Android,c8a2e9bccf597c2fb6dc66bee293fc13f2fc47ec77bc6b2b0d52c11f51192ab8,Android,Android
mb-bdae3cc96acd1634,bdae3cc96acd16347a7ca568b9972d82ecdef8d637abee96302d20d4d02cd613,malwarebazaar_real,malicious,A,CopyBara,com.ebhgqwi.qzgbqzm,BBVA Codigo,4431,8121,,,,12130184,2025-03-11,,,,,,,1,,,,1,1,1,1,,,,,,,,,,,,1,1,,,,1,,,1,,1,,1,,,,1,,,,,,1,,,,,,,1,1,1,,,,,,,,,,,,1,1,,,1,,,,1,1,,,,,,1,,,1,,,,1,,,1,,,1,,,,1,1,1,,,1,,,,1,1,,,,,,,,,,1,1,1,,1,,,1,1,,,1,1,,,,,,,,,,,,,,1,1,1,,,,,,,,,,,,,,,,,,,,,,,,,,,,,,,,,,,,,,,,,,,,,1,,,,,,,,,,,,,,,,,,,,,,,,,,,,,,,,,,,,,,,,,,,,,,,,,,,,,,,,,,,,,,,,,,,,,,1,1,,,,,,,,,,,14,33,0,0,0,0,0,0,0,0,0,0,0,Android,c8a2e9bccf597c2fb6dc66bee293fc13f2fc47ec77bc6b2b0d52c11f51192ab8,Android,Android
mb-61d3806415988b20,61d3806415988b203fdb11594836203501b956c01b7c551e8dff307e2b46eb60,malwarebazaar_real,malicious,A,CopyBara,com.yymcbqm.nssaqwb,My Poste,5943,9146,,,,12048264,2025-03-10,,,,,,,1,,,,1,1,1,1,,,,,,,,,,,,1,1,,,,1,,,1,,1,,1,,,,1,,,,,,1,,,,,,,1,1,1,,,,,,,,,,,,1,1,,,1,,,,1,1,,,,,,1,,,1,,,,1,,,1,,,1,,,,1,1,1,,,1,,,,1,1,,,,,,,,,,1,1,1,,1,,,1,1,,,1,1,,,,,,,,,,,,,,1,1,1,,,,,,,,,,,,,,,,,,,,,,,,,,,,,,,,,,,,,,,,,,,,,1,,,,,,,,,,,,,,,,,,,,,,,,,,,,,,,,,,,,,,,,,,,,,,,,,,,,,,,,,,,,,,,,,,,,,,1,1,,,,,,,,,,,14,33,0,0,0,0,0,0,0,0,0,0,0,Android,c8a2e9bccf597c2fb6dc66bee293fc13f2fc47ec77bc6b2b0d52c11f51192ab8,Android,Android
mb-f717e9449835314b,f717e9449835314b9923aaa5ad0d41ee76bd2803044cb190a77c9b3f4e982d6f,malwarebazaar_real,malicious,A,CopyBara,com.dohpgfr.qarthpc,ISP Token,1438,300,,,,12150664,2025-03-10,,,,,,,1,,,,1,1,1,1,,,,,,,,,,,,1,1,,,,1,,,1,,1,,1,,,,1,,,,,,1,,,,,,,1,1,1,,,,,,,,,,,,1,1,,,1,,,,1,1,,,,,,1,,,1,,,,1,,,1,,,1,,,,1,1,1,,,1,,,,1,1,,,,,,,,,,1,1,1,,1,,,1,1,,,1,1,,,,,,,,,,,,,,1,1,1,,,,,,,,,,,,,,,,,,,,,,,,,,,,,,,,,,,,,,,,,,,,,1,,,,,,,,,,,,,,,,,,,,,,,,,,,,,,,,,,,,,,,,,,,,,,,,,,,,,,,,,,,,,,,,,,,,,,1,1,,,,,,,,,,,14,33,0,0,0,0,0,0,0,0,0,0,0,Android,c8a2e9bccf597c2fb6dc66bee293fc13f2fc47ec77bc6b2b0d52c11f51192ab8,Android,Android
mb-8b6d047c9a1985c0,8b6d047c9a1985c0c15ef0452828e8a77270fe122f51b953d16f0d81c507cce3,malwarebazaar_real,malicious,A,CopyBara,com.orijucaroma.newicon,Certificato HYPE,200,200,,,,8644754,2024-11-15,,,,,,,,,,,1,1,1,1,,,,,,,,,,,,1,1,,,,1,,,1,,1,,1,,,,,,,,,,1,,,,,,,1,1,1,,,,,,,,,,,,1,1,,,1,,,,1,1,,,,,,1,,,1,,,,1,,,1,,,1,,,,1,1,1,,,1,,,,1,1,,,,,,,,,,1,1,1,,1,,,1,1,,,1,1,,,,,,,,,,,,,,1,1,1,,,,,,,,,,,,,,,,,,,,,,,,,,,,,,,,,,,,,,,,,,,,,1,,,,,,,,,,,,,,,,,,,,,,,,,,,,,,,,,,,,,,,,,,,,,,,,,,,,,,,,,,,,,,,,,,,,,,1,1,,,,,,,,,,,14,33,0,0,0,0,0,0,0,0,0,0,0,Android,a40da80a59d170caa950cf15c18c454d47a39b26989d8b640ecd745ba71bf5dc,Android,Android
mb-6ca691c97ab0028c,6ca691c97ab0028ce9acade5d079289668b1d0339ad330181c84fc7e7114c509,malwarebazaar_real,malicious,A,Hook,com.half.powder,Ultraviewer,1,1.0,,,,8711027,2025-11-03,,,,,,,,,,,,,,,,,,,,,,,,,,,,,,,,,,,,,,,,,,,,,,,,,,,,,,,,,,,,,,,,,,,,,,,,,,,,,,,,,,,,,,,,,,,,,,,,,,,,,,,1,,,,,,,,,,,,,,,,,,,,,,,,,,,,,,,,,,,,,,,,,,,,,,,,,,,,,,,,,,,,,,,,,,,,,,,,,,,,,,,,,,,,,,,,,,,,,,,,,,,,,,,,,,,,,,,,,,,,,,,,,,,,,,,,,,,,,,,,,,,,,,,,,,,,,,,,,,,,,,,,,,,,,,,,,,,,,26,31,0,0,0,0,0,0,0,0,0,0,0,Wikimedia Foundation,3daac6fab8a5de692c066a80d66ccde552a07408880d0ad1d369514015b4348e,Wikimedia Foundation,Wikimedia Foundation
mb-2b332adf4e52168c,2b332adf4e52168cbd2e76866165a5c6f421d15b5778d44f78f0d86c4c26b9fa,malwarebazaar_real,malicious,A,Hook,p31e2586d.p0e6e1473.pca88ca83,Sicurezza APP,5,2.0,,,,23340828,2025-05-05,,,,,,,,,,,1,,,,,,,,,,,,,,1,,,,,,,,,1,,,,1,,,,,,,,,,,,,,,,,1,,,,,,,1,,,,,,,1,1,,,,,,,,,,,,,,1,,,1,,,,,,1,1,,,,,,,1,1,1,,,1,,,,,,,,,,,,,,,,1,1,,,,,,,,,1,,,1,,,,,,,,,,,,,,,,,,,,,,,,,,,,,,,,,,,,,,,,,,,,,,,,,,,,,,,,,,,,,,,,,,,,,,,,,,,,,,,,,,,,,,,,,,,,,,,,,,,,,,,,,,,,,,,,,,,,,,,,,,,,,,,,,,,,,,,,,,,,,28,33,0,0,0,0,0,0,0,0,0,0,0,Xavier Santos,6c4bfa564f8fbbaed35a4e6591f7560dba2079e19d57320cdd422d63c9aea259,Xavier Santos,Orion Dynamics
mb-e29def53e832ca9c,e29def53e832ca9ca4d5a6c80d1c3c6d4f801c5f3f2ba50cc7f528fafee21b65,malwarebazaar_real,malicious,A,Hook,com.taramasdan.cm,Chrome,1,1.0,,,,2650769,2025-05-13,,,,,,,,1,,,1,,1,1,,,,,,,,,,,,1,1,,,,,,,1,,,,1,,,,,,,,,,1,1,,,1,,,1,,,,,,,,1,,,,,,,1,1,,1,,,1,1,1,,,,,1,1,,,1,,,,1,1,,1,,,,,,,1,1,,,,1,,,,1,,,,,,,,,,,,,1,,,,1,1,1,,,,,,,,,,,,,,,,,,,,,,,,,,,,,,,,,,,,,,,,,,,,,,,,,,,,,,,,,,,,,,,,,,,,,,,,,,,,,,,,,,,,,,,,,,,,,,,,,,,,,,,,,,,,,,,,,,,,,,,,,,,,,,,,,,,,,,,,,,,,,,,,,,,24,30,0,0,0,0,0,0,0,0,0,0,0,Android Debug,fac61745dc0903786fb9ede62a962b399f7348f0bb6f899b8332667591033b9c,Android Debug,Unknown
mb-4f181b3a42657a4c,4f181b3a42657a4c18a898d84108f7500baf243a2ac710adec1c5938cf0adb57,malwarebazaar_real,malicious,A,Hook,com.gayiwefahilumo.zufi,GoogleChrome,1,1.0,,,,2284454,2025-02-06,,,,,,,,1,,,1,,1,1,,,,,,,,,,,,1,1,,,,,,,1,,,,1,,,,,,,,,,1,1,,,1,,,1,,,,,,,,1,,,,,,,1,1,,1,,,1,1,1,,,,,1,1,,,1,,,,1,1,,1,,,,,,,1,1,,,,1,,,,1,,,,,,,,,,,,,1,,,,1,1,1,,,,,,,,,,,,,,,,,,,,,,,,,,,,,,,,,,,,,,,,,,,,,,,,,,,,,,,,,,,,,,,,,,,,,,,,,,,,,,,,,,,,,,,,,,,,,,,,,,,,,,,,,,,,,,,,,,,,,,,,,,,,,,,,,,,,,,,,,,,,,,,,,,,27,28,0,0,0,0,0,0,0,0,0,0,0,P9W5NM,02b66b10f773489b9a77156c0becebce6c0e3b7781a62240d26dc0d8a9635f77,P9W5NM,QAN8CC
mb-9ba6ece1a921ccf5,9ba6ece1a921ccf5dd5a13e4fcbf4fa64601d3503a5995ea30f6826eff94afa1,malwarebazaar_real,malicious,A,Hook,com.xcytrjoux.cqhfynogu,Chrome Update,1,1.0,,,,5052990,2025-01-15,,,,,,,,1,,,1,,1,1,,,,,,,,,,,,1,1,,,,,,,1,,,,1,,,,,,,,,,1,1,,,1,,,1,,,,,,,,1,,,,,,,1,1,,1,,,1,1,1,,,,,1,1,,,1,,,,1,1,,1,,,,,,,1,1,,,,1,,,,1,,,,,,,,,,,,,1,,,,1,1,1,,,,,,,,,,,,,,,,,,,,,,,,,,,,,,,,,,,,,,,,,,,,,,,,,,,,,,,,,,,,,,,,,,,,,,,,,,,,,,,,,,,,,,,,,,,,,,,,,,,,,,,,,,,,,,,,,,,,,,,,,,,,,,,,,,,,,,,,,,,,,,,,,,,27,28,0,0,0,0,0,0,0,0,0,0,0,Android Debug,fac61745dc0903786fb9ede62a962b399f7348f0bb6f899b8332667591033b9c,Android Debug,Unknown
mb-bba4e2c4bcd19f41,bba4e2c4bcd19f4174421de1b8df665133725867a3f151e756570e9a6bed811b,malwarebazaar_real,malicious,A,Hook,com.pxqqxxcnm.osmcneyig,Chrome Update,1,1.0,,,,5040312,2025-01-04,,,,,,,,1,,,1,,1,1,,,,,,,,,,,,1,1,,,,,,,1,,,,1,,,,,,,,,,1,1,,,1,,,1,,,,,,,,1,,,,,,,1,1,,1,,,1,1,1,,,,,1,1,,,1,,,,1,1,,1,,,,,,,1,1,,,,1,,,,1,,,,,,,,,,,,,1,,,,1,1,1,,,,,,,,,,,,,,,,,,,,,,,,,,,,,,,,,,,,,,,,,,,,,,,,,,,,,,,,,,,,,,,,,,,,,,,,,,,,,,,,,,,,,,,,,,,,,,,,,,,,,,,,,,,,,,,,,,,,,,,,,,,,,,,,,,,,,,,,,,,,,,,,,,,27,28,0,0,0,0,0,0,0,0,0,0,0,autotypicPapilionaceae,03b0258c17cd526c655e83957ad643cab1b199fc681f7f0e5fea06c7fe1aae83,autotypicPapilionaceae,autotypicPapilionaceae
mb-26db08ef808409eb,26db08ef808409eb973a698d26ac83d99f46c8aa7fa35c96bf8140fd94cb2ca1,malwarebazaar_real,malicious,A,Hook,com.mkjvmvrwu.uwknrkfyg,Chrome Update,1,1.0,,,,4692304,2025-01-02,,,,,,,,1,,,1,,1,1,,,,,,,,,,,,1,1,,,,,,,1,,,,1,,,,,,,,,,1,1,,,1,,,1,,,,,,,,1,,,,,,,1,1,,1,,,1,1,1,,,,,1,1,,,1,,,,1,1,,1,,,,,,,1,1,,,,1,,,,1,,,,,,,,,,,,,1,,,,1,1,1,,,,,,,,,,,,,,,,,,,,,,,,,,,,,,,,,,,,,,,,,,,,,,,,,,,,,,,,,,,,,,,,,,,,,,,,,,,,,,,,,,,,,,,,,,,,,,,,,,,,,,,,,,,,,,,,,,,,,,,,,,,,,,,,,,,,,,,,,,,,,,,,,,,27,28,0,0,0,0,0,0,0,0,0,0,0,Bosnianrainfall,1d5849164358deefe80ae8e66b264aa73114bd4c0c7666f02d504f4e53c10efc,Bosnianrainfall,Bosnianrainfall
mb-19b8bf21956aed58,19b8bf21956aed58b1ba425824afd0e2bbb77dc9688f930360da87035c94b735,malwarebazaar_real,malicious,A,Hook,com.sobleuiac.ptskggnze,Chrome Update,1,1.0,,,,5582002,2025-01-07,,,,,,,,1,,,1,,1,1,,,,,,,,,,,,1,1,,,,,,,1,,,,1,,,,,,,,,,1,1,,,1,,,1,,,,,,,,1,,,,,,,1,1,,1,,,1,1,1,,,,,1,1,,,1,,,,1,1,,1,,,,,,,1,1,,,,1,,,,1,,,,,,,,,,,,,1,,,,1,1,1,,,,,,,,,,,,,,,,,,,,,,,,,,,,,,,,,,,,,,,,,,,,,,,,,,,,,,,,,,,,,,,,,,,,,,,,,,,,,,,,,,,,,,,,,,,,,,,,,,,,,,,,,,,,,,,,,,,,,,,,,,,,,,,,,,,,,,,,,,,,,,,,,,,27,28,0,0,0,0,0,0,0,0,0,0,0,foolishsleeping,cfbd60a88154e66729bea400fa02d8fa75f16b4c2ed1803d2d1ff337ce05eae0,foolishsleeping,foolishsleeping
mb-c68ac554dc7b0c8f,c68ac554dc7b0c8fec61b7d5527a05e1ecb1c2eac904a460ae839c43c69c67df,malwarebazaar_real,malicious,A,Hook,com.sobleuiac.ptskggnze,Chrome Update,1,1.0,,,,5582002,2025-01-07,,,,,,,,1,,,1,,1,1,,,,,,,,,,,,1,1,,,,,,,1,,,,1,,,,,,,,,,1,1,,,1,,,1,,,,,,,,1,,,,,,,1,1,,1,,,1,1,1,,,,,1,1,,,1,,,,1,1,,1,,,,,,,1,1,,,,1,,,,1,,,,,,,,,,,,,1,,,,1,1,1,,,,,,,,,,,,,,,,,,,,,,,,,,,,,,,,,,,,,,,,,,,,,,,,,,,,,,,,,,,,,,,,,,,,,,,,,,,,,,,,,,,,,,,,,,,,,,,,,,,,,,,,,,,,,,,,,,,,,,,,,,,,,,,,,,,,,,,,,,,,,,,,,,,27,28,0,0,0,0,0,0,0,0,0,0,0,tomentosethroughput,efe95003b84cb2edf435ee808de59b69ced9757ae46745b7585ede5fcfab0282,tomentosethroughput,tomentosethroughput
mb-2da377529967c57c,2da377529967c57cf738206ad5a1414485658daf7c26e66a6c474b165442f1b6,malwarebazaar_real,malicious,A,Hook,com.ygkaxidkh.ffldaorgq,TWINT,1,1.0,,,,4738967,2024-12-04,,,,,,,,1,,,1,,1,1,,,,,,,,,,,,1,1,,,,,,,1,,,,1,,,,,,,,,,1,1,,,1,,,1,,,,,,,,1,,,,,,,1,1,,1,,,1,1,1,,,,,1,1,,,1,,,,1,1,,1,,,,,,,1,1,,,,1,,,,1,,,,,,,,,,,,,1,,,,1,1,1,,,,,,,,,,,,,,,,,,,,,,,,,,,,,,,,,,,,,,,,,,,,,,,,,,,,,,,,,,,,,,,,,,,,,,,,,,,,,,,,,,,,,,,,,,,,,,,,,,,,,,,,,,,,,,,,,,,,,,,,,,,,,,,,,,,,,,,,,,,,,,,,,,,27,28,0,0,0,0,0,0,0,0,0,0,0,Android,a40da80a59d170caa950cf15c18c454d47a39b26989d8b640ecd745ba71bf5dc,Android,Android
mb-dde4471547cb8a65,dde4471547cb8a653163612d197ab8becc466faf7bea9bb5aaa04fe569b22644,malwarebazaar_real,malicious,A,Hook,com.example.tiramisudropper,TWINT,1,1.0,,,,7315736,2024-12-04,,,,,,,,,,,,,,,,,,,,,,,,,,,,,,,,,,,,,,,,,,,,,,,,,,,,,,,1,,,,,,,,,,,,,,,,,,,,,,,,,,,,,,,,,,,,,,,,,,,,,,,,1,,,,,,,,,,,,,,,,,,,,,,,,,,,,,,,,,,,,,,,,,,,,,,,,,,,,,,,,,,,,,,,,,,,,,,,,,1,,,,,,,,,,,,,,,,,,,,,,,,,,,,,,,,,,,,,,,,,,,,,,,,,,,,,,,,,,,,,,,,,,,,,,,,,,,,,,,,,,,,,,,,,,,,,,,,,,,,26,29,0,0,0,0,0,0,0,0,0,0,0,Larry Silan,1291b3fbca7c0d6e36c28085ac904247cab5830a4d2017fb6c91af421a435aab,Larry Silan,SilaSoft
mb-c285378211e69f0c,c285378211e69f0c60c781125246f92357243d1f2832c03234255dc2a90a9674,malwarebazaar_real,malicious,A,Hook,com.tfzqlvjkh.awqzhedco,Chrome,1,1.0,,,,4367929,2024-07-06,,,,,,,,1,,,1,,1,1,,,,,,,,,,,,1,1,,,,,,,1,,,,1,,,,,,,,,,1,1,,,1,,,1,,,,,,,,1,,,,,,,1,1,,1,,,1,1,1,,,,,1,1,,,1,,,,1,1,,1,,,,,,,1,1,,,,1,,,,1,,,,,,,,,,,,,1,,,,1,1,1,,,,,,,,,,,,,,,,,,,,,,,,,,,,,,,,,,,,,,,,,,,,,,,,,,,,,,,,,,,,,,,,,,,,,,,,,,,,,,,,,,,,,,,,,,,,,,,,,,,,,,,,,,,,,,,,,,,,,,,,,,,,,,,,,,,,,,,,,,,,,,,,,,,24,30,0,0,0,0,0,0,0,0,0,0,0,Android,a40da80a59d170caa950cf15c18c454d47a39b26989d8b640ecd745ba71bf5dc,Android,Android
mb-2c7d4e5beefea306,2c7d4e5beefea306e7832ca509207c1c0b267302b269d43917de96c989bacfb1,malwarebazaar_real,malicious,A,Hook,com.pigfdswid.eysluoake,Chrome,1,1.0,,,,4455521,2024-08-04,,,,,,,,1,,,1,,1,1,,,,,,,,,,,,1,1,,,,,,,1,,,,1,,,,,,,,,,1,1,,,1,,,1,,,,,,,,1,,,,,,,1,1,,1,,,1,1,1,,,,,1,1,,,1,,,,1,1,,1,,,,,,,1,1,,,,1,,,,1,,,,,,,,,,,,,1,,,,1,1,1,,,,,,,,,,,,,,,,,,,,,,,,,,,,,,,,,,,,,,,,,,,,,,,,,,,,,,,,,,,,,,,,,,,,,,,,,,,,,,,,,,,,,,,,,,,,,,,,,,,,,,,,,,,,,,,,,,,,,,,,,,,,,,,,,,,,,,,,,,,,,,,,,,,24,30,0,0,0,0,0,0,0,0,0,0,0,Android,a40da80a59d170caa950cf15c18c454d47a39b26989d8b640ecd745ba71bf5dc,Android,Android
mb-c5c5a99fb79efb38,c5c5a99fb79efb383586ed7f7e16419dbb2b02a829aa0f976eadce9581edba44,malwarebazaar_real,malicious,A,Hook,com.sonirupiwebidoti.geyosego,Googlecom,1,1.0,,,,1143084,1981-01-01,,,,,,,,1,,,1,,1,1,,,,,,,,,,,,1,1,,,,,,,1,,,,1,,,,,,,,,,1,1,,,1,,,1,,,,,,,,1,,,,,,,1,1,,1,,,1,1,1,,,,,1,1,,,1,,,,1,1,,1,,,,,,,1,1,,,,1,,,,1,,,,,,,,,,,,,1,,,,1,1,1,,,,,,,,,,,,,,,,,,,,,,,,,,,,,,,,,,,,,,,,,,,,,,,,,,,,,,,,,,,,,,,,,,,,,,,,,,,,,,,,,,,,,,,,,,,,,,,,,,,,,,,,,,,,,,,,,,,,,,,,,,,,,,,,,,,,,,,,,,,,,,,,,,,27,28,0,0,0,0,0,0,0,0,0,0,0,futiga,302668ac0a8feb731e454bbff207d5876ef502dd809811fcb9d6afa591fdfb8c,futiga,baregine
mb-ef9c1ee9c06e8f6f,ef9c1ee9c06e8f6f92e9388e445d268072a321a4bf77704054dfdfbc68bd8830,malwarebazaar_real,malicious,A,Hook,com.gohaxacupumasa.kipo,FlexTV,1,1.0,,,,2934135,1981-01-01,,,,,,,,1,,,1,,1,1,,,,,,,,,,,,1,1,,,,,,,1,,,,1,,,,,,,,,,1,1,,,1,,,1,,,,,,,,1,,,,,,,1,1,,1,,,1,1,1,,,,,1,1,,,1,,,,1,1,,1,,,,,,,1,1,,,,1,,,,1,,,,,,,,,,,,,1,,,,1,1,1,,,,,,,,,,,,,,,,,,,,,,,,,,,,,,,,,,,,,,,,,,,,,,,,,,,,,,,,,,,,,,,,,,,,,,,,,,,,,,,,,,,,,,,,,,,,,,,,,,,,,,,,,,,,,,,,,,,,,,,,,,,,,,,,,,,,,,,,,,,,,,,,,,,27,28,0,0,0,0,0,0,0,0,0,0,0,fova,9ef37efeaa372e298a3756b44da553befbe8276f0560a70de92f3c70a87e2c5d,fova,nimava
mb-aea84ebd9c1194ef,aea84ebd9c1194efa69033231fe055a9fa79f3e740825965ab2767c4f61b0531,malwarebazaar_real,malicious,A,Hook,com.tencent.mm,Grab,1,1.0,,,,2954695,1981-01-01,,,,,,,,1,,,1,,1,1,,,,,,,,,,,,1,1,,,,,,,1,,,,1,,,,,,,,,,1,1,,,1,,,1,,,,,,,,1,,,,,,,1,1,,1,,,1,1,1,,,,,1,1,,,1,,,,1,1,,1,,,,,,,1,1,,,,1,,,,1,,,,,,,,,,,,,1,,,,1,1,1,,,,,,,,,,,,,,,,,,,,,,,,,,,,,,,,,,,,,,,,,,,,,,,,,,,,,,,,,,,,,,,,,,,,,,,,,,,,,,,,,,,,,,,,,,,,,,,,,,,,,,,,,,,,,,,,,,,,,,,,,,,,,,,,,,,,,,,,,,,,,,,,,,,27,28,0,0,0,0,0,0,0,0,0,0,0,datovitupuneceta,0c35093d6e353bebe4c8861debc8c68d98910779d37675179fe3d997b8930c8c,datovitupuneceta,ducacuwixoce
mb-3d287d481cbc7233,3d287d481cbc7233cd2aa7d56738c6bbb082a5f505c04b79ef147a7e8187de9d,malwarebazaar_real,malicious,A,Hook,com.lasujokeyoye.nafeyi,Google Services,1,1.0,,,,1152529,1981-01-01,,,,,,,,1,,,1,,1,1,,,,,,,,,,,,1,1,,,,,,,1,,,,1,,,,,,,,,,1,1,,,1,,,1,,,,,,,,1,,,,,,,1,1,,1,,,1,1,1,,,,,1,1,,,1,,,,1,1,,1,,,,,,,1,1,,,,1,,,,1,,,,,,,,,,,,,1,,,,1,1,1,,,,,,,,,,,,,,,,,,,,,,,,,,,,,,,,,,,,,,,,,,,,,,,,,,,,,,,,,,,,,,,,,,,,,,,,,,,,,,,,,,,,,,,,,,,,,,,,,,,,,,,,,,,,,,,,,,,,,,,,,,,,,,,,,,,,,,,,,,,,,,,,,,,27,28,0,0,0,0,0,0,0,0,0,0,0,hanutiba,048f534041fa64c7b809b2ae66a40f50fabe10a96754285830701dff42b9960b,hanutiba,nuhaceke
mb-8df476be832a1204,8df476be832a1204480d301c7579597bcdafc690b77d1f5c64dc6fb80c0d90d2,malwarebazaar_real,malicious,A,Hook,com.getecezegumetaco.gucepu,OKX ARB,1,1.0,,,,1112356,1981-01-01,,,,,,,,1,,,1,,1,1,,,,,,,,,,,,1,1,,,,,,,1,,,,1,,,,,,,,,,1,1,,,1,,,1,,,,,,,,1,,,,,,,1,1,,1,,,1,1,1,,,,,1,1,,,1,,,,1,1,,1,,,,,,,1,1,,,,1,,,,1,,,,,,,,,,,,,1,,,,1,1,1,,,,,,,,,,,,,,,,,,,,,,,,,,,,,,,,,,,,,,,,,,,,,,,,,,,,,,,,,,,,,,,,,,,,,,,,,,,,,,,,,,,,,,,,,,,,,,,,,,,,,,,,,,,,,,,,,,,,,,,,,,,,,,,,,,,,,,,,,,,,,,,,,,,27,28,0,0,0,0,0,0,0,0,0,0,0,nosife,5740624857b7dff0ce6e12be1c8376709a7496c6b6b77a16eda0a55f46df3af2,nosife,yifalola
mb-0968f706d92da8fa,0968f706d92da8fa371cf88aeb4ba60e44733035e3311c60f9d36addb1c9d5b3,malwarebazaar_real,malicious,A,Hook,com.jejisinepebuxo.cunenu,king,1,1.0,,,,1144840,1981-01-01,,,,,,,,1,,,1,,1,1,,,,,,,,,,,,1,1,,,,,,,1,,,,1,,,,,,,,,,1,1,,,1,,,1,,,,,,,,1,,,,,,,1,1,,1,,,1,1,1,,,,,1,1,,,1,,,,1,1,,1,,,,,,,1,1,,,,1,,,,1,,,,,,,,,,,,,1,,,,1,1,1,,,,,,,,,,,,,,,,,,,,,,,,,,,,,,,,,,,,,,,,,,,,,,,,,,,,,,,,,,,,,,,,,,,,,,,,,,,,,,,,,,,,,,,,,,,,,,,,,,,,,,,,,,,,,,,,,,,,,,,,,,,,,,,,,,,,,,,,,,,,,,,,,,,27,28,0,0,0,0,0,0,0,0,0,0,0,bavamaxo,b9bb36f8bd61064c7ee019fceb8a784814c8a7b2879631486b7e07de775a81f4,bavamaxo,rori
mb-697a13b1358a0900,697a13b1358a09008afcf17117a04cb253a11a30cd24944be1c60a4696dc27f0,malwarebazaar_real,malicious,A,Hook,com.lexohiludulefu.jojuxewu,BBVA,1,1.0,,,,1144028,1981-01-01,,,,,,,,1,,,1,,1,1,,,,,,,,,,,,1,1,,,,,,,1,,,,1,,,,,,,,,,1,1,,,1,,,1,,,,,,,,1,,,,,,,1,1,,1,,,1,1,1,,,,,1,1,,,1,,,,1,1,,1,,,,,,,1,1,,,,1,,,,1,,,,,,,,,,,,,1,,,,1,1,1,,,,,,,,,,,,,,,,,,,,,,,,,,,,,,,,,,,,,,,,,,,,,,,,,,,,,,,,,,,,,,,,,,,,,,,,,,,,,,,,,,,,,,,,,,,,,,,,,,,,,,,,,,,,,,,,,,,,,,,,,,,,,,,,,,,,,,,,,,,,,,,,,,,27,28,0,0,0,0,0,0,0,0,0,0,0,diwe,335ae39da01f7cad777bbc9ed94b01fcc25e166ff26f1b77eccc6602effd8ab9,diwe,hozuzeferedori
mb-bc0b22a27dc2865e,bc0b22a27dc2865e3194c23a0555fb791a17da00ed8935b7d0a118262c786f0b,malwarebazaar_real,malicious,A,Hook,com.fisececitinoje.lalole,BBVA,1,1.0,,,,2913232,1981-01-01,,,,,,,,1,,,1,,1,1,,,,,,,,,,,,1,1,,,,,,,1,,,,1,,,,,,,,,,1,1,,,1,,,1,,,,,,,,1,,,,,,,1,1,,1,,,1,1,1,,,,,1,1,,,1,,,,1,1,,1,,,,,,,1,1,,,,1,,,,1,,,,,,,,,,,,,1,,,,1,1,1,,,,,,,,,,,,,,,,,,,,,,,,,,,,,,,,,,,,,,,,,,,,,,,,,,,,,,,,,,,,,,,,,,,,,,,,,,,,,,,,,,,,,,,,,,,,,,,,,,,,,,,,,,,,,,,,,,,,,,,,,,,,,,,,,,,,,,,,,,,,,,,,,,,27,28,0,0,0,0,0,0,0,0,0,0,0,xonoyoke,cfdd476b398d0f450bc2da9b05a97e4606c99ccf05778ab5a83609c800bfb56a,xonoyoke,wefejare
mb-d37a174544220e93,d37a174544220e93a0425afce2b1e76b8b29c97ce18588037ae76b45c26d08b8,malwarebazaar_real,malicious,A,Hook,com.yogadisodoxatuse.fapeze,HOOK,1,1.0,,,,1144704,1981-01-01,,,,,,,,1,,,1,,1,1,,,,,,,,,,,,1,1,,,,,,,1,,,,1,,,,,,,,,,1,1,,,1,,,1,,,,,,,,1,,,,,,,1,1,,1,,,1,1,1,,,,,1,1,,,1,,,,1,1,,1,,,,,,,1,1,,,,1,,,,1,,,,,,,,,,,,,1,,,,1,1,1,,,,,,,,,,,,,,,,,,,,,,,,,,,,,,,,,,,,,,,,,,,,,,,,,,,,,,,,,,,,,,,,,,,,,,,,,,,,,,,,,,,,,,,,,,,,,,,,,,,,,,,,,,,,,,,,,,,,,,,,,,,,,,,,,,,,,,,,,,,,,,,,,,,27,28,0,0,0,0,0,0,0,0,0,0,0,bonuniye,19fc0e0e3633f94f5884974b1657e5addea2c1650f6a0aa1b10d733e3648529b,bonuniye,vica
mb-9f17fc20c5c72570,9f17fc20c5c725707168b93690063638cb6e5b3a7b77b3e826e8458a79eb36e2,malwarebazaar_real,malicious,A,Hook,com.mugitepefaxade.ponowe,tiktok+18,1,1.0,,,,2934067,1981-01-01,,,,,,,,1,,,1,,1,1,,,,,,,,,,,,1,1,,,,,,,1,,,,1,,,,,,,,,,1,1,,,1,,,1,,,,,,,,1,,,,,,,1,1,,1,,,1,1,1,,,,,1,1,,,1,,,,1,1,,1,,,,,,,1,1,,,,1,,,,1,,,,,,,,,,,,,1,,,,1,1,1,,,,,,,,,,,,,,,,,,,,,,,,,,,,,,,,,,,,,,,,,,,,,,,,,,,,,,,,,,,,,,,,,,,,,,,,,,,,,,,,,,,,,,,,,,,,,,,,,,,,,,,,,,,,,,,,,,,,,,,,,,,,,,,,,,,,,,,,,,,,,,,,,,,27,28,0,0,0,0,0,0,0,0,0,0,0,diwonaviteso,887160cb9db9397c6445cfa9e385430bdaef48a376a5163787ec203b8d2ed42e,diwonaviteso,baki
mb-341c5b8d7fda0970,341c5b8d7fda09706c39fdb959897e9a983f25bb06cfa9b1a96fbfe54854086a,malwarebazaar_real,malicious,A,Hook,com.weruzepufalo.mavimibe,BBVA,1,1.0,,,,2935719,1981-01-01,,,,,,,,1,,,1,,1,1,,,,,,,,,,,,1,1,,,,,,,1,,,,1,,,,,,,,,,1,1,,,1,,,1,,,,,,,,1,,,,,,,1,1,,1,,,1,1,1,,,,,1,1,,,1,,,,1,1,,1,,,,,,,1,1,,,,1,,,,1,,,,,,,,,,,,,1,,,,1,1,1,,,,,,,,,,,,,,,,,,,,,,,,,,,,,,,,,,,,,,,,,,,,,,,,,,,,,,,,,,,,,,,,,,,,,,,,,,,,,,,,,,,,,,,,,,,,,,,,,,,,,,,,,,,,,,,,,,,,,,,,,,,,,,,,,,,,,,,,,,,,,,,,,,,27,28,0,0,0,0,0,0,0,0,0,0,0,ruvuhegovapuku,9e0d862e0bf17075c9d5f87c789328f3185ab551ce1df0de09cfe7ef4e57d2a6,ruvuhegovapuku,lotilagexu
mb-495a3ffa51f6e92b,495a3ffa51f6e92b8467195d5c4117f652c60b15371a9db765322e293eb6205b,malwarebazaar_real,malicious,A,Hook,com.bivedumibuhini.jekana,com.bivedumibuhini.jekana,1,1.0,,,,1492642,2023-11-03,,,,,,,,1,,,1,,1,1,,,,,,,,,,,,1,1,,,,,,,1,,,,1,,,,,,,,,,1,1,,,1,,,1,,,,,,,,1,,,,,,,1,1,,1,,,1,1,1,,,,,1,1,,,1,,,,1,1,,1,,,,,,,1,1,,,,1,,,,1,,,,,,,,,,,,,1,,,,1,1,1,,,,,,,,,,,,,,,,,,,,,,,,,,,,,,,,,,,,,,,,,,,,,,,,,,,,,,,,,,,,,,,,,,,,,,,,,,,,,,,,,,,,,,,,,,,,,,,,,,,,,,,,,,,,,,,,,,,,,,,,,,,,,,,,,,,,,,,,,,,,,,,,,,,27,28,0,0,0,0,0,0,0,0,0,0,0,Android,a40da80a59d170caa950cf15c18c454d47a39b26989d8b640ecd745ba71bf5dc,Android,Android
mb-554e71b4e5d2a172,554e71b4e5d2a172707b51edc8e0e22cba40858b69884e75228c12718c47e1ef,malwarebazaar_real,malicious,A,Anatsa / TeaBot,com.lbugkgtau.iuzdlpqzr,Document AI Text Recognizer: Add-On,4,3.0,,,,3132650,2023-06-19,,,,,,,,,,,,,,,,,,,,,,,,,,,,,,,,,,,,,,1,,,,,,,,,,,,,,,,,1,,,,,,,,,,,,,,,1,,,,,,,,,,,,,,1,,,1,,,,1,,1,1,,,,,,,1,1,,1,,1,,,,1,,,,,,,1,,,,1,,1,,,,,,,,,,1,,,,,,,,,,,,,,,,,,,,,,,,,,,,,,,,,,,,,,,,,,,,,,,,,,,,,,,,,,,,,,,,,,,,,,,,,,,,,,,,,,,,,,,,,,,,,,,,,,,,,,,,,,,,,,,,,,,,,,,,,,,,,,,,,,,,,,,,,,,,,,,24,28,0,0,0,0,0,0,0,0,0,0,0,np,492682f877607ee99df2ddd2bd5953fd727bdf6e19d397de9dbbafd582bcad75,np,np
mb-ddabe5999dbc9ffb,ddabe5999dbc9ffbc8b804a7ea6bb61415bc88e346b2d2c0d53bfff9dcc88d32,malwarebazaar_real,malicious,A,Anatsa / TeaBot,com.rmowa.wpamz,QR Code Scanner: Add-on Recognizer,1,1.0,,,,4145298,2022-01-16,,,,,,,,,,,,,,,,,,,,,,,,,,,,,,,,,,,,,,1,,,,,,,,,,,,,,,,,1,,,,,,,,,,,,,,,1,,,,,,,,,,,,,,1,,,1,,,,1,,1,1,,,,,,,1,1,,1,,1,,,,1,,,,,,,1,,,,1,,1,,,,,,,,,,1,,,,,,,,,,,,,,,,,,,,,,,,,,,,,,,,,,,,,,,,,,,,,,,,,,,,,,,,,,,,,,,,,,,,,,,,,,,,,,,,,,,,,,,,,,,,,,,,,,,,,,,,,,,,,,,,,,,,,,,,,,,,,,,,,,,,,,,,,,,,,,,24,28,0,0,0,0,0,0,0,0,0,0,0,np,492682f877607ee99df2ddd2bd5953fd727bdf6e19d397de9dbbafd582bcad75,np,np
mb-d65ae353ce5d975c,d65ae353ce5d975cea85bb0fab578590a90061173657ba2e1a0c1110d9b8eb91,malwarebazaar_real,malicious,A,Anatsa / TeaBot,donor.mutual.draft,VLC MediaPlayer,1,1.0,,,,3677737,2021-04-25,,,,,,,,,,,,,,,,,,,,,,,,,,,,,,1,,,,,,,,1,,,,,,,,,,1,,,,,,,1,,,,,,,,,,,,1,,,1,,,,,,,,,,,,,,1,,,1,,,,1,,1,1,,,,,1,,1,1,,1,,1,1,,1,1,,,,,,,1,,,,1,,1,,,,,,,,,,1,,,,,,,,,,,,,,,,,,,,,,,,,,,,,,,,,,,,,,,,,,,,,,,,,,,,,,,,,,,,,,,,,,,,,,,,,,,,,,,,,,,,,,,,,,,,,,,,,,,,,,,,,,,,,,,,,,,,,,,,,,,,,,,,,,,,,,,,,,,,,,,24,30,0,0,0,0,0,0,0,0,0,0,0,Android,a40da80a59d170caa950cf15c18c454d47a39b26989d8b640ecd745ba71bf5dc,Android,Android
mb-8856ac19f179461c,8856ac19f179461c4008249c342c8dadbd17118f80f43ce0229ddb1cda33bd67,malwarebazaar_real,malicious,A,Anatsa / TeaBot,com.akbjmrnec.wiuvhfydb,QR Code Scanner: Add-On,1,1.0,,,,3375300,2022-02-20,,,,,,,,,,,,,,,,,,,,,,,,,,,,,,,,,,,,,,1,,,,,,,,,,,,,,,,,1,,,,,,,,,,,,,,,1,,,,,,,,,,,,,,1,,,1,,,,1,,1,1,,,,,,,1,1,,1,,1,,,,1,,,,,,,1,,,,1,,1,,,,,,,,,,1,,,,,,,,,,,,,,,,,,,,,,,,,,,,,,,,,,,,,,,,,,,,,,,,,,,,,,,,,,,,,,,,,,,,,,,,,,,,,,,,,,,,,,,,,,,,,,,,,,,,,,,,,,,,,,,,,,,,,,,,,,,,,,,,,,,,,,,,,,,,,,,24,28,0,0,0,0,0,0,0,0,0,0,0,np,492682f877607ee99df2ddd2bd5953fd727bdf6e19d397de9dbbafd582bcad75,np,np
mb-2211e5b751634ef3,2211e5b751634ef3681bff599b25d57f47f1593bc27aeb83273ee63a64d62e25,malwarebazaar_real,malicious,A,Anatsa / TeaBot,com.sdfabfnf.efpkfohw,PDF AI: TEXT RECOGNISER,1,1.0,,,,4791775,2021-11-05,,,,,,,,,,,,,,,,,,,,,,,,,,,,,,,,,,,,,,1,,,,,,,,,,,,,,,,,1,,,,,,,,,,,,,,,1,,,,,,,,,,,,,,1,,,1,,,,1,,1,1,,,,,,,1,1,,1,,1,,,,1,,,,,,,1,,,,1,,1,,,,,,,,,,1,,,,,,,,,,,,,,,,,,,,,,,,,,,,,,,,,,,,,,,,,,,,,,,,,,,,,,,,,,,,,,,,,,,,,,,,,,,,,,,,,,,,,,,,,,,,,,,,,,,,,,,,,,,,,,,,,,,,,,,,,,,,,,,,,,,,,,,,,,,,,,,24,28,0,0,0,0,0,0,0,0,0,0,0,np,492682f877607ee99df2ddd2bd5953fd727bdf6e19d397de9dbbafd582bcad75,np,np
mb-93880cd38abffa10,93880cd38abffa10e753c17ae7c14f0833356cba601bd1a3d3998859f47c900f,malwarebazaar_real,malicious,A,Anatsa / TeaBot,com.obckaliva.ebnxvikzi,PDF Text Recognition: Add-On,4,3.0,,,,3875576,2022-08-06,,,,,,,,,,,,,,,,,,,,,,,,,,,,,,,,,,,,,,1,,,,,,,,,,,,,,,,,1,,,,,,,,,,,,,,,1,,,,,,,,,,,,,,1,,,1,,,,1,,1,1,,,,,,,1,1,,1,,1,,,,1,,,,,,,1,,,,1,,1,,,,,,,,,,1,,,,,,,,,,,,,,,,,,,,,,,,,,,,,,,,,,,,,,,,,,,,,,,,,,,,,,,,,,,,,,,,,,,,,,,,,,,,,,,,,,,,,,,,,,,,,,,,,,,,,,,,,,,,,,,,,,,,,,,,,,,,,,,,,,,,,,,,,,,,,,,24,28,0,0,0,0,0,0,0,0,0,0,0,np,492682f877607ee99df2ddd2bd5953fd727bdf6e19d397de9dbbafd582bcad75,np,np
mb-4067054f202cc8e8,4067054f202cc8e87557915783d4468b54985c5cc7b0b57df98ffbb106475196,malwarebazaar_real,malicious,A,Anatsa / TeaBot,trust.royal.vibrant,BookReader,1,1.0,,,,2982939,2021-01-23,,,,,,,,,,,,,,,,,,,,,,,,,,,,,,,,,,,,,,1,,,,,,,,,,,,,1,,,,1,,,,,,,,,,,,,,,1,,,,,,,,,,,,,,1,,,1,,,,1,,1,1,,,,,,,1,1,,,,1,,,1,1,,,,,,,1,,,,1,,1,,,,,,,,,,1,,,,,,,,,,,,,,,,,,,,,,,,,,,,,,,,,,,,,,,,,,,,,,,,,,,,,,,,,,,,,,,,,,,,,,,,,,,,,,,,,,,,,,,,,,,,,,,,,,,,,,,,,,,,,,,,,,,,,,,,,,,,,,,,,,,,,,,,,,,,,,,24,30,0,0,0,0,0,0,0,0,0,0,0,Android,a40da80a59d170caa950cf15c18c454d47a39b26989d8b640ecd745ba71bf5dc,Android,Android
mb-767c218be4e7d2c9,767c218be4e7d2c99ee9c8b36128ac932d2dac0e3792ce638b804083f75e1096,malwarebazaar_real,malicious,A,Anatsa / TeaBot,com.stone.observe,QR-Code Scanner: Add-On,4,3.0,,,,1267276,2022-05-06,,,,,,,1,1,1,,1,,1,1,,,,,,1,,,,,,,,,,,1,,,1,,,,1,,,,,,,,,,,,,,1,,,1,,,,,,,,,,,,,,,1,1,,,,,,,1,,,,,1,1,,,1,,,,1,1,1,1,,,1,,,,1,1,1,1,,1,,,,1,,,,,,,1,,,1,1,1,1,,,,,,1,,,1,1,,,,,,,,,,,,,,,,,,,,,,,,,,,,,,,,,,,,,,,,,,,,,,,,,,,,,,,,1,,,,,,,,,,,,,,,,,,,,,,,,,,,,,,,,,,,,,,,,,,,,,,,,,,,,,,,,,,,,,,,,,,,,,,,,,,,,,,,,,,,,,,,24,28,0,0,0,0,0,0,0,0,0,0,0,Android,a40da80a59d170caa950cf15c18c454d47a39b26989d8b640ecd745ba71bf5dc,Android,Android
mb-c3c7df127552aa25,c3c7df127552aa2594ad335d7cc955cb1274cc322455a89b1856a2adf9f83ded,malwarebazaar_real,malicious,A,Anatsa / TeaBot,com.bracket.original,QR-Code Scanner: Add-On,4,3.0,,,,1255453,2022-05-05,,,,,,,1,1,1,,1,,1,1,,,,,,1,,,,,,,,,,,1,,,1,,,,1,,,,,,,,,,,,,,1,,,1,,,,,,,,,,,,,,,1,1,,,,,,,1,,,,,1,1,,,1,,,,1,1,1,1,,,1,,,,1,1,1,1,,1,,,,1,,,,,,,1,,,1,1,1,1,,,,,,1,,,1,1,,,,,,,,,,,,,,,,,,,,,,,,,,,,,,,,,,,,,,,,,,,,,,,,,,,,,,,,1,,,,,,,,,,,,,,,,,,,,,,,,,,,,,,,,,,,,,,,,,,,,,,,,,,,,,,,,,,,,,,,,,,,,,,,,,,,,,,,,,,,,,,,24,28,0,0,0,0,0,0,0,0,0,0,0,Android,a40da80a59d170caa950cf15c18c454d47a39b26989d8b640ecd745ba71bf5dc,Android,Android
mb-47bb7f855cdf116c,47bb7f855cdf116c62499240089fa1b7a69585e8b7f639e192b9d038da4094cd,malwarebazaar_real,malicious,A,Anatsa / TeaBot,com.nnawozvvi.pamwhbawm,QR Code Scanner: Add-On,1,1.0,,,,3371203,2022-02-20,,,,,,,,,,,,,,,,,,,,,,,,,,,,,,,,,,,,,,1,,,,,,,,,,,,,,,,,1,,,,,,,,,,,,,,,1,,,,,,,,,,,,,,1,,,1,,,,1,,1,1,,,,,,,1,1,,1,,1,,,,1,,,,,,,1,,,,1,,1,,,,,,,,,,1,,,,,,,,,,,,,,,,,,,,,,,,,,,,,,,,,,,,,,,,,,,,,,,,,,,,,,,,,,,,,,,,,,,,,,,,,,,,,,,,,,,,,,,,,,,,,,,,,,,,,,,,,,,,,,,,,,,,,,,,,,,,,,,,,,,,,,,,,,,,,,,24,28,0,0,0,0,0,0,0,0,0,0,0,np,492682f877607ee99df2ddd2bd5953fd727bdf6e19d397de9dbbafd582bcad75,np,np
mb-b88e7421bc61f4ce,b88e7421bc61f4ce20c0694418fc97c1e77cfd3f2053857f87cc47512a55c3d3,malwarebazaar_real,malicious,A,Anatsa / TeaBot,angry.grant.doll,VoiceMail,1,1.0,,,,4542834,2021-08-01,,,,,,,,,,,,,,,,,,,,,,,,,,,,,,,,,,,,,,1,,,,,,,,,,,,,,,,,1,,,,,,,,,,,,,,,1,,,,,,,,,,,,,,1,,,1,,,,1,,1,1,,,,,,,1,1,,1,,1,,,,1,,,,,,,1,,,,1,,1,,,,,,,,,,1,,,,,,,,,,,,,,,,,,,,,,,,,,,,,,,,,,,,,,,,,,,,,,,,,,,,,,,,,,,,,,,,,,,,,,,,,,,,,,,,,,,,,,,,,,,,,,,,,,,,,,,,,,,,,,,,,,,,,,,,,,,,,,,,,,,,,,,,,,,,,,,24,28,0,0,0,0,0,0,0,0,0,0,0,Android,a40da80a59d170caa950cf15c18c454d47a39b26989d8b640ecd745ba71bf5dc,Android,Android
mb-9f2d916b1e0ee486,9f2d916b1e0ee486f5a49e3e9887eae59dbdca0a554139ae9a4dc8edc2f12de0,malwarebazaar_real,malicious,A,Anatsa / TeaBot,com.zzvk.elxxjqz,PDF AI: TEXT RECOGNISER,1,1.0,,,,2896783,2021-07-13,,,,,,,,,,,,,,,,,,,,,,,,,,,,,,,,,,,,,,1,,,,,,,,,,,,,,,,,1,,,,,,,,,,,,,,,1,,,,,,,,,,,,,,1,,,1,,,,1,,1,1,,,,,,,1,1,,1,,1,,,,1,,,,,,,1,,,,1,,1,,,,,,,,,,1,,,,,,,,,,,,,,,,,,,,,,,,,,,,,,,,,,,,,,,,,,,,,,,,,,,,,,,,,,,,,,,,,,,,,,,,,,,,,,,,,,,,,,,,,,,,,,,,,,,,,,,,,,,,,,,,,,,,,,,,,,,,,,,,,,,,,,,,,,,,,,,24,28,0,0,0,0,0,0,0,0,0,0,0,Android,a40da80a59d170caa950cf15c18c454d47a39b26989d8b640ecd745ba71bf5dc,Android,Android
mb-a34c1e334e9d76e9,a34c1e334e9d76e97b8e8ac6b88bbc45cbed7ab7fc3a62e2f348c940136778af,malwarebazaar_real,malicious,A,Anatsa / TeaBot,subject.exhaust.play,DHL,1,1.0,,,,4247039,2021-05-22,,,,,,,,,,,,,,,,,,,,,,,,,,,,,,,,,,,,,,1,,,,,,,,,,,,,,,,,1,1,,,,,,,,,,,,,,1,,,,,,,,,,,,,,1,,,1,,,,1,,1,1,,,,,,,1,1,,1,,1,1,,1,1,,,,,,,1,,,,1,,1,,,,,,,,,,1,,,,,,,,,,,,,,,,,,,,,,,,,,,,,,,,,,,,,,,,,,,,,,,,,,,,,,,,,,,,,,,,,,,,,,,,,,,,,,,,,,,,,,,,,,,,,,,,,,,,,,,,,,,,,,,,,,,,,,,,,,,,,,,,,,,,,,,,,,,,,,,24,28,0,0,0,0,0,0,0,0,0,0,0,Android,a40da80a59d170caa950cf15c18c454d47a39b26989d8b640ecd745ba71bf5dc,Android,Android
mb-ca3da13d69ce07ed,ca3da13d69ce07ed9b31314f2404f9c6a2235067406b545d7b00517258cee9d6,malwarebazaar_real,malicious,A,Octo / Coper / ExobotV2,com.atlotzowj,Google Chrome,7,7.7,,,,521311,1981-01-01,,,,,,,,,,,1,1,1,,,,,1,,,,,,,,1,,,,,,1,,,,,,1,,,,,,,,,,,,,,,,,1,,,,,,,,1,,,,,,,1,,,,,,,,1,,,,,,1,,,1,,,,1,,,1,,,,1,1,1,1,1,,,,1,,,,,,,,,,1,,,,1,,1,1,,,,,,1,,,1,,,,,,,,,,,,,,,,,,,,,,,,,,,,,,,,,,,,,,,,,,,,,,,,,,,,,,,,,,,,,,,,,,,,,,,,,,,,,,,,,,,,,,,,,,,,,,,,,,,,,,,,,,,,,,,,,,,,,,,,,,,,,,,,,,,,,,,,,,,,,,,,21,30,0,0,0,0,0,0,0,0,0,0,0,Android Debug,fac61745dc0903786fb9ede62a962b399f7348f0bb6f899b8332667591033b9c,Android Debug,Unknown
mb-0a2f1bdec6df99d0,0a2f1bdec6df99d0de397ffdd63f1c89341b7bd53fa4dd5868e567109fdd507f,malwarebazaar_real,malicious,A,Octo / Coper / ExobotV2,com.portnight,Google Chrome,7,7.8,,,,196083,2023-12-25,,,,,,,,,,,1,1,1,,,,,1,,,,,,,,1,,,,,,1,,,,,,1,,,,,,,,,,,,,1,,,1,1,,,,,,,,1,,,,,,,,,,,,,,,,,,,,,1,,,1,,,,1,,,1,,,,1,1,1,1,1,,,,1,,,,,,,,,,1,,,,,,1,1,,,,,,,,,1,,,,,,,,,,,,,,,,,,,,,,,,,,,,,,,,,,,,,,,,,,,,,,,,,,,,,,,,,,,,,,,,,,,,,,,,,,,,,,,,,,,,,,,,,,,,,,,,,,,,,,,,,,,,,,,,,,,,,,,,,,,,,,,,,,,,,,,,,,,,,,,,21,28,0,0,0,0,0,0,0,0,0,0,0,Unknown,ed06117c968884c0911bf3bc16f936338a519e609fa4736cf9e832db60238750,Unknown,Unknown
mb-5ad51d421227bc99,5ad51d421227bc9976e9e9cdb9c37b6461a82e60efe0591a7a7014ec8e1f0379,malwarebazaar_real,malicious,A,Octo / Coper / ExobotV2,com.broughtbluea,Trendyol,9,9.3,,,,669952,2023-11-23,,,,1,,,,,,,1,1,1,,,1,,,,,,,,,,1,,,,,,,,,,,,1,,,,,,,,,,,,,,,,1,1,,,,,,,,1,,,,,,,,,,,,,,,,,,,,,1,,,1,,,,1,,,1,,,,1,1,1,1,1,,,,1,,,,,,,,,,1,,,,1,,1,1,,,,,,,,,1,,,,,,,,,,,,,,,,,,,,,,,,,,,,,,,,,,,,,,,,,,,,,,,,,,,,,,,,,,,,,,,,,,,,,,,,,,,,,,,,,,,,,,,,,,,,,,,,,,,,,,,,,,,,,,,,,,,,,,,,,,,,,,,,,,,,,,,,,,,,,,,,21,28,0,0,0,0,0,0,0,0,0,0,0,Android,a40da80a59d170caa950cf15c18c454d47a39b26989d8b640ecd745ba71bf5dc,Android,Android
mb-3504d9f2a2fdf021,3504d9f2a2fdf021a382be4e2603acbdb5550ac2ddf26f62da1c2227b1f7f400,malwarebazaar_real,malicious,A,Octo / Coper / ExobotV2,com.travelabout8,Google Chrome,6,6.7,,,,1847115,2023-11-04,,,,1,,,1,,,,1,1,1,,,1,,,,,,,,,,1,,,,,,,,,,,,1,,,,,,,,,,,,,1,,,1,1,,,,1,,,,1,,,,,,,,,,,,,,,1,,,,,,1,,,1,,,,1,,,1,,,,1,1,1,1,1,,,,1,,,,,,,,,,1,,,,1,1,1,1,,,,,,1,,,1,,1,,,,,,,,,,,,,,,,,,,,,,,,,,,,,,,,,,,,,,,,,,,,,,,,,,,,,,,,,,,,,,,,,,,,,,,,,,,,,,,,,,,,,,,,,,,,,,,,,,,,,,,,,,,,,,,,,,,,,,,,,,,,,,,,,,,,,,,,,,,,,,21,28,0,0,0,0,0,0,0,0,0,0,0,Android Debug,fac61745dc0903786fb9ede62a962b399f7348f0bb6f899b8332667591033b9c,Android Debug,Unknown
mb-846a04a5a04dad71,846a04a5a04dad7129abe56d82b0578d4e2af6d6f73cfdf9de364c001d00c24d,malwarebazaar_real,malicious,A,Octo / Coper / ExobotV2,com.riverfront8,Chrome,5,5.3,,,,1489290,2023-09-12,,,,1,,,1,,,,1,1,1,,,,,1,,,,,,,,1,,,,,,1,,,,,,1,,,,,,,,,,,,,1,,,1,1,,,,1,,,,1,,,,,,,,,,,,,,,1,,,,,,1,,,1,,,,1,,,1,,,,1,1,1,1,1,,,,1,,,,,,,,,,1,,,,1,1,1,1,,,,,,1,,,1,,1,,,,,,,,,,,,,,,,,,,,,,,,,,,,,,,,,,,,,,,,,,,,,,,,,,,,,,,,,,,,,,,,,,,,,,,,,,,,,,,,,,,,,,,,,,,,,,,,,,,,,,,,,,,,,,,,,,,,,,,,,,,,,,,,,,,,,,,,,,,,,,21,28,0,0,0,0,0,0,0,0,0,0,0,Android Debug,fac61745dc0903786fb9ede62a962b399f7348f0bb6f899b8332667591033b9c,Android Debug,Unknown
mb-144cb58badccd0d2,144cb58badccd0d201ef6b9befef75f7a2860cf6b978b14d9acf9b77a6a3fdfb,malwarebazaar_real,malicious,A,Octo / Coper / ExobotV2,com.standhave03,Google Play,7,7.3,,,,540559,2008-02-29,,,,1,,,,,,,1,1,1,,,1,,1,,,,,,,,1,,,,,,1,,,,,,1,,,,,,,,,,,,,,,,1,1,,,,,,,,1,,,,,,,,,,,,,,,,,,,,,1,,,1,,,,1,,,1,,,,1,1,1,1,1,,,,1,,,,,,,,,,1,,,,1,,1,1,,,,,,,,,1,,,,,,,,,,,,,,,,,,,,,,,,,,,,,,,,,,,,,,,,,,,,,,,,,,,,,,,,,,,,,,,,,,,,,,,,,,,,,,,,,,,,,,,,,,,,,,,,,,,,,,,,,,,,,,,,,,,,,,,,,,,,,,,,,,,,,,,,,,,,,,,,21,28,0,0,0,0,0,0,0,0,0,0,0,Android,a40da80a59d170caa950cf15c18c454d47a39b26989d8b640ecd745ba71bf5dc,Android,Android
mb-45dbfe5c6e12786e,45dbfe5c6e12786ec990276f88c3650c2aaa7776a2304813397f193660365413,malwarebazaar_real,malicious,A,Octo / Coper / ExobotV2,com.gavetopydw,Google Play,5,5.3,,,,540229,2008-02-29,,,,1,,,,,,,1,1,1,,,,,,,,,,,,,1,,,,,,,,,,,,1,,,,,,,,,,,,,,,,1,1,,,,,,,,1,,,,,,,,,,,,,,,1,,,,,,1,,,1,,,,1,,,1,,,,1,1,1,1,1,,,,1,,,,,,,,,,1,,,,1,,1,1,,,,,,,,,1,,,,,,,,,,,,,,,,,,,,,,,,,,,,,,,,,,,,,,,,,,,,,,,,,,,,,,,,,,,,,,,,,,,,,,,,,,,,,,,,,,,,,,,,,,,,,,,,,,,,,,,,,,,,,,,,,,,,,,,,,,,,,,,,,,,,,,,,,,,,,,,,21,28,0,0,0,0,0,0,0,0,0,0,0,Android,a40da80a59d170caa950cf15c18c454d47a39b26989d8b640ecd745ba71bf5dc,Android,Android
mb-201247484840a2db,201247484840a2db692f6f3011312e0b1ff74d31c55ac23f71d149b8c6f0e2b3,malwarebazaar_real,malicious,A,Octo / Coper / ExobotV2,com.freeroad11,Chrome,5,5.2,,,,557526,2008-02-29,,,,1,,,,,,,1,1,1,,,,,1,,,,,,,,1,,,,,,,,,,,,1,,,,,,,,,,,,,1,,,,1,,,,,,,,1,,,,,,,,,,,,,,,1,,,,,,1,,,1,,,,1,,,1,,,,1,1,1,1,1,,,,1,,,,,,,,,,1,,,,,,1,1,,,,,,,,,1,,,,,,,,,,,,,,,,,,,,,,,,,,,,,,,,,,,,,,,,,,,,,,,,,,,,,,,,,,,,,,,,,,,,,,,,,,,,,,,,,,,,,,,,,,,,,,,,,,,,,,,,,,,,,,,,,,,,,,,,,,,,,,,,,,,,,,,,,,,,,,,,21,28,0,0,0,0,0,0,0,0,0,0,0,Android,a40da80a59d170caa950cf15c18c454d47a39b26989d8b640ecd745ba71bf5dc,Android,Android
mb-5f3ccbc143370c21,5f3ccbc143370c214b2afcbbb3d54a0f9cdc8e9e09f266800700ea0532353957,malwarebazaar_real,malicious,A,Octo / Coper / ExobotV2,com.earlysince27,Chrome,2,2.4,,,,2381042,2023-01-08,,,,1,,,,,,,1,1,1,,,,,1,,,,,,,,1,,,,,,,,,,,,1,,,,,,,,,,,,,,,,1,1,,,,,,,,1,,,,,,,,,,,,,,,1,,,,,,1,,,1,,,,1,,,1,,,,1,1,1,1,1,,,,1,,,,,,,,,,1,,,,1,,1,1,,,,,,,,,1,,,,,,,,,,,,,,,,,,,,,,,,,,,,,,,,,,,,,,,,,,,,,,,,,,,,,,,,,,,,,,,,,,,,,,,,,,,,,,,,,,,,,,,,,,,,,,,,,,,,,,,,,,,,,,,,,,,,,,,,,,,,,,,,,,,,,,,,,,,,,,,,21,28,0,0,0,0,0,0,0,0,0,0,0,Android,a40da80a59d170caa950cf15c18c454d47a39b26989d8b640ecd745ba71bf5dc,Android,Android
mb-b4dadf3553bb8249,b4dadf3553bb82499c4d0b6be96c47c46abc6904b611376d75c844ffb83725c6,malwarebazaar_real,malicious,A,Octo / Coper / ExobotV2,com.gotbutcv,BAWAG PSK Security,7,7.7,,,,1500006,2008-02-29,,,,1,,,,,,,1,1,1,1,,1,,,,,,,,,,1,,,,,,,,,,,,1,,,,,,,,,,,,,1,,,1,1,,,,,,,,1,,,,,1,,,,,,,,,,1,,,,,,1,,,1,,,,1,,,1,,,,1,1,1,1,1,,,,1,,,,1,,,,,,1,,,,1,,1,1,,,,,,,,,1,,,,,,,,,,,,,,,,,,,,,,,,,,,,,,,,,,,,,,,,,,,,,,,,,,,,,,,,,,,,,,,,,,,,,,,,,,,,,,,,,,,,,,,,,,,,,,,,,,,,,,,,,,,,,,,,,,,,,,,,,,,,,,,,,,,,,,,,,,,,,,,,21,28,0,0,0,0,0,0,0,0,0,0,0,Android,a40da80a59d170caa950cf15c18c454d47a39b26989d8b640ecd745ba71bf5dc,Android,Android
mb-a93d66a127091d11,a93d66a127091d11090f544514d7e677c24db69d361008e60fffc5200331a1fe,malwarebazaar_real,malicious,A,Octo / Coper / ExobotV2,com.bypressfo,BAWAG PSK Security,6,6.10,,,,1499716,2008-02-29,,,,1,,,,,,,1,1,1,1,,,,1,,,,,,,,1,,,,,,,,,,,,1,,,,,,,,,,,,,,,,1,1,,,,,,,,1,,,,,1,,,,,,,,,,1,,,,,,1,,,1,,,,1,,,1,,,,1,1,1,1,1,,,,1,,,,1,,,,,,1,,,,,,1,1,,,,,,,,,1,,,,,,,,,,,,,,,,,,,,,,,,,,,,,,,,,,,,,,,,,,,,,,,,,,,,,,,,,,,,,,,,,,,,,,,,,,,,,,,,,,,,,,,,,,,,,,,,,,,,,,,,,,,,,,,,,,,,,,,,,,,,,,,,,,,,,,,,,,,,,,,,21,28,0,0,0,0,0,0,0,0,0,0,0,Android,a40da80a59d170caa950cf15c18c454d47a39b26989d8b640ecd745ba71bf5dc,Android,Android
mb-21a682236b420a5c,21a682236b420a5c2a172add811c5fc9630e7e00b39b99482b79179bf121b7fb,malwarebazaar_real,malicious,A,Octo / Coper / ExobotV2,com.darklittler,BAWAG PSK Security,9,9.4,,,,1500481,2008-02-29,,,,1,,,,,,,1,1,1,1,,,,,,,,,,,,1,,,,,,,,,,,,1,,,,,,,,,,,,,1,,,,1,,,,,,,,1,,,,,1,,,,,,,,,,1,,,,,,1,,,1,,,,1,,,1,,,,1,1,1,1,1,,,,1,,,,1,,,,,,1,,,,1,,1,1,,,,,,1,,,1,,,,,,,,,,,,,,,,,,,,,,,,,,,,,,,,,,,,,,,,,,,,,,,,,,,,,,,,,,,,,,,,,,,,,,,,,,,,,,,,,,,,,,,,,,,,,,,,,,,,,,,,,,,,,,,,,,,,,,,,,,,,,,,,,,,,,,,,,,,,,,,,21,28,0,0,0,0,0,0,0,0,0,0,0,Android,a40da80a59d170caa950cf15c18c454d47a39b26989d8b640ecd745ba71bf5dc,Android,Android
mb-841e432a41b96250,841e432a41b9625040704fd636d4fc3814a6d4193fa315cd78cfed9aa3991c04,malwarebazaar_real,malicious,A,Coper,com.beginhigh19,Chrome,10,10.6,,,,189275,2024-04-05,,,,1,,,,,,,1,1,1,,,1,,,,,,,,,,1,,,,,,1,,,,,,1,,,,,,,,,,,,,1,,,,1,,,,,,,,1,,,,,,,,,,,,,,,,,,,,,1,,,1,,,,1,,,1,,,,1,1,1,1,1,,,,1,,,,,,,,,,1,,,,,,1,1,,,,,,1,,,1,,,,,,,,,,,,,,,,,,,,,,,,,,,,,,,,,,,,,,,,,,,,,,,,,,,,,,,,,,,,,,,,,,,,,,,,,,,,,,,,,,,,,,,,,,,,,,,,,,,,,,,,,,,,,,,,,,,,,,,,,,,,,,,,,,,,,,,,,,,,,,,,21,28,0,0,0,0,0,0,0,0,0,0,0,np,492682f877607ee99df2ddd2bd5953fd727bdf6e19d397de9dbbafd582bcad75,np,np
mb-dc2a780f6abb9f0e,dc2a780f6abb9f0ec0a6675f20acb91ebe2a8748297682a59daf9164fbea2ee8,malwarebazaar_real,malicious,A,Coper,com.pagethan10,Google Chrome,9,9.3,,,,2938129,2025-05-23,,,,,,,,,,,1,1,1,,,1,,1,,,,,,,,1,,,,,,1,,,,,,1,,,,,,,,,,,,,,,,,1,,,,,,,,1,,,,,,1,1,,,,,,,1,1,,,,,,1,,,1,,,,1,,,1,,,,1,1,1,1,1,,,1,1,,,,,,,,,,1,,,1,,1,1,1,,,,,,,,,1,,,,,,,,,,,,,,,,,,,,,,,,,,,,,,,,,,,,,,,,,,,,,,,,,,,,,,,,,,,,,,,,,,,,,,,,,,,,,,,,,,,,,,,,,,,,,,,,,,,,,,,,,,,,,,,,,,,,,,,,,,,,,,,,,,,,,,,,,,,,,,,,23,33,0,0,0,0,0,0,0,0,0,0,0,Android Debug,fac61745dc0903786fb9ede62a962b399f7348f0bb6f899b8332667591033b9c,Android Debug,Unknown
mb-33ece8395604682f,33ece8395604682f2c428a5b7a11e562b836f44f7b6fbb0caaa84bfa80d0c8ff,malwarebazaar_real,malicious,A,Coper,com.wreck.chef,Chrome,9,9.1,,,,1589920,2025-04-17,,,,,,,,,,,1,1,1,,,1,,1,,,,,,,,1,,,,,,1,,,,,,1,,,,,,,,,,,,,1,,,1,1,,,,,,,,1,,,,,,,1,,,,,,,,1,,,,,,1,,,1,,,,1,,,1,,,,1,1,1,1,1,,,,1,,,,,,,,,,1,,,,1,,1,1,,,,,,1,,,1,,,,,,,,,,,,,,,,,,,,,,,,,,,,,,,,,,,,,,,,,,,,,,,,,,,,,,,,,,,,,,,,,,,,,,,,,,,,,,,,,,,,,,,,,,,,,,,,,,,1,1,1,,,,,,,,,,,,,,,,,,,,,,,,,,,,,,,,,,,,,,,,,,,26,28,0,0,0,0,0,0,0,0,0,0,0,Android Debug,fac61745dc0903786fb9ede62a962b399f7348f0bb6f899b8332667591033b9c,Android Debug,Unknown
mb-73aef1d852c9c400,73aef1d852c9c4001b1a7db673e03417d30f489e56db5813a8757866c2641028,malwarebazaar_real,malicious,A,Coper,com.lessfire68,Google Chrome,3,1.5,,,,1176795,1981-01-01,,,,,,,,,,,1,1,1,,,,,,,,,,,1,,1,,,,,,,,,,,,1,,,1,,,1,,,,,,,1,,,1,1,,,,,,,,1,,,,,,1,1,,,,,,,1,1,,,,,,1,,,1,,,,1,,1,1,,1,,1,1,1,1,1,,,1,1,,,,,,,,,,1,,,1,1,1,1,1,,,,,1,1,,,1,,,,,,,,,,,,,,,,,,,,,,,,,,,,,,,,,,,,,,,,,,,,,,,,,,,,,,,,,,,,,,,,,,,,,,,,,,,,,,,,,,,,,,,,,,,,,,,,,,,,,,,,,,,,,,,,,,,,,,,,,,,,,,,,,,,,,,,,,,,,,,,,23,33,0,0,0,0,0,0,0,0,0,0,0,Android Debug,fac61745dc0903786fb9ede62a962b399f7348f0bb6f899b8332667591033b9c,Android Debug,Unknown
mb-9a1ac04b85cc6f35,9a1ac04b85cc6f35cd83382f258254556a37f1fc314020dbecbde033caa00a8d,malwarebazaar_real,malicious,A,Coper,com.callfrom29,Google Chrome,4,4.3,,,,1176811,1981-01-01,,,,,,,,,,,1,1,1,,,1,,1,,,,,,1,,1,,,,,,,,,,,,1,,,1,,,1,,,,,,,,,,1,1,,,,,,,,1,,,,,,1,1,,,,,,,1,1,,,,,,1,,,1,,,,1,,1,1,,1,,1,1,1,1,1,,,1,1,,,,,,,,,,1,,,1,1,1,1,1,,,,,1,1,,,1,,,,,,,,,,,,,,,,,,,,,,,,,,,,,,,,,,,,,,,,,,,,,,,,,,,,,,,,,,,,,,,,,,,,,,,,,,,,,,,,,,,,,,,,,,,,,,,,,,,,,,,,,,,,,,,,,,,,,,,,,,,,,,,,,,,,,,,,,,,,,,,,23,33,0,0,0,0,0,0,0,0,0,0,0,Android Debug,fac61745dc0903786fb9ede62a962b399f7348f0bb6f899b8332667591033b9c,Android Debug,Unknown
mb-faa774978f433683,faa774978f43368357f553a1e45a2f9465fcfa50c6c09dbf6004304db03bc641,malwarebazaar_real,malicious,A,Coper,com.morningriver8,Google Chrome,5,5.9,,,,1176799,1981-01-01,,,,,,,,,,,1,1,1,,,1,,1,,,,,,1,,1,,,,,,1,,,,,,1,,,1,,,1,,,,,,,1,,,1,1,,,,,,,,1,,,,,,1,1,,,,,,,1,1,,,,,,1,,,1,,,,1,,1,1,,1,,1,1,1,1,1,,,1,1,,,,,,,,,,1,,,1,1,1,1,1,,,,,1,1,,,1,,,,,,,,,,,,,,,,,,,,,,,,,,,,,,,,,,,,,,,,,,,,,,,,,,,,,,,,,,,,,,,,,,,,,,,,,,,,,,,,,,,,,,,,,,,,,,,,,,,,,,,,,,,,,,,,,,,,,,,,,,,,,,,,,,,,,,,,,,,,,,,,23,33,0,0,0,0,0,0,0,0,0,0,0,Android Debug,fac61745dc0903786fb9ede62a962b399f7348f0bb6f899b8332667591033b9c,Android Debug,Unknown
mb-dbcf1e78a34e7428,dbcf1e78a34e742832a2dbe46eec985ede3ff659c7f5801611c3b22b5a5cd379,malwarebazaar_real,malicious,A,Coper,com.soongrowy,Google Chrome,6,6.5,,,,1172695,1981-01-01,,,,,,,,,,,1,1,1,,,,,,,,,,,1,,1,,,,,,,,,,,,1,,,1,,,1,,,,,,,1,,,1,1,,,,,,,,1,,,,,,1,1,,,,,,,1,1,,,,,,1,,,1,,,,1,,1,1,,1,,1,1,1,1,1,,,1,1,,,,,,,,,,1,,,1,1,1,1,1,,,,,1,1,,,1,,,,,,,,,,,,,,,,,,,,,,,,,,,,,,,,,,,,,,,,,,,,,,,,,,,,,,,,,,,,,,,,,,,,,,,,,,,,,,,,,,,,,,,,,,,,,,,,,,,,,,,,,,,,,,,,,,,,,,,,,,,,,,,,,,,,,,,,,,,,,,,,23,33,0,0,0,0,0,0,0,0,0,0,0,Android Debug,fac61745dc0903786fb9ede62a962b399f7348f0bb6f899b8332667591033b9c,Android Debug,Unknown
mb-90ac64358498e62a,90ac64358498e62a5718e92d9ede7c7e0fb30aa39c6cc94d4ac38010208cc255,malwarebazaar_real,malicious,A,Coper,com.selfwoodk,Google Chrome,3,3.5,,,,1172703,1981-01-01,,,,,,,,,,,1,1,1,,,1,,,,,,,,1,,1,,,,,,1,,,,,,1,,,1,,,1,,,,,,,1,,,,1,,,,,,,,1,,,,,,1,1,,,,,,,1,1,,,,,,1,,,1,,,,1,,1,1,,1,,1,1,1,1,1,,,1,1,,,,,,,,,,1,,,1,1,1,1,1,,,,,1,1,,,1,,,,,,,,,,,,,,,,,,,,,,,,,,,,,,,,,,,,,,,,,,,,,,,,,,,,,,,,,,,,,,,,,,,,,,,,,,,,,,,,,,,,,,,,,,,,,,,,,,,,,,,,,,,,,,,,,,,,,,,,,,,,,,,,,,,,,,,,,,,,,,,,23,33,0,0,0,0,0,0,0,0,0,0,0,Android Debug,fac61745dc0903786fb9ede62a962b399f7348f0bb6f899b8332667591033b9c,Android Debug,Unknown
mb-bae41a16babbac0b,bae41a16babbac0bcf8280bf6a60c78331bfaf50b0b5c31cf6c55ac29c5c7c4a,malwarebazaar_real,malicious,A,Coper,com.wayeyejx,Google Chrome,3,3.8,,,,1172691,1981-01-01,,,,,,,,,,,1,1,1,,,1,,1,,,,,,1,,1,,,,,,1,,,,,,1,,,1,,,1,,,,,,,,,,1,1,,,,,,,,1,,,,,,1,1,,,,,,,1,,,,,,,1,,,1,,,,1,,1,1,,1,,1,1,1,1,1,,,1,1,,,,,,,,,,1,,,1,,1,1,1,,,,,1,,,,1,,,,,,,,,,,,,,,,,,,,,,,,,,,,,,,,,,,,,,,,,,,,,,,,,,,,,,,,,,,,,,,,,,,,,,,,,,,,,,,,,,,,,,,,,,,,,,,,,,,,,,,,,,,,,,,,,,,,,,,,,,,,,,,,,,,,,,,,,,,,,,,,23,33,0,0,0,0,0,0,0,0,0,0,0,Android Debug,fac61745dc0903786fb9ede62a962b399f7348f0bb6f899b8332667591033b9c,Android Debug,Unknown
mb-8c7dbb2080f2b862,8c7dbb2080f2b862026b2d755cb01c4b484c357c7aa5e053398ee6fe497c6374,malwarebazaar_real,malicious,A,Coper,com.freeface72,Google Chrome,2,2.3,,,,1172691,1981-01-01,,,,,,,,,,,1,1,1,,,1,,1,,,,,,1,,1,,,,,,1,,,,,,1,,,1,,,1,,,,,,,1,,,1,1,,,,,,,,1,,,,,,1,1,,,,,,,1,1,,,,,,1,,,1,,,,1,,1,1,,1,,1,1,1,1,1,,,1,1,,,,,,,,,,1,,,1,1,1,1,1,,,,,1,1,,,1,,,,,,,,,,,,,,,,,,,,,,,,,,,,,,,,,,,,,,,,,,,,,,,,,,,,,,,,,,,,,,,,,,,,,,,,,,,,,,,,,,,,,,,,,,,,,,,,,,,,,,,,,,,,,,,,,,,,,,,,,,,,,,,,,,,,,,,,,,,,,,,,23,33,0,0,0,0,0,0,0,0,0,0,0,Android Debug,fac61745dc0903786fb9ede62a962b399f7348f0bb6f899b8332667591033b9c,Android Debug,Unknown
mb-6ec479136b4fb680,6ec479136b4fb6809638e874d9d606f6d4b1f44a686f61954bb6883d548333fa,malwarebazaar_real,malicious,A,Coper,com.hardten1,Google Chrome,2,2.8,,,,1172699,1981-01-01,,,,,,,,,,,1,1,1,,,1,,1,,,,,,1,,1,,,,,,,,,,,,1,,,1,,,1,,,,,,,1,,,,1,,,,,,,,1,,,,,,1,1,,,,,,,1,,,,,,,1,,,1,,,,1,,1,1,,1,,1,1,1,1,1,,,1,1,,,,,,,,,,1,,,1,1,1,1,1,,,,,1,,,,1,,,,,,,,,,,,,,,,,,,,,,,,,,,,,,,,,,,,,,,,,,,,,,,,,,,,,,,,,,,,,,,,,,,,,,,,,,,,,,,,,,,,,,,,,,,,,,,,,,,,,,,,,,,,,,,,,,,,,,,,,,,,,,,,,,,,,,,,,,,,,,,,23,33,0,0,0,0,0,0,0,0,0,0,0,Android Debug,fac61745dc0903786fb9ede62a962b399f7348f0bb6f899b8332667591033b9c,Android Debug,Unknown
mb-88d598aa4b9272f1,88d598aa4b9272f14913d42937586992d0a5e35e656ca315e33ecaa81628f04c,malwarebazaar_real,malicious,A,Coper,com.colordo8,Google Chrome,5,1.8,,,,1176807,1981-01-01,,,,,,,,,,,1,1,1,,,1,,1,,,,,,1,,1,,,,,,,,,,,,1,,,1,,,1,,,,,,,,,,1,1,,,,,,,,1,,,,,,1,1,,,,,,,1,1,,,,,,1,,,1,,,,1,,1,1,,1,,1,1,1,1,1,,,1,1,,,,,,,,,,1,,,1,,1,1,1,,,,,1,1,,,1,,,,,,,,,,,,,,,,,,,,,,,,,,,,,,,,,,,,,,,,,,,,,,,,,,,,,,,,,,,,,,,,,,,,,,,,,,,,,,,,,,,,,,,,,,,,,,,,,,,,,,,,,,,,,,,,,,,,,,,,,,,,,,,,,,,,,,,,,,,,,,,,23,33,0,0,0,0,0,0,0,0,0,0,0,Android Debug,fac61745dc0903786fb9ede62a962b399f7348f0bb6f899b8332667591033b9c,Android Debug,Unknown
mb-e104e343d5d6db29,e104e343d5d6db290a76ac90d19917ff88d000bd891be7b9cdab1eb66525f8ea,malwarebazaar_real,malicious,A,Coper,com.ohourihe,Google Chrome,8,8.1,,,,1172699,1981-01-01,,,,,,,,,,,1,1,1,,,,,1,,,,,,1,,1,,,,,,,,,,,,1,,,1,,,1,,,,,,,1,,,1,1,,,,,,,,1,,,,,,1,1,,,,,,,1,1,,,,,,1,,,1,,,,1,,1,1,,1,,1,1,1,1,1,,,1,1,,,,,,,,,,1,,,1,1,1,1,1,,,,,1,1,,,1,,,,,,,,,,,,,,,,,,,,,,,,,,,,,,,,,,,,,,,,,,,,,,,,,,,,,,,,,,,,,,,,,,,,,,,,,,,,,,,,,,,,,,,,,,,,,,,,,,,,,,,,,,,,,,,,,,,,,,,,,,,,,,,,,,,,,,,,,,,,,,,,23,33,0,0,0,0,0,0,0,0,0,0,0,Android Debug,fac61745dc0903786fb9ede62a962b399f7348f0bb6f899b8332667591033b9c,Android Debug,Unknown
mb-76798397118c81ed,76798397118c81edf2ef4588a60578a8700017afb98b040657b39cccdbe30009,malwarebazaar_real,malicious,A,Coper,com.rulebook90,Google Chrome,7,7.9,,,,1176803,1981-01-01,,,,,,,,,,,1,1,1,,,1,,1,,,,,,1,,1,,,,,,1,,,,,,1,,,1,,,1,,,,,,,1,,,1,1,,,,,,,,1,,,,,,1,1,,,,,,,1,1,,,,,,1,,,1,,,,1,,1,1,,1,,1,1,1,1,1,,,1,1,,,,,,,,,,1,,,1,1,1,1,1,,,,,1,,,,1,,,,,,,,,,,,,,,,,,,,,,,,,,,,,,,,,,,,,,,,,,,,,,,,,,,,,,,,,,,,,,,,,,,,,,,,,,,,,,,,,,,,,,,,,,,,,,,,,,,,,,,,,,,,,,,,,,,,,,,,,,,,,,,,,,,,,,,,,,,,,,,,23,33,0,0,0,0,0,0,0,0,0,0,0,Android Debug,fac61745dc0903786fb9ede62a962b399f7348f0bb6f899b8332667591033b9c,Android Debug,Unknown
mb-a126d643c83163c3,a126d643c83163c3cf7830de9cf2fc11b6b1eca77e10e0ce48e9e2edaaf2425e,malwarebazaar_real,malicious,A,Coper,com.lowcouldjr,Google Chrome,5,5.1,,,,1172691,1981-01-01,,,,,,,,,,,1,1,1,,,1,,1,,,,,,1,,1,,,,,,1,,,,,,1,,,1,,,1,,,,,,,1,,,,1,,,,,,,,1,,,,,,1,1,,,,,,,1,,,,,,,1,,,1,,,,1,,1,1,,1,,1,1,1,1,1,,,1,1,,,,,,,,,,1,,,1,1,1,1,1,,,,,1,1,,,1,,,,,,,,,,,,,,,,,,,,,,,,,,,,,,,,,,,,,,,,,,,,,,,,,,,,,,,,,,,,,,,,,,,,,,,,,,,,,,,,,,,,,,,,,,,,,,,,,,,,,,,,,,,,,,,,,,,,,,,,,,,,,,,,,,,,,,,,,,,,,,,,23,33,0,0,0,0,0,0,0,0,0,0,0,Android Debug,fac61745dc0903786fb9ede62a962b399f7348f0bb6f899b8332667591033b9c,Android Debug,Unknown
mb-b7273b4a1b2d2a96,b7273b4a1b2d2a968a890f363e256d6d6b8fdda6a63280e673262f221c76a1fc,malwarebazaar_real,malicious,A,Coper,com.lookbedrn,Google Chrome,8,8.9,,,,1172711,1981-01-01,,,,,,,,,,,1,1,1,,,1,,1,,,,,,1,,1,,,,,,1,,,,,,1,,,1,,,1,,,,,,,1,,,,1,,,,,,,,1,,,,,,1,1,,,,,,,1,1,,,,,,1,,,1,,,,1,,1,1,,1,,1,1,1,1,1,,,1,1,,,,,,,,,,1,,,1,,1,1,1,,,,,1,,,,1,,,,,,,,,,,,,,,,,,,,,,,,,,,,,,,,,,,,,,,,,,,,,,,,,,,,,,,,,,,,,,,,,,,,,,,,,,,,,,,,,,,,,,,,,,,,,,,,,,,,,,,,,,,,,,,,,,,,,,,,,,,,,,,,,,,,,,,,,,,,,,,,23,33,0,0,0,0,0,0,0,0,0,0,0,Android Debug,fac61745dc0903786fb9ede62a962b399f7348f0bb6f899b8332667591033b9c,Android Debug,Unknown
mb-3434bad9d01dad7a,3434bad9d01dad7ad4e7525a3936c527376699e3505e70171b083c1226f0e90c,malwarebazaar_real,malicious,A,Coper,com.longthese3,Google Chrome,4,4.6,,,,1176787,1981-01-01,,,,,,,,,,,1,1,1,,,1,,1,,,,,,1,,1,,,,,,,,,,,,1,,,1,,,1,,,,,,,,,,1,1,,,,,,,,1,,,,,,1,1,,,,,,,1,1,,,,,,1,,,1,,,,1,,1,1,,1,,1,1,1,1,1,,,1,1,,,,,,,,,,1,,,1,1,1,1,1,,,,,1,1,,,1,,,,,,,,,,,,,,,,,,,,,,,,,,,,,,,,,,,,,,,,,,,,,,,,,,,,,,,,,,,,,,,,,,,,,,,,,,,,,,,,,,,,,,,,,,,,,,,,,,,,,,,,,,,,,,,,,,,,,,,,,,,,,,,,,,,,,,,,,,,,,,,,23,33,0,0,0,0,0,0,0,0,0,0,0,Android Debug,fac61745dc0903786fb9ede62a962b399f7348f0bb6f899b8332667591033b9c,Android Debug,Unknown
mb-80448bc12448336f,80448bc12448336f023d890b29ebf2a854f325ad010aa05d2f632870be9c8677,malwarebazaar_real,malicious,A,Coper,com.greatlet3,Google Chrome,4,4.1,,,,1172699,1981-01-01,,,,,,,,,,,1,1,1,,,1,,1,,,,,,1,,1,,,,,,1,,,,,,1,,,1,,,1,,,,,,,1,,,1,1,,,,,,,,1,,,,,,1,1,,,,,,,1,1,,,,,,1,,,1,,,,1,,1,1,,1,,1,1,1,1,1,,,1,1,,,,,,,,,,1,,,1,1,1,1,1,,,,,1,1,,,1,,,,,,,,,,,,,,,,,,,,,,,,,,,,,,,,,,,,,,,,,,,,,,,,,,,,,,,,,,,,,,,,,,,,,,,,,,,,,,,,,,,,,,,,,,,,,,,,,,,,,,,,,,,,,,,,,,,,,,,,,,,,,,,,,,,,,,,,,,,,,,,,23,33,0,0,0,0,0,0,0,0,0,0,0,Android Debug,fac61745dc0903786fb9ede62a962b399f7348f0bb6f899b8332667591033b9c,Android Debug,Unknown
mb-5f6016b9bcaf98d2,5f6016b9bcaf98d2276187b7ef74a1662bd7e21e610ebed2b2ce5a7aea799600,malwarebazaar_real,malicious,A,Coper,com.statedown68,Google Chrome,5,5.9,,,,1172699,1981-01-01,,,,,,,,,,,1,1,1,,,1,,1,,,,,,1,,1,,,,,,1,,,,,,1,,,1,,,1,,,,,,,1,,,1,1,,,,,,,,1,,,,,,1,1,,,,,,,1,1,,,,,,1,,,1,,,,1,,1,1,,1,,1,1,1,1,1,,,1,1,,,,,,,,,,1,,,1,1,1,1,1,,,,,1,,,,1,,,,,,,,,,,,,,,,,,,,,,,,,,,,,,,,,,,,,,,,,,,,,,,,,,,,,,,,,,,,,,,,,,,,,,,,,,,,,,,,,,,,,,,,,,,,,,,,,,,,,,,,,,,,,,,,,,,,,,,,,,,,,,,,,,,,,,,,,,,,,,,,23,33,0,0,0,0,0,0,0,0,0,0,0,Android Debug,fac61745dc0903786fb9ede62a962b399f7348f0bb6f899b8332667591033b9c,Android Debug,Unknown
mb-44ce621f601a8c68,44ce621f601a8c68f8984324e2883cb431adcae410a60a36f6f252ad5d0fd467,malwarebazaar_real,malicious,A,Coper,com.lotas2,Google Chrome,8,8.3,,,,1172691,1981-01-01,,,,,,,,,,,1,1,1,,,1,,1,,,,,,1,,1,,,,,,,,,,,,1,,,1,,,1,,,,,,,,,,,1,,,,,,,,1,,,,,,1,1,,,,,,,1,,,,,,,1,,,1,,,,1,,1,1,,1,,1,1,1,1,1,,,1,1,,,,,,,,,,1,,,1,1,1,1,1,,,,,1,,,,1,,,,,,,,,,,,,,,,,,,,,,,,,,,,,,,,,,,,,,,,,,,,,,,,,,,,,,,,,,,,,,,,,,,,,,,,,,,,,,,,,,,,,,,,,,,,,,,,,,,,,,,,,,,,,,,,,,,,,,,,,,,,,,,,,,,,,,,,,,,,,,,,23,33,0,0,0,0,0,0,0,0,0,0,0,Android Debug,fac61745dc0903786fb9ede62a962b399f7348f0bb6f899b8332667591033b9c,Android Debug,Unknown
mb-97886afc752048f8,97886afc752048f8d8044120044ac7396e50b78b74b7e0077b8881b4eee7da6a,malwarebazaar_real,malicious,A,Coper,com.soundpass9,Google Chrome,5,5.4,,,,1172695,1981-01-01,,,,,,,,,,,1,1,1,,,,,1,,,,,,1,,1,,,,,,1,,,,,,1,,,1,,,1,,,,,,,,,,,1,,,,,,,,1,,,,,,1,1,,,,,,,1,1,,,,,,1,,,1,,,,1,,1,1,,1,,1,1,1,1,1,,,1,1,,,,,,,,,,1,,,1,,1,1,1,,,,,1,,,,1,,,,,,,,,,,,,,,,,,,,,,,,,,,,,,,,,,,,,,,,,,,,,,,,,,,,,,,,,,,,,,,,,,,,,,,,,,,,,,,,,,,,,,,,,,,,,,,,,,,,,,,,,,,,,,,,,,,,,,,,,,,,,,,,,,,,,,,,,,,,,,,,23,33,0,0,0,0,0,0,0,0,0,0,0,Android Debug,fac61745dc0903786fb9ede62a962b399f7348f0bb6f899b8332667591033b9c,Android Debug,Unknown
mb-5a2306804771a975,5a2306804771a975f692d6cc1cbaf06af1b86273301b3af8069f4d36a27d3866,malwarebazaar_real,malicious,A,Coper,com.whomotherxf,Google Chrome,6,1.6,,,,1176811,1981-01-01,,,,,,,,,,,1,1,1,,,,,,,,,,,1,,1,,,,,,,,,,,,1,,,1,,,1,,,,,,,1,,,1,1,,,,,,,,1,,,,,,1,1,,,,,,,1,1,,,,,,1,,,1,,,,1,,1,1,,1,,1,1,1,1,1,,,1,1,,,,,,,,,,1,,,1,1,1,1,1,,,,,1,,,,1,,,,,,,,,,,,,,,,,,,,,,,,,,,,,,,,,,,,,,,,,,,,,,,,,,,,,,,,,,,,,,,,,,,,,,,,,,,,,,,,,,,,,,,,,,,,,,,,,,,,,,,,,,,,,,,,,,,,,,,,,,,,,,,,,,,,,,,,,,,,,,,,23,33,0,0,0,0,0,0,0,0,0,0,0,Android Debug,fac61745dc0903786fb9ede62a962b399f7348f0bb6f899b8332667591033b9c,Android Debug,Unknown
mb-44612fabf9a13d78,44612fabf9a13d78f845f0932c6f332647684c8017f5a8410ec24b483a186e27,malwarebazaar_real,malicious,A,Coper,com.inchage62,Google Chrome,3,3.5,,,,1172715,1981-01-01,,,,,,,,,,,1,1,1,,,1,,1,,,,,,1,,1,,,,,,,,,,,,1,,,1,,,1,,,,,,,1,,,1,1,,,,,,,,1,,,,,,1,1,,,,,,,1,,,,,,,1,,,1,,,,1,,1,1,,1,,1,1,1,1,1,,,1,1,,,,,,,,,,1,,,1,,1,1,1,,,,,1,1,,,1,,,,,,,,,,,,,,,,,,,,,,,,,,,,,,,,,,,,,,,,,,,,,,,,,,,,,,,,,,,,,,,,,,,,,,,,,,,,,,,,,,,,,,,,,,,,,,,,,,,,,,,,,,,,,,,,,,,,,,,,,,,,,,,,,,,,,,,,,,,,,,,,23,33,0,0,0,0,0,0,0,0,0,0,0,Android Debug,fac61745dc0903786fb9ede62a962b399f7348f0bb6f899b8332667591033b9c,Android Debug,Unknown
mb-fcf61a8a80a61ffb,fcf61a8a80a61ffb6c29ae60f334cbb9d9054026576a873b9d1a71013c8d0737,malwarebazaar_real,malicious,A,Coper,com.familystateguhp,Google Chrome,6,6.1,,,,1176795,1981-01-01,,,,,,,,,,,1,1,1,,,1,,1,,,,,,1,,1,,,,,,1,,,,,,1,,,1,,,1,,,,,,,1,,,1,1,,,,,,,,1,,,,,,1,1,,,,,,,1,1,,,,,,1,,,1,,,,1,,1,1,,1,,1,1,1,1,1,,,1,1,,,,,,,,,,1,,,1,1,1,1,1,,,,,1,1,,,1,,,,,,,,,,,,,,,,,,,,,,,,,,,,,,,,,,,,,,,,,,,,,,,,,,,,,,,,,,,,,,,,,,,,,,,,,,,,,,,,,,,,,,,,,,,,,,,,,,,,,,,,,,,,,,,,,,,,,,,,,,,,,,,,,,,,,,,,,,,,,,,,23,33,0,0,0,0,0,0,0,0,0,0,0,Android Debug,fac61745dc0903786fb9ede62a962b399f7348f0bb6f899b8332667591033b9c,Android Debug,Unknown
mb-a4fd3292b7bc5800,a4fd3292b7bc5800f8d9b3a3e4c6a757daeb0800cae762cf2294012cee5604f5,malwarebazaar_real,malicious,A,Coper,com.mountainkind97,Google Chrome,9,9.9,,,,1172703,1981-01-01,,,,,,,,,,,1,1,1,,,,,1,,,,,,1,,1,,,,,,,,,,,,1,,,1,,,1,,,,,,,,,,1,1,,,,,,,,1,,,,,,1,1,,,,,,,1,,,,,,,1,,,1,,,,1,,1,1,,1,,1,1,1,1,1,,,1,1,,,,,,,,,,1,,,1,,1,1,1,,,,,1,1,,,1,,,,,,,,,,,,,,,,,,,,,,,,,,,,,,,,,,,,,,,,,,,,,,,,,,,,,,,,,,,,,,,,,,,,,,,,,,,,,,,,,,,,,,,,,,,,,,,,,,,,,,,,,,,,,,,,,,,,,,,,,,,,,,,,,,,,,,,,,,,,,,,,23,33,0,0,0,0,0,0,0,0,0,0,0,Android Debug,fac61745dc0903786fb9ede62a962b399f7348f0bb6f899b8332667591033b9c,Android Debug,Unknown
mb-b9ddc7c5f9adbf01,b9ddc7c5f9adbf012494ab258acd80ab35311b52e3b28f2a78a1d8dad75ab259,malwarebazaar_real,malicious,A,Crocodilus,baggage.stream.gonad,Magicstyle,1,1.0,,,,1883155,2025-05-27,,,,,,,,,,,1,,,,,,,,,,,,,1,,1,1,,,,,,,,,,,1,1,,1,,,1,,,,,,,,,,,1,,,,,,,,,,,,,,1,1,,,,1,,,1,,,,,,,1,,,1,,,,1,,,1,,1,,,,,1,1,,,1,1,,,,,,,,,,,,,1,,,,1,,,,,1,,,,,1,,,,,,,,,,,,,,,,,,,,,,,,,,,,,,,,,,,,,,,,,,,,,,,,,,,,,,,,,,,,,,,,,,,,,,,,,,,,,,,,,,,,,,,,,,,,,,,,,,,,,,,,,,,,,,,,,,,,,,,,,,,,,,,,,,,,,,,,,,,,,,,26,35,0,0,0,0,0,0,0,0,0,0,0,App1748349182,abff0c7d95045e327f9f3185d76e637b3326918a5fac025578bb8fea46e48cda,App1748349182,CR2
mb-801f956057aa608c,801f956057aa608c7393b2fcca9b731c610c6bd5e14f4f3c1d64e8f211828319,malwarebazaar_real,malicious,A,Crocodilus,unrelated.hamburger,IKO Lokata,1,1.0,,,,2269076,2025-05-26,,,,,,,,,,,1,,,,,,,,,,,,,1,,1,1,,,,,,,,,,,1,1,,1,,,1,,,,,,,,,,,1,,,,,,,,,,,,,,1,1,,,,1,,,1,,,,,,,1,,,1,,,,1,,,1,,1,,,,,1,1,,,1,1,,,,,,,,,,,,,1,,,,1,,,,,1,,,,,1,,,,,,,,,,,,,,,,,,,,,,,,,,,,,,,,,,,,,,,,,,,,,,,,,,,,,,,,,,,,,,,,,,,,,,,,,,,,,,,,,,,,,,,,,,,,,,,,,,,,,,,,,,,,,,,,,,,,,,,,,,,,,,,,,,,,,,,,,,,,,,,26,35,0,0,0,0,0,0,0,0,0,0,0,App1748279770,8f2177dbd5d61b7481e38b7978c9ceeb3d30d89df6f9d612f14af8f0d93aac50,App1748279770,CR2
mb-545fb5d571cab5d8,545fb5d571cab5d861d1259d4c31cd292795189aee79041821c9d9221c570e9c,malwarebazaar_real,malicious,A,Crocodilus,stinky.massive,Chrome,1,1.0,,,,3056452,1981-01-01,,,,,,,,,,,,,,,,,,,,,,,,,,,,,,,,,,,,,,,,,,,,,,,,,,,,,,,,,,,,1,,,,,,,,,,1,,,,,,,,1,,,,,,,,,,,,,,,,,,,,,,,,,1,,,,,,,,,,,,,,,,,,,,,,,,,,1,,,,,,,,,,,,,,,,,,,,,,,,,,,,,,,,,,,,,,,,,,,,,,,,,,,,,,,,,,,,,,,,,,,,,,,,,,,,,,,,,,,,,,,,,,,,,,,,,,,,,,,,,,,,,,,,,,,,,,,,,,,,,,,,,,,,,,,,,,,,,,,,,,,26,35,0,0,0,0,0,0,0,0,0,0,0,Google LLC,0ec3ac2403c26963691c2c87d99d13aecd88b48aec1cfe3efe93deb8dbb1d06c,Google LLC,Google LLC
mb-0178782131396a7f,0178782131396a7fe379de4a244a6bc7896646fdbf824fcb8cb815efe1ac2d81,malwarebazaar_real,malicious,A,Crocodilus,shore.footprint,Allegro Kupony,1,1.0,,,,2154045,2025-05-21,,,,,,,,,,,1,,,,,,,,,,,,,1,,1,1,,,,,,,,,,,1,1,,1,,,1,,,,,,,,,,,1,,,,,,,,,,,,,,1,1,,,,1,,,1,,,,,,,1,,,1,,,,1,,,1,,1,,,,,1,1,,,1,1,,,,,,,,,,,,,1,,,,1,,,,,1,,,,,1,,,,,,,,,,,,,,,,,,,,,,,,,,,,,,,,,,,,,,,,,,,,,,,,,,,,,,,,,,,,,,,,,,,,,,,,,,,,,,,,,,,,,,,,,,,,,,,,,,,,,,,,,,,,,,,,,,,,,,,,,,,,,,,,,,,,,,,,,,,,,,,26,35,0,0,0,0,0,0,0,0,0,0,0,App1747820286,cb9ae8e382902e33d615ffaa6dc80f3837702e2c830059e486dc7b0470de701b,App1747820286,CR2
mb-c8dcf4ee90bbfbd5,c8dcf4ee90bbfbd52c182aa80974381871fbc2f9b34b4e81dbcc4eed9777212e,malwarebazaar_real,malicious,A,Crocodilus,untitled.lividly.disobey,Play-Plus,1,1.0,,,,2277512,2025-05-28,,,,,,,,,,,1,,,,,,,,,,,,,1,,1,1,,,,,,,,,,,1,1,,1,,,1,,,,,,,,,,,1,,,,,,,,,,,,,,1,1,,,,1,,,1,,,,,,,1,,,1,,,,1,,,1,,1,,,,,1,1,,,1,1,,,,,,,,,,,,,1,,,,1,,,,,1,,,,,1,,,,,,,,,,,,,,,,,,,,,,,,,,,,,,,,,,,,,,,,,,,,,,,,,,,,,,,,,,,,,,,,,,,,,,,,,,,,,,,,,,,,,,,,,,,,,,,,,,,,,,,,,,,,,,,,,,,,,,,,,,,,,,,,,,,,,,,,,,,,,,,26,35,0,0,0,0,0,0,0,0,0,0,0,App1748432313,bb9dc87e693eea96ccfb83834bbf772601f3eb24e96152107c296cd3db08c65c,App1748432313,CR2
mb-6d55d90d021b0980,6d55d90d021b0980528f56d040e78fa7b85a96f5c244e23f330f24c8e80c1cb2,malwarebazaar_real,malicious,A,Crocodilus,nuttiness.pamperer.cosmetics,IKO,1,1.0,,,,1961072,2025-05-19,,,,,,,,,,,1,,,,,,,,,,,,,1,,1,1,,,,,,,,,,,1,1,,1,,,1,,,,,,,,,,,1,,,,,,,,,,,,,,1,1,,,,1,,,1,,,,,,,1,,,1,,,,1,,,1,,1,,,,,1,1,,,1,1,,,,,,,,,,,,,1,,,,1,,,,,1,,,,,1,,,,,,,,,,,,,,,,,,,,,,,,,,,,,,,,,,,,,,,,,,,,,,,,,,,,,,,,,,,,,,,,,,,,,,,,,,,,,,,,,,,,,,,,,,,,,,,,,,,,,,,,,,,,,,,,,,,,,,,,,,,,,,,,,,,,,,,,,,,,,,,26,35,0,0,0,0,0,0,0,0,0,0,0,App1747668007,07190421b30a944926681c5f4e67ee6e267f54190d6cafe872f0d6691405afc6,App1747668007,CR2
mb-e40dc70d94e13e7f,e40dc70d94e13e7fc1a58c9b940591bc01c1c37641f2ee61737c7625aa467c02,malwarebazaar_real,malicious,A,ToxicPanda / TgToxic,com.mem.installdropsession,agoda,1,1.1,,,,5104244,2025-02-08,,,,,,,,,,,,,,,,,,,,,,,,,,,,,,,,,,,,,,,,,,,,,,,,,,1,1,,,,1,,,,,,,,,,,,,,,1,,,,,,,,,,,,,,,,,,,,,,,,,,,,1,,,,,1,,,,,,,,,,,,,,,,,,,,,,,,,,,,,,,,,,,,,,,,,,,,,,,,,,,,,,,,,,,,,,,,,,,,,,,,,,,,,,,,,,,,,,,,,,,,,,,,,,,,,,,,,,,,,,,,,,,,,,,,,,,,,,,,,,,,,,,,,,,,,,,,,,,,,,,,,,,,,,,,,,,,,,,,,,,,,27,31,0,0,0,0,0,0,0,0,0,0,0,ZTPY9P,7591e1fda031a1c10d67fd7d6d81cce87dad87b45bbbad1f5ba54aff70b7cf79,ZTPY9P,02JLE8
mb-fde931224d2e558e,fde931224d2e558e67ac8c9c0c1d0aac4f7562622a67870d6c3024bdeb851676,malwarebazaar_real,malicious,A,ToxicPanda / TgToxic,com.example.mysoul,​Google Chrome​,1,1.1,,,,3668492,2025-01-07,,,,,,,,,,,1,1,1,,,,,1,,,,1,,,,1,1,,,,,1,,,,1,,1,,,,,,,,,,,,1,1,,,,1,,,1,1,,,,1,,,,,,1,1,,,,,,,1,1,1,1,1,,,1,,,1,,,,1,,,1,1,,,1,1,1,1,1,1,,1,1,,,,1,,1,1,,,1,,,1,,,1,1,,,,,,1,,1,1,,,,,,,,,,,,,,,1,,,1,1,1,1,1,1,1,1,,,,,,,,,,,,,,,,,,,,,,,,,,,,,,,,,,,,,1,,,,,,,,,,,,,,,,,,,,,,,,,,,,,,,,,,,1,,,,,,,,,,,,,,,,,,,,,,,,,,,,,,,,,,,,1,,,,,,,,,,,26,33,0,0,0,0,0,0,0,0,0,0,0,RWNWW4,2a48253c237a4fe2d21368f3a4be8d6af3d31e159ee6d1cf99176b93adc42feb,RWNWW4,8W6A2H
mb-94694e56c6d22a01,94694e56c6d22a0115a3dc615597f5e24a5f844fb5a250a4b71f673cfc2d0d02,malwarebazaar_real,malicious,A,ToxicPanda / TgToxic,com.mem.installdropsession,Chrome,1,1.1,,,,4924081,2025-01-07,,,,,,,,,,,,,,,,,,,,,,,,,,,,,,,,,,,,,,,,,,,,,,,,,,1,1,,,,1,,,,,,,,,,,,,,,1,,,,,,,,,,,,,,,,,,,,,,,,,,,,1,,,,,1,,,,,,,,,,,,,,,,,,,,,,,,,,,,,,,,,,,,,,,,,,,,,,,,,,,,,,,,,,,,,,,,,,,,,,,,,,,,,,,,,,,,,,,,,,,,,,,,,,,,,,,,,,,,,,,,,,,,,,,,,,,,,,,,,,,,,,,,,,,,,,,,,,,,,,,,,,,,,,,,,,,,,,,,,,,,,27,31,0,0,0,0,0,0,0,0,0,0,0,4KFROL,33a9032404256f728700914ce3663efb62a47cea0b694ce5ab20399a3e1a31f6,4KFROL,7XOS9Y
mb-377f07b92d33e0ea,377f07b92d33e0ea9d7cfe3c288e19df2be8555154bdb1141b82a87d068a0cf7,malwarebazaar_real,malicious,A,ToxicPanda / TgToxic,com.example.mysoul,​M-Pajak​,1,1.1,,,,3877846,2024-12-18,,,,,,,,,,,1,1,1,,,,,1,,,,1,,,,1,1,,,,,1,,,,1,,1,,,,,,,,,,,,1,1,,,,1,,,1,1,,,,1,,,,,,1,1,,,,,,,1,1,1,1,1,,,1,,,1,,,,1,,,1,1,,,1,1,1,1,1,1,,1,1,,,,1,,,1,,,1,,,1,,,1,1,,,,,,1,,1,1,,,,,,,,,,,,,,,1,,,1,1,1,1,1,1,1,1,,,,,,,,,,,,,,,,,,,,,,,,,,,,,,,,,,,,,1,,,,,,,,,,,,,,,,,,,,,,,,,,,,,,,,,,,1,,,,,,,,,,,,,,,,,,,,,,,,,,,,,,,,,,,,1,,,,,,,,,,,26,33,0,0,0,0,0,0,0,0,0,0,0,DH0BWR,da0f88d31725f78717ed1fd57a1aa46d6e01a9d45c17b8312b02fa820bf9976c,DH0BWR,78PJ1P
mb-3d52b5728af55c37,3d52b5728af55c37d5bd74c3f9b7e9ea6b007a9ec202a648ce3dc7e37ff49b29,malwarebazaar_real,malicious,A,ToxicPanda / TgToxic,com.mem.installdropsession,Chrome,1,1.1,,,,5075578,2024-12-13,,,,,,,,,,,,,,,,,,,,,,,,,,,,,,,,,,,,,,,,,,,,,,,,,,1,1,,,,1,,,,,,,,,,,,,,,1,,,,,,,,,,,,,,,,,,,,,,,,,,,,1,,,,,1,,,,,,,,,,,,,,,,,,,,,,,,,,,,,,,,,,,,,,,,,,,,,,,,,,,,,,,,,,,,,,,,,,,,,,,,,,,,,,,,,,,,,,,,,,,,,,,,,,,,,,,,,,,,,,,,,,,,,,,,,,,,,,,,,,,,,,,,,,,,,,,,,,,,,,,,,,,,,,,,,,,,,,,,,,,,,27,31,0,0,0,0,0,0,0,0,0,0,0,TOIRMB,e61d12830d55250b240ce306518a1b5d7f7c1cbab7107a7d0cfeb4c82bba2fed,TOIRMB,U0F52B
mb-f984ad6b075426be,f984ad6b075426be8dda2f28e1212d5c070fb92318d6590ab4436427aa556730,malwarebazaar_real,malicious,A,ToxicPanda / TgToxic,com.mem.installdropsession,Chrome,1,1.1,,,,5071522,2024-12-11,,,,,,,,,,,,,,,,,,,,,,,,,,,,,,,,,,,,,,,,,,,,,,,,,,1,1,,,,1,,,,,,,,,,,,,,,1,,,,,,,,,,,,,,,,,,,,,,,,,,,,1,,,,,1,,,,,,,,,,,,,,,,,,,,,,,,,,,,,,,,,,,,,,,,,,,,,,,,,,,,,,,,,,,,,,,,,,,,,,,,,,,,,,,,,,,,,,,,,,,,,,,,,,,,,,,,,,,,,,,,,,,,,,,,,,,,,,,,,,,,,,,,,,,,,,,,,,,,,,,,,,,,,,,,,,,,,,,,,,,,,27,31,0,0,0,0,0,0,0,0,0,0,0,8QYS19,56d5f43aa9ab165391f853b0e8f7cfdcb9613e81240022f118b8d4708ceaaf1a,8QYS19,AC9APZ
mb-12d94320a25c1496,12d94320a25c1496ae3c7d326e07d4d92d34381d7b821f58ef9f4e135612c6d8,malwarebazaar_real,malicious,A,ToxicPanda / TgToxic,com.example.mysoul,​Google Chrome​,1,1.1,,,,3816330,2024-12-11,,,,,,,,,,,1,1,1,,,,,1,,,,1,,,,1,1,,,,,1,,,,1,,1,,,,,,,,,,,,1,1,,,,1,,,1,1,,,,1,,,,,,1,1,,,,,,,1,1,1,1,1,,,1,,,1,,,,1,,,1,1,,,1,1,1,1,1,1,,1,1,,,,1,,,1,,,1,,,1,,,1,1,,,,,,1,,1,1,,,,,,,,,,,,,,,1,,,1,1,1,1,1,1,1,1,,,,,,,,,,,,,,,,,,,,,,,,,,,,,,,,,,,,,1,,,,,,,,,,,,,,,,,,,,,,,,,,,,,,,,,,,1,,,,,,,,,,,,,,,,,,,,,,,,,,,,,,,,,,,,1,,,,,,,,,,,26,33,0,0,0,0,0,0,0,0,0,0,0,9PS0Z0,90cef7f20718bb493b9b38416323cc0afce113a57e55e61d42cf3082e978e897,9PS0Z0,W9B4KG
mb-f4d7e9ec4eda034c,f4d7e9ec4eda034c29b8d73d479084658858f56e67909c2ffedf9223d7ca9bd2,malwarebazaar_real,malicious,A,Vultur,com.appsmastersafey,Protection Guard,1,1.0,,,,2191141,1981-01-01,1,1,,,,,,,,,1,,1,,,,,,,,,,,,,,,,,,,,,1,,,,1,,,,,,,,,,,,,,,,,1,,,,,,,,,,,,,,,,,,,,,,,1,,,,,,1,,,,,,,1,,,,,,1,,,,1,,,,,,,,,1,,,,1,,,,,,,,,1,,,,,,1,,,,,,,,,,,,,,,,,,,,,,,,,,,,,1,,,,,,,,,,,,,,,,,,,,,,,,,,,,,1,,,,,,,,,,,,,,,,,,,,,,,,,,,,,,,,,,,,,,,,,,,,,,,,,,,,,,,,,,,,,,,,,,,,,,,,,,,,,,,,,,,,,,,,,26,28,0,0,0,0,0,0,0,0,0,0,0,Android Debug,71d02e5b87c607a78c6e0f5a8e1e51a835f097aef4650869397ca1169d1c85bb,Android Debug,Android
mb-3853c41d87d5aa64,3853c41d87d5aa64abe9a52cd1b1fb5e6abada57a06289c9ba9172b5036740b2,malwarebazaar_real,malicious,A,Vultur,com.symantec.mobilesecurity,Norton 360,240708065,5.91.3.240708065,,,,96202221,2024-10-25,,,,,1,1,1,1,1,,1,,1,,,,,,1,,,,,,,,1,,,,1,,,,,,1,1,,,,,,,,,1,1,,,,,,,1,1,,,1,,,,,,1,,,,1,1,,,,,,,1,1,,,,,,,,,1,,,,1,,,1,,,,1,,,1,1,1,,,,,,,1,,,,,,,1,,,1,,,1,,,,,,1,,,,,,,,,,,,,,,,,,,,,1,,1,,,,,,1,1,,,,,,,,,,,,,,,,,,,,,,,,,,,,1,1,,1,,,,,,,,,,,,,,,,,,,,,,,,,,,,,,,,,,1,1,,,,,,,,,,,,,,,,,,,,,,,,,,,,,,,,,,,,,,,,,,,,,,,,,,,26,33,0,0,0,0,0,0,0,0,0,0,0,Android,a40da80a59d170caa950cf15c18c454d47a39b26989d8b640ecd745ba71bf5dc,Android,Android
mb-26f9e19c2a82d2ed,26f9e19c2a82d2ed4d940c2ec535ff2aba8583ae3867502899a7790fe3628400,malwarebazaar_real,malicious,A,Vultur,com.wsandroid.suite,McAfee Security,67100027,6.7.1.27,,,,58457910,2024-01-09,,,,,,,1,1,1,,1,,1,,,,,,,,,,,,,,,1,,,,,,,,,,1,,,,,,,,,,,,,,,,,1,,,,1,,,,,,,,,,,1,,,,,,,,1,,,,,1,1,,,,,,,1,,,,,,,,,,1,,1,,,,,,,,,,,,,,,,,,1,,1,,,,,,1,,,,,,,,,,,,,,,,,,,,,,,,,,,,,1,,,,,,,,,,,,,,,,,,,,,,,,,,,,,1,1,,,,,,,,,,,,,,,,,,,,,,,,,,,,,,,,,,,,,,,,,,,,,,,,,,,,,,,,,,,,,,,,,,,,,,,,,,,,,,,,,,,,,,,,24,30,0,0,0,0,0,0,0,0,0,0,0,Android,a40da80a59d170caa950cf15c18c454d47a39b26989d8b640ecd745ba71bf5dc,Android,Android
mb-ef04b246dc6c3ba6,ef04b246dc6c3ba619994cdbbaf010833d7164ef98d3ef04696223a132b793da,malwarebazaar_real,malicious,A,Vultur,com.newpack.test1.baltex,McAfee Security,1,4.41,,,,4095458,1981-01-01,,,,,,,,,,,,,1,,,,,,,,,,,,,,,,,,1,,,,,,,,,,,,,,,,,,,,,,,,1,,,,,,,,,,,,,,,1,,,,,,,,,,,,,,,,,,,,,,,,,,,,,,,,,1,,,,,,,,,,,,,,,,,,,,,,,,,,,,,,,,,,,,,,,,,,,,,,,,,,,,,,,,,,,,,,,,,,,,,,,,,,,,,,,,,,,,,,,,,,,,,,,,,,,,,,,,,,,,,,,,,,,,,,,,,,,,,,,,,,,,,,,,,,,,,,,,,,,,,,,,,,,,,,,,,,,,,,,,,,,,,26,33,0,0,0,0,0,0,0,0,0,0,0,Android,a40da80a59d170caa950cf15c18c454d47a39b26989d8b640ecd745ba71bf5dc,Android,Android
mb-14f8c7b4b5cca8e0,14f8c7b4b5cca8e02598309a1192d51f241ea68192c3cab5fb4ab9399d75f505,malwarebazaar_real,malicious,A,Vultur,com.wsandroid.suite,McAfee Security,67100027,6.7.1.27,,,,60125339,2024-05-26,,,,,,,1,1,1,,1,,1,,,,,,,,,,,,,,,1,,,1,,,,,,,1,,,,,,,,,,,,,,,,,1,,,,1,,,,,,,,,,,1,,,,,,,,1,,,,,1,1,,,,,,,1,,,,,,,,,,1,,1,,,,,,,,,,,,,,,,,,1,,1,,,,,,1,,,,,,,,,,,,,,,,,,,,,,,,,,,,,1,,,,,,,,,,,,,,,,,,,,,,,,,,,,,1,1,,,,,,,,,,,,,,,,,,,,,,,,,,,,,,,,,,,,,,,,,,,,,,,,,,,,,,,,,,,,,,,,,,,,,,,,,,,,,,,,,,,,,,,,24,30,0,0,0,0,0,0,0,0,0,0,0,Android,a40da80a59d170caa950cf15c18c454d47a39b26989d8b640ecd745ba71bf5dc,Android,Android
mb-4ff779aae25dd9b6,4ff779aae25dd9b690d8d889ada3b2d76555393ad456cbcb00c73f580b76313a,malwarebazaar_real,malicious,A,Vultur,com.wsandroid.suite,McAfee Security,67100027,6.7.1.27,,,,60129435,2024-07-06,,,,,,,1,1,1,,1,,1,,,,,,,,,,,,,,,1,,,1,,,,,,,1,,,,,,,,,,,,,,,,,1,,,,1,,,,,,,,,,,1,,,,,,,,1,,,,,1,1,,,,,,,1,,,,,,,,,,1,,1,,,,,,,,,,,,,,,,,,1,,1,,,,,,1,,,,,,,,,,,,,,,,,,,,,,,,,,,,,1,,,,,,,,,,,,,,,,,,,,,,,,,,,,,1,1,,,,,,,,,,,,,,,,,,,,,,,,,,,,,,,,,,,,,,,,,,,,,,,,,,,,,,,,,,,,,,,,,,,,,,,,,,,,,,,,,,,,,,,,24,30,0,0,0,0,0,0,0,0,0,0,0,Android,a40da80a59d170caa950cf15c18c454d47a39b26989d8b640ecd745ba71bf5dc,Android,Android
mb-bca6f9f22b2045e8,bca6f9f22b2045e8218f07dd76ce2759fa21e542c2e76e3733fed99153207d39,malwarebazaar_real,malicious,A,Vultur,com.piccolo.filemanager,Piccolo Filemanager,1,1.0,,,,6131098,1981-01-01,,,,,,,,,,,1,,1,,,,,,,,,,,,,,,,,,,,,,,,,1,,,,,,,,,,,,,,,,,1,,,,1,,,,,,,,,,,1,,,,,,,,,,,,,,,,,,,,,1,,,,,,,,,,1,,1,,,,,,,,,,,,,,,,,1,,,1,,,,,,1,,,,,,,,,,,,,,,,1,,,,,1,,,,,,,,,,,,,,,,,,,,,,,,,,,,,,,,,,,,,,,,,,,,,,,,,,,,,,,,,,,,,,,,,,,,,,,,,,,,,,,,,,,,,,,,,,,,,,,,,,,,,,,,,,,,,,,,,,,,,,,,,,,,,,26,31,0,0,0,0,0,0,0,0,0,0,0,Android,86755568f5f087d08c0d969297791bfac2cb882a3317168729ca0be01c44247f,Android,Google Inc.
mb-e907e2a4dc7455d0,e907e2a4dc7455d068b1f5a28fbda8ea8abdb30e0c19a6200083ad2fb607961d,malwarebazaar_real,malicious,A,Vultur,com.trouba.terrasse,Piccolo Filemanager,1,1.0,,,,2245401,,1,1,,,,,1,1,1,,1,,1,,,,,,,,,,,,,,,,1,,1,,,1,,,,1,,,,,,,,,,,,,,,,,1,,,,,,,,,,,,,,,1,,,,,,,,1,,,,,,1,,,,,,,1,,,,,,1,,,,1,1,,,1,,,,,,,,,,,,,,,1,,,1,,,,,,1,,,1,,,,,,,,,,,,,,,,,,,,,,,,,,1,,,,,,,,,,,,,,,,,,,,,,,,,,,,,1,,,,,,,,,,,,,,,,,,,,,,,,,,,,,,,,,,,,,,,,,,,,,,,,,,,,,,,,,,,,,,,,,,,,,,,,,,,,,,,,,,,,,,,,,26,28,0,0,0,0,0,0,0,0,0,0,0,Android,a40da80a59d170caa950cf15c18c454d47a39b26989d8b640ecd745ba71bf5dc,Android,Android
mb-4c950bb7556d287b,4c950bb7556d287bb740e7dcadabbb46d467df25a3309e664a8255c18b1715b0,malwarebazaar_real,malicious,A,Vultur,com.umac.recoverallfilepro,RecoverFiles,21,21.0,,,,3454589,1981-01-01,,,,,,,,,1,,1,,1,,,,,,,,,,,,,,,,,,,,,,,,,1,,,,,,,,,,,,,,,,,1,,,,,,,,,,,,,,,1,,,,,,,,1,,,,,,,,,,,,,1,,,,,,,,,,,,1,,,,,,,,,,,,,,,,,,,,1,,,,,,1,,,,,,,,,,,,,,,,,,,,,,,,,,,,,1,,,,,,,,,,,,,,,,,,,,,,,,,,,,,,,,,,,,,,,,,,,,,,,,,,,,,,,,,,,,,,,,,,,,,,,,,,,,,,,,,,,,,,,,,,,,,,,,,,,,,,,,,,,,,,,,,,,,,,26,30,0,0,0,0,0,0,0,0,0,0,0,Umair,4071083dce75fdac953edcd44594a3803c416b6969f9922b842c2cd767fab73b,Umair,Umairco
mb-d0279f6afa15e292,d0279f6afa15e29234f752229e9b91312fc118f1c73971a2042e163d586c3792,malwarebazaar_real,malicious,A,Cerberus / Alien / ERMAC,com.jakedegivuwuwe.yewo,InatBOX,1,1.0,,,,1067277,2024-02-13,,,,,,,,,,,1,,1,1,,,,,,,,,,,,1,,,,,,,,1,,,,1,,,,,,,,,,1,1,,,1,,,1,,,,,,,,,,,,,,,1,1,,,,,,1,,,,,,1,1,1,,1,,,,1,1,,1,,,,,,,1,1,1,,,1,,,,1,,,,,,,,,,,,,1,,,,1,,,,,,,,,,,,,,,,,,,,,,,,,,,,,,,,,,,,,,,,,,,,,,,,,,,,,,,,,,,,,,,,,,,,,,,,,,,,,,,,,,,,,,,,,,,,,,,,,,,,,,,,,,,,,,,,,,,,,,,,,,,,,,,,,,,,,,,,,,,,,,,,,,,,,26,30,0,0,0,0,0,0,0,0,0,0,0,Android,a40da80a59d170caa950cf15c18c454d47a39b26989d8b640ecd745ba71bf5dc,Android,Android
mb-14b005352c07490b,14b005352c07490b3689ac4eb187eb68d2b50cd135e57e1bca2f3469b10e2dd5,malwarebazaar_real,malicious,A,Cerberus / Alien / ERMAC,com.tencent.mm,Canlı Show İfşa,1,1.0,,,,2922654,1981-01-01,,,,,,,,1,,,1,,1,1,,,,,,,,,,,,1,1,,,,,,,1,,,,1,,,,,,,,,,1,1,,,1,,,1,,,,,,,,1,,,,,,,1,1,,1,,,1,1,1,,,,,1,1,,,1,,,,1,1,,1,,,,,,,1,1,,,,1,,,,1,,,,,,,,,,,,,1,,,,1,1,1,,,,,,,,,,,,,,,,,,,,,,,,,,,,,,,,,,,,,,,,,,,,,,,,,,,,,,,,,,,,,,,,,,,,,,,,,,,,,,,,,,,,,,,,,,,,,,,,,,,,,,,,,,,,,,,,,,,,,,,,,,,,,,,,,,,,,,,,,,,,,,,,,,,27,28,0,0,0,0,0,0,0,0,0,0,0,Hao Wang,fc211bd23638d4c881de59f9b9c8c353c468e282696abe26f7e4ea9d0e81b563,Hao Wang,Rhythm
mb-7a4238fc6f5d3c77,7a4238fc6f5d3c7731c2eb33911298eaa36986040858af56e76628c5dc83e265,malwarebazaar_real,malicious,A,Cerberus / Alien / ERMAC,nusku.ermacv2.apk,Ermac-V2 Apk,1,1.0,,,,1026443,2024-06-25,,,,,,,,,,,1,,1,1,,,,,,,,,,,,1,,,,,,,,1,,,,1,,,,,,,,,,1,1,,,1,,,1,,,,,,,,,,,,,,,1,1,,,,,,1,,,,,,1,1,1,,1,,,,1,1,,1,,,,,,,1,1,1,,,1,,,,1,,,,,,,,,,,,,1,,,,1,,,,,,,,,,,,,,,,,,,,,,,,,,,,,,,,,,,,,,,,,,,,,,,,,,,,,,,,,,,,,,,,,,,,,,,,,,,,,,,,,,,,,,,,,,,,,,,,,,,,,,,,,,,,,,,,,,,,,,,,,,,,,,,,,,,,,,,,,,,,,,,,,,,,,26,30,0,0,0,0,0,0,0,0,0,0,0,Android,a40da80a59d170caa950cf15c18c454d47a39b26989d8b640ecd745ba71bf5dc,Android,Android
mb-ae502f67782e9cc2,ae502f67782e9cc2a6e33b868f14467f3dabf126e868a8e10a68aa2ddd4092e1,malwarebazaar_real,malicious,A,Cerberus / Alien / ERMAC,com.rekezapayojekubu.kebi,HookAPP,1,1.1,,,,1500103,1981-01-01,,,,,,,,1,,,1,,1,1,,,,,,,,,,,,1,1,,,,,,,1,,,,1,,,,,,,,,,1,1,,,1,,,1,,,,,,,,1,,,,,,,1,1,,1,,,1,1,1,,,,,1,1,,,1,,,1,1,1,,1,,,,,,,1,1,,,,1,,,,1,,,,,,,,,,,,,1,,,,1,1,1,,,,,,,,,,,,,,,,,,,,,,,,,,,,,,,,,,,,,,,,,,,,,,,,,,,,,,,,,,,,,,,,,,,,,,,,,,,,,,,,,,,,,,,1,,,,,,,,,,,,,,,,,,,,,,,,,,,,,,,,,,,,,,,,,,,,,,,,,,,,,,,,,,,,27,29,0,0,0,0,0,0,0,0,0,0,0,kolifiroyomu,bb832bea8b6925614e7c0f0d01cde3c0a1b1a345f2b931f1d491e0ee605e6454,kolifiroyomu,kazezovulorace
mb-32e4dee58ea17add,32e4dee58ea17addc5df4ffb862ab3a8df1697598cb6437f92de4075665812c2,malwarebazaar_real,malicious,A,Cerberus / Alien / ERMAC,com.gejalevubakupa.sugi,HookAPP,1,1.1,,,,1499475,1981-01-01,,,,,,,,1,,,1,,1,1,,,,,,,,,,,,1,1,,,,,,,1,,,,1,,,,,,,,,,1,1,,,1,,,1,,,,,,,,1,,,,,,,1,1,,1,,,1,1,1,,,,,1,1,,,1,,,1,1,1,,1,,,,,,,1,1,,,,1,,,,1,,,,,,,,,,,,,1,,,,1,1,1,,,,,,,,,,,,,,,,,,,,,,,,,,,,,,,,,,,,,,,,,,,,,,,,,1,,,,,,,,,,,,,,,,,,,,,,,,,,,,,,,,,,,,,,,,,,,,,,,,,,,,,,,,,,,,,,,,,,,,,,,,,,,,,,,,,,,,,,,,,,,,,,,,,,27,29,0,0,0,0,0,0,0,0,0,0,0,zalelukufeho,8af70d55c44e685fb12ce417f31d4b40dddd99a6c86b883484f2d4a1c1bbc789,zalelukufeho,mafowusodori
mb-d5ca7ba75cfb8fd7,d5ca7ba75cfb8fd76929c1b8f6547780d8305a6654b6423124d380ff59b0d1c9,malwarebazaar_real,malicious,A,Cerberus / Alien / ERMAC,com.camavoyaxiwokocu.huvusuwi,HookAPP,1,1.1,,,,1501671,1981-01-01,,,,,,,,1,,,1,,1,1,,,,,,,,,,,,1,1,,,,,,,1,,,,1,,,,,,,,,,1,1,,,1,,,1,,,,,,,,1,,,,,,,1,1,,1,,,1,1,1,,,,,1,1,,,1,,,1,1,1,,1,,,,,,,1,1,,,,1,,,,1,,,,,,,,,,,,,1,,,,1,1,1,,,,,,,,,,,,,,,,,,,,,,,,,,,,,,,,,,,,,1,,,,,,,,,,,,,,,,,,,,,,,,,,,,,,,,,,,,,,,,,,,,,,,,,,,,,,,,,,,,,,,,,,,,,,,,,,,,,,,,,,,,,,,,,,,,,,,,,,,,,,,,,,,,,,27,29,0,0,0,0,0,0,0,0,0,0,0,mogo,ad93b0ed85b2639b85f482fb477f2a376f8e463a99d2ae79f75e81e7a207520e,mogo,zegu
mb-692e7b0f657ac346,692e7b0f657ac34635e0dcd633f9c73b37d0258457d161ec6dbee26820cb72dd,malwarebazaar_real,malicious,A,Cerberus / Alien / ERMAC,com.nisarexubunajo.xaroca,HookAPP,1,1.1,,,,1501631,1981-01-01,,,,,,,,1,,,1,,1,1,,,,,,,,,,,,1,1,,,,,,,1,,,,1,,,,,,,,,,1,1,,,1,,,1,,,,,,,,1,,,,,,,1,1,,1,,,1,1,1,,,,,1,1,,,1,,,1,1,1,,1,,,,,,,1,1,,,,1,,,,1,,,,,,,,,,,,,1,,,,1,1,1,,,,,,,,,,,,,,,,,,,,,,,,,,,,,,,,,,,,,,,,,,,,,,,,,,,,,,,,,,,,,,,,,,,,,,,,,,,,,,,,1,,,,,,,,,,,,,,,,,,,,,,,,,,,,,,,,,,,,,,,,,,,,,,,,,,,,,,,,,,,,,,,,,,,27,29,0,0,0,0,0,0,0,0,0,0,0,sawuya,10da69d95511aeb26d663af4c7683726a47f4420233578b4e564f2d7c98a8491,sawuya,cilola
mb-fe1be052250f53b5,fe1be052250f53b52017499744451c614e4771a392efa37afeb1b4774d861df0,malwarebazaar_real,malicious,A,Cerberus / Alien / ERMAC,com.dewoleyulucobazu.mowesi,HookAPP,1,1.1,,,,1497143,1981-01-01,,,,,,,,1,,,1,,1,1,,,,,,,,,,,,1,1,,,,,,,1,,,,1,,,,,,,,,,1,1,,,1,,,1,,,,,,,,1,,,,,,,1,1,,1,,,1,1,1,,,,,1,1,,,1,,,1,1,1,,1,,,,,,,1,1,,,,1,,,,1,,,,,,,,,,,,,1,,,,1,1,1,,,,,,,,,,,,,,,,,,,,,,,,,,,,,,,,,,,,,,,,,,,1,,,,,,,,,,,,,,,,,,,,,,,,,,,,,,,,,,,,,,,,,,,,,,,,,,,,,,,,,,,,,,,,,,,,,,,,,,,,,,,,,,,,,,,,,,,,,,,,,,,,,,,,27,29,0,0,0,0,0,0,0,0,0,0,0,kuwuxiwe,0a9f892014fd211de7c8b419062f919a295fb58903396a70ddcd7fd9b551c65f,kuwuxiwe,dudojeze
mb-d2b5dd74b5950953,d2b5dd74b5950953028cabf5d62c40366b14a2e803fb091500c6b6826f03f95e,malwarebazaar_real,malicious,A,Cerberus / Alien / ERMAC,com.zejapizehiyuki.yijoro,HookAPP,1,1.1,,,,1498395,1981-01-01,,,,,,,,1,,,1,,1,1,,,,,,,,,,,,1,1,,,,,,,1,,,,1,,,,,,,,,,1,1,,,1,,,1,,,,,,,,1,,,,,,,1,1,,1,,,1,1,1,,,,,1,1,,,1,,,1,1,1,,1,,,,,,,1,1,,,,1,,,,1,,,,,,,,,,,,,1,,,,1,1,1,,,,,,,,,,,,,,,,,,,,,,,,,,,,,,,,,,,,,,,,,,,,,,,,,,,,,,,,,,,,,,,,,,,,,,,,,,,,,,,,,,,,,,,,,,,,,,,,,,,,,,,,,,,1,,,,,,,,,,,,,,,,,,,,,,,,,,,,,,,,,,,,,,,,27,29,0,0,0,0,0,0,0,0,0,0,0,husovayiso,d7d99e3ddaf0914ebe9caa9d24b09f1bd1461d7718b5f591cdc7966749188692,husovayiso,cironososatini
mb-51f9c37c3eec0b6f,51f9c37c3eec0b6f8325aa1c8fe64a0615ab920584042df557426473b1270b40,malwarebazaar_real,malicious,A,Cerberus / Alien / ERMAC,ayxzygxgagiqhdnjnfduerzbeh.hme.egybgkeziplb,Google Update,1,1.0,,,,1896652,2020-06-23,,,,,,,,,,,1,,,,,,,,1,,,,,,1,,,,,,,,,,,,,1,,,,,,,,,,1,,,,,,,1,,,,,,1,,,,,,,,,,1,,,,,,1,1,,,,,,1,,,1,,,,1,,,1,,,,,,,,1,,,,1,,,,,,,,,,,,,,,,1,1,,,,,1,1,,,,,,,,,,,,,,,,,,,,,,,,,,,,,,,,,,,,,,,,,,,,,,,,,,,,,,,,,,,,,,,,,,,,,,,,,,,,,,,,,,,,,,,,,,,,,,,,,,,,,,,,,,,,,,,,,,,,,,,,,,,,,,,,,,,,,,,,,,,,,,,,,,,16,28,0,0,0,0,0,0,0,0,0,0,0,Android,a40da80a59d170caa950cf15c18c454d47a39b26989d8b640ecd745ba71bf5dc,Android,Android
mb-c5996e7a701f1154,c5996e7a701f1154b48f962d01d457f9b7e95d9c3dd9bbd6a8e083865d563622,malwarebazaar_real,malicious,A,Cerberus / Alien / ERMAC,com.lojibiwawajinu.guna,Google Chrome,1,1.0,,,,3448133,2022-11-26,,,,,,,1,1,,1,1,,1,1,,,,1,,,,,,,,1,1,,,,,,,1,,,,1,,,,,,,,,,1,1,,1,1,,,1,,,,,,,,1,,,,,,,1,1,,1,,,1,1,1,,,,,1,1,,,1,,,,1,1,,1,,,,,,,1,1,,,,1,,,,1,,,,,,,,,,,,,1,,,,1,1,1,,,,,,,,,,,,,,,,,,,,,,,,,,,,,,,,,,,,,,,,,,,,,,,,,,,,,,,,,,,1,,,,,,,,,,,,,,,,,,,,,,,,,,,,,,,,,,,,,,,,,,,,,,,,,,,,,,,,,,,,,,,,,,,,,,,,,,,,,,,,,,,,,,,,27,28,0,0,0,0,0,0,0,0,0,0,0,Android,a40da80a59d170caa950cf15c18c454d47a39b26989d8b640ecd745ba71bf5dc,Android,Android
mb-4ccf02c87de6c0bf,4ccf02c87de6c0bf718d9f8cdf6c61a9edc909fab1cdd7d497572e30fea1f580,malwarebazaar_real,malicious,A,Cerberus / Alien / ERMAC,com.heruhifosexowe.piwi,CrpyoCollector,1,1.0,,,,2956410,2022-12-01,,,,,,,1,,,1,1,,1,1,,,,,,,,,,,,1,,,,,,,,1,,,,1,,,,,,,,,,1,1,,1,1,,,1,,,,,,,,,,,,,,,1,1,,,,,,1,,,,,,1,1,1,,1,,,,1,1,,1,,,,,,,1,1,1,,,1,,,,1,,,,,,,,,,,,,1,,,,1,,,,,,,,,,,,,,,,,,,1,,,,,,,,,,,,,,,,,,,,,,,,,,,,,,,,,,,,,,,,,,1,,,,,,,,,,,,,,,,,,,,,,,,,,,,,,,,,1,1,,,,,,,,,,,,,,,,,,,,,,,,,,,,,,,,,,,,,,,,,,,,,,,,,,,,,,27,30,0,0,0,0,0,0,0,0,0,0,0,Android,a40da80a59d170caa950cf15c18c454d47a39b26989d8b640ecd745ba71bf5dc,Android,Android
mb-ea832ffd966341b0,ea832ffd966341b068065875ce11cd5f3021487475947322ec8cc93af6f6f4f9,malwarebazaar_real,malicious,A,Cerberus / Alien / ERMAC,com.yakiminamodalixe.yeki,LtcGiveaway,1,1.0,,,,2957164,2022-12-01,,,,,,,1,,,1,1,,1,1,,,,,,,,,,,,1,,,,,,,,1,,,,1,,,,,,,,,,1,1,,1,1,,,1,,,,,,,,,,,,,,,1,1,,,,,,1,,,,,,1,1,1,,1,,,,1,1,,1,,,,,,,1,1,1,,,1,,,,1,,,,,,,,,,,,,1,,,,1,,,,,,,,,,,,,,,,,,,1,,,,,,,,,,,,,,,,,,,,,,,,,,,,,,,,,,,,,,,,,,1,,,,,,,,,,,,,,,,,,,,,,,,,,,,,,,,,1,1,,,,,,,,,,,,,,,,,,,,,,,,,,,,,,,,,,,,,,,,,,,,,,,,,,,,,,27,30,0,0,0,0,0,0,0,0,0,0,0,Android,a40da80a59d170caa950cf15c18c454d47a39b26989d8b640ecd745ba71bf5dc,Android,Android
mb-3abe643e901859b9,3abe643e901859b9148b124a1556ab531dfe1e37fa8413500b6caddd0382307f,malwarebazaar_real,malicious,A,Cerberus / Alien / ERMAC,com.ziroyotebufobi.rapugo,BCHcash,1,1.0,,,,2882848,2022-12-01,,,,,,,1,,,1,1,,1,1,,,,,,,,,,,,1,,,,,,,,1,,,,1,,,,,,,,,,1,1,,1,1,,,1,,,,,,,,,,,,,,,1,1,,,,,,1,,,,,,1,1,1,,1,,,,1,1,,1,,,,,,,1,1,1,,,1,,,,1,,,,,,,,,,,,,1,,,,1,,,,,,,,,,,,,,,,,,,1,,,,,,,,,,,,,,,,,,,,,,,,,,,,,,,,,,,,,,,,,,1,,,,,,,,,,,,,,,,,,,,,,,,,,,,,,,,,1,1,,,,,,,,,,,,,,,,,,,,,,,,,,,,,,,,,,,,,,,,,,,,,,,,,,,,,,27,30,0,0,0,0,0,0,0,0,0,0,0,Android,a40da80a59d170caa950cf15c18c454d47a39b26989d8b640ecd745ba71bf5dc,Android,Android
mb-f4ebdcef8643dbff,f4ebdcef8643dbffe8de312cb47c1f94118e6481a4faf4166badfd98a0a9c5d3,malwarebazaar_real,malicious,A,Cerberus / Alien / ERMAC,com.baresucuvuzefa.feyi,paypal,1,1.0,,,,2773389,2022-10-10,,,,,,,1,,,1,1,,1,1,,,,1,,1,,,,,,1,,,,,,,,1,,,,1,,,,,,,,,,1,1,,,1,,,1,,,,,,,,,,,,,,,1,1,,,,,,1,,,,,,1,1,1,,1,,,,1,1,,1,,,,,,,1,1,1,,,1,,,,1,,,,,,,,,,,,,1,,,,1,,,,,,,,,,,,,,,,,,,,,,,,,,,,,,,,,,,,,,,,,,,,,,,,,,,,,,,,,,,,1,1,1,,,,,,,,,,,,,,,,,,,,,,,,,,,,,,,,,,,,,,,,,,,,,,,,,,,,,,,,,,,,,,,,,,,,,,,,,,,,,,,,,,,,,,,26,30,0,0,0,0,0,0,0,0,0,0,0,Android,a40da80a59d170caa950cf15c18c454d47a39b26989d8b640ecd745ba71bf5dc,Android,Android
mb-a48b1693a2f82484,a48b1693a2f824848da0c258859e2c9081d6a8e11d7fb2e0d93a8aa2613037d1,malwarebazaar_real,malicious,A,Cerberus / Alien / ERMAC,com.loloxitohuna.pitogoxa,Telegram,1,1.0,,,,2785346,2022-10-07,,,,,,,1,,,1,1,,1,1,,,,1,,1,,,,,,1,,,,,,,,1,,,,1,,,,,,,,,,1,1,,,1,,,1,,,,,,,,,,,,,,,1,1,,,,,,1,,,,,,1,1,1,,1,,,,1,1,,1,,,,,,,1,1,1,,,1,,,,1,,,,,,,,,,,,,1,,,,1,,,,,,,,,,,,,,,,,,,,,,,,,,,,,,,,,,,,,,,,,,,,,,,,,,,,,,,,,,,,1,1,1,,,,,,,,,,,,,,,,,,,,,,,,,,,,,,,,,,,,,,,,,,,,,,,,,,,,,,,,,,,,,,,,,,,,,,,,,,,,,,,,,,,,,,,26,30,0,0,0,0,0,0,0,0,0,0,0,Android,a40da80a59d170caa950cf15c18c454d47a39b26989d8b640ecd745ba71bf5dc,Android,Android
mb-a52d2105d680d029,a52d2105d680d029f9cc5c9c77f639e47ae520e41ce7294bbad77b8f2931796a,malwarebazaar_real,malicious,A,Cerberus / Alien / ERMAC,com.hmxuxgdngpi.bkqrlzkuwzuj,Google Update,1,1.0,,,,2408259,2020-07-14,,,,,,,,,,,1,,,,,,,,,,,,,,,1,,,,,,,,,,,,1,,,,,,,,,,1,,,,,,,1,,,,,,,,,,,,,,,,,,,,,,1,,,,,,,1,,,1,,,,1,,,1,,,1,,,,1,1,,,,1,,,,,,,,,,,,,,,1,,1,,,,,,1,,,,,,,,,,,,,,,,,,,,,,,,,,,,,,,,,,,,,,,,,,,,,,,,,,,,,,,,,,,,,,,,,,,,,,,,,,,,,,,,,,,,,,,,,,,,,,,,,,,,,,,,,,,,,,,,,,,,,,,,,,,,,,,,,,,,,,,,,,,,,,,,,,,20,27,0,0,0,0,0,0,0,0,0,0,0,Android,a40da80a59d170caa950cf15c18c454d47a39b26989d8b640ecd745ba71bf5dc,Android,Android
mb-8beae1f6b21cec17,8beae1f6b21cec17eed82fb7af25e1782d5b7bf10fd22369603313f1b1a5e5e4,malwarebazaar_real,malicious,A,Cerberus / Alien / ERMAC,com.cave.series,                           ,1,1.0,,,,1935062,2023-08-26,,,,,,,,,,,1,,1,1,,,,,,1,,,,,,1,,,,,1,,,1,,,,,,,,,,,,,,,,,1,1,,,1,,,,,,,,,,,,,,,1,1,,,,,,1,1,,,,,,1,,,1,,,,1,1,,1,,,,,,,1,1,1,,,1,,,,1,,,,,,,,,,,,,1,,,,,,1,,,,,,,,,,,,,,,,,,,,,,,,,,,,,,,,,,,,,,,,,,,,,,,,,,,,,,,,,,,1,1,,,,,,,,,,,,,,,,,,,,,,,,,,,,,,,,,,,,,,,,,,,,,,,,,,,,,,,,,,,,,,,,,,,,,,,,,,,,,,,,,,,,,,,25,30,0,0,0,0,0,0,0,0,0,0,0,Android Debug,fac61745dc0903786fb9ede62a962b399f7348f0bb6f899b8332667591033b9c,Android Debug,Unknown
mb-047e3ecdb04d695b,047e3ecdb04d695b7e8a3c2789c29ec57da19f58bdcdb1d97fa926205ce718eb,malwarebazaar_real,malicious,A,Cerberus / Alien / ERMAC,com.cable.liar,Android Güncelleme,1,1.0,,,,1914989,2022-11-30,,,,,,,,,,1,1,,1,1,,,,,,1,,,,,,1,,,,,1,,,1,,,,,,,,,,,,,,,,,1,1,,,1,,,,,,,,,,,,,,,1,1,,,,,,1,1,,,,,,1,,,1,,,,1,1,,1,,,,,,,1,1,1,,,1,,,,1,,,,,,,,,,1,,,1,,,,,,1,,,,,,,,,,,,,,,,,,,,,,,,,,,,,,,,,,,,,,,,,,,,,,,,,,,,,,,,,,,1,1,,,,,,,,,,,,,,,,,,,,,,,,,,,,,,,,,,,,,,,,,,,,,,,,,,,,,,,,,,,,,,,,,,,,,,,,,,,,,,,,,,,,,,,15,30,0,0,0,0,0,0,0,0,0,0,0,Android,a40da80a59d170caa950cf15c18c454d47a39b26989d8b640ecd745ba71bf5dc,Android,Android
mb-454ffcf9ef438d5d,454ffcf9ef438d5d3eee894d0b2f21326935857da76d5720a8dc0eeda8280f59,malwarebazaar_real,malicious,A,Cerberus / Alien / ERMAC,crack.base.hawk,Chrome,1,1.0,,,,3611460,2021-05-27,,,,,,,,,,,1,,,,,,,,,,,,,,,1,,,,,,,,1,,1,,1,,,,,,,,,,1,,,,,,,1,,,,,,,,,,,,,,,,,,,,,,1,1,,,,,,1,,,1,,,,1,,,1,,,1,,,,1,1,,,,1,,,,,,,,,,,,,,,1,,1,,,,,,1,,,,,,,,,,,,,,,,,,,,,,,,,,,,,,,,,,,,,,,,,,,,,,,,,,,,,,,,,,,,,,,,,,,,,,,,,,,,,,,,,,,,,,,,,,,,,,,,,,,,,,,,,,,,,,,,,,,,,,,,,,,,,,,,,,,,,,,,,,,,,,,,,,,20,29,0,0,0,0,0,0,0,0,0,0,0,Android,a40da80a59d170caa950cf15c18c454d47a39b26989d8b640ecd745ba71bf5dc,Android,Android
mb-a8ecd437766e7960,a8ecd437766e7960bf5002c553dc047f50db750818bee1a3f0ffdff1633f0d1b,malwarebazaar_real,malicious,A,Cerberus / Alien / ERMAC,com.safe.census,               ,1,1.0,,,,1134158,2022-07-29,,,,,,,1,1,1,,1,,1,1,,,,,,1,,,,,,1,,,,,1,,,1,,,,,,,,,,,,,,,,,,1,,,1,,,,,,,,,,,,,,,1,1,,,,,,1,1,,,,,1,1,,,1,,,,1,1,,1,,,1,,,,1,1,1,,,1,,,,1,,,,,,,,,,1,,1,1,,,,,,1,,,1,,,,,,,,,,,,,,,,,,,,,,,,,,,,,,,,,,,,,,,,,,,,,,,,,,,,,,,,,1,,,,,,,,,,,,,,,,,,,,,,,,,,,,,,,,,,,,,,,,,,,,,,,,,,,,,,,,,,,,,,,,,,,,,,,,,,,,,,,,,,,,,,,15,30,0,0,0,0,0,0,0,0,0,0,0,Android,a40da80a59d170caa950cf15c18c454d47a39b26989d8b640ecd745ba71bf5dc,Android,Android
mb-501eb3e8474ddd35,501eb3e8474ddd35728b11248df2e9629afb6852b9281940059fcae7b9043522,malwarebazaar_real,malicious,A,Cerberus / Alien / ERMAC,com.wood.area,Playstore,1,1.0,,,,1207200,2022-11-18,,,,,,,1,,,1,1,,1,1,,,,1,,1,,,,,,1,,,,,1,,,1,,,,,,,,,,,,,,,,,1,1,,,1,,,,,,,,,,,,,,,1,1,,,,,,1,1,,,,,,1,,,1,,,,1,1,,1,,,,,,,1,1,1,,,1,,,,1,,,,,,,,,,1,,,1,,,,,,1,,,,,,,,,,,,,,,,,,,,,,,,,,,,,,,,,,,,,,,,,,,,,,,,,,,,,,,,,,1,1,1,,,,,,,,,,,,,,,,,,,,,,,,,,,,,,,,,,,,,,,,,,,,,,,,,,,,,,,,,,,,,,,,,,,,,,,,,,,,,,,,,,,,,,,15,30,0,0,0,0,0,0,0,0,0,0,0,Android,a40da80a59d170caa950cf15c18c454d47a39b26989d8b640ecd745ba71bf5dc,Android,Android
mb-5362c4101f153eed,5362c4101f153eedaca5344cdec4897af155b364dd1609ad19a495af745fcc50,malwarebazaar_real,malicious,A,Cerberus / Alien / ERMAC,foztfoooubzwjwkapdthkpmw.zifgisscqs.gylqexbgzbysbeituofejtazcwh,Player Sistem Güncelleme,1,1.0,,,,1716416,2020-08-07,,,,,,,,,,,1,,,,,,,,,,,,,,,1,,,,,,,,,,,,1,,,,,,,,,,1,,,,,,1,1,,,,,,,,,,,,,,,,,,,,,,1,1,,,,,,1,,,1,,,,1,,,1,,,1,,,,1,1,,,,1,,1,,,,,,,,,,,,,1,,1,,,,,,1,,,,,,,,,,,,,,,,,,,,,,,,,,,,,,,,,,,,,,,,,,,,,,,,,,,,,,,,,,,,,,,,,,,,,,,,,,,,,,,,,,,,,,,,,,,,,,,,,,,,,,,,,,,,,,,,,,,,,,,,,,,,,,,,,,,,,,,,,,,,,,,,,,,20,29,0,0,0,0,0,0,0,0,0,0,0,Android,a40da80a59d170caa950cf15c18c454d47a39b26989d8b640ecd745ba71bf5dc,Android,Android
mb-a78eb5e01531b42d,a78eb5e01531b42d8380be1d6a507f10610c95557716bb2173b331f80e7d2d81,malwarebazaar_real,malicious,A,Cerberus / Alien / ERMAC,com.share.seed,Android Güncelleme,1,1.0,,,,1793026,2022-01-14,,,,,,,1,1,1,,1,,1,1,,,,,,1,,,,,,1,,,,,,,,1,,,,,,,,,,,,,,,,,,1,,,1,,,,,,,,,,,,,,,1,1,,,,,,1,,,,,,1,1,,,1,,,,1,1,,1,,,1,,,,1,1,1,,,1,,,,1,,,,,,,,,,,,,1,,,,,,,,,,,,,,,,,,,,,,,,,,,,,,,,,,,,,,,,,,,,,,,,,,,,,,,,,,,,,,,,,,1,,,,,,,,,,,,,,,,,,,,,,,,,,,,,,,,,,,,,,,,,,,,,,,,,,,,,,,,,,,,,,,,,,,,,,,,,,,,,,,,,,,,,,,15,30,0,0,0,0,0,0,0,0,0,0,0,Android,a40da80a59d170caa950cf15c18c454d47a39b26989d8b640ecd745ba71bf5dc,Android,Android
mb-28cf23f76582b137,28cf23f76582b13705346e8fe77802785267e6b2ab2072bf9c2b9b918b2b588b,malwarebazaar_real,malicious,A,Cerberus / Alien / ERMAC,com.timber.funny,Youtube Vanced,1,1.0,,,,2279636,2022-09-27,,,,,,,1,,,1,1,,1,1,,,,1,,1,,,,,,1,,,,,1,,,1,,,,1,,,,,,,,,,1,,,,1,,,1,,,,,,,,,,,,,,,1,1,,,,,,1,1,,,,,,1,,,1,,,,1,1,,1,,,1,,,,1,1,1,,,1,,,,1,,,,,,,,,,1,1,1,1,,,,,,1,,,,,,,,,,,,,,,,,,,,,,,,,,,,,,,,,,,,,,,,,,,,,,,,,,,,,,,,,,1,1,1,,,,,,,,,,,,,,,,,,,,,,,,,,,,,,,,,,,,,,,,,,,,,,,,,,,,,,,,,,,,,,,,,,,,,,,,,,,,,,,,,,,,,,,20,29,0,0,0,0,0,0,0,0,0,0,0,Android,a40da80a59d170caa950cf15c18c454d47a39b26989d8b640ecd745ba71bf5dc,Android,Android
mb-fe329c93c8a90149,fe329c93c8a90149e50f48acaa77702e071290aa58203fc886fead002ff46094,malwarebazaar_real,malicious,A,Cerberus / Alien / ERMAC,esoskilaxwlipldf.zxexxdgcajlmfpewlufaqqxb.xif,Bildirim,1,1.0,,,,2674077,2020-09-18,,,,,,,,,,,1,,,,,,,,,,,,,,,1,,,,,,,,1,,,,1,,,,,,,,,,1,,,,,,,1,,,,,,,,,,,,,,,,,,,,,,1,1,,,,,,1,,,1,,,,1,,,1,,,1,,,,1,1,,,,1,,,,,,,,,,,,,,,1,,1,,,,,,1,,,,,,,,,,,,,,,,,,,,,,,,,,,,,,,,,,,,,,,,,,,,,,,,,,,,,,,,,,,,,,,,,,,,,,,,,,,,,,,,,,,,,,,,,,,,,,,,,,,,,,,,,,,,,,,,,,,,,,,,,,,,,,,,,,,,,,,,,,,,,,,,,,,20,29,0,0,0,0,0,0,0,0,0,0,0,Android,a40da80a59d170caa950cf15c18c454d47a39b26989d8b640ecd745ba71bf5dc,Android,Android
mb-4defa1f795d69d38,4defa1f795d69d38168bffecbc19f571c61a095862713fd91cb646f344ef53c0,malwarebazaar_real,malicious,A,Cerberus / Alien / ERMAC,com.framull.test,test,1,1.0,,,,4261423,2023-06-22,,,,,,,,,,,1,1,,,,,,,,,,,,,,1,,,,,,,,,,,,1,,,,,,,,,,,,,,,,,1,,,,,,,,1,,,,,,,1,,,,,,,1,,,,,,,1,,,1,,,,1,,,1,,,,,,,1,1,,,,1,,,,1,,,,,,,,,,,,,1,,,,,,,,,,,,,,,,,,,,,,,,,,,1,,1,,,,,,,,,,,,,,,,,,,,,,,,,,,,,,,,,,,,,,,,,,,,,,,,,,,,,,,,,,,,,,,,,,,,,,,,,,,,,,,,,,,,,,,,,,,,,,,,,,,,,,,,,,,,,,,,,,,,,,,,,,,,16,30,0,0,0,0,0,0,0,0,0,0,0,np,492682f877607ee99df2ddd2bd5953fd727bdf6e19d397de9dbbafd582bcad75,np,np
mb-7a65b831c9f781e4,7a65b831c9f781e49c47393345bbe2ffff6859a608b9a5413d7f3b76683ff178,malwarebazaar_real,malicious,A,Cerberus / Alien / ERMAC,bamboo.orbit.notable,EBA,1,1.0,,,,2402916,2021-02-27,,,,,,,,,,,1,,,,,,,,,,,,,,,1,,,,,,,,1,,,,1,,,,,,,,,,1,,,,,,,1,,,,,,,,,,,,,,,,,,,,,,1,1,,,,,,1,,,1,,,,1,,,1,,,1,,,,1,1,,,,1,1,,,,,,,,,,,,,,1,,1,,,,,,1,,,,,,,,,,,,,,,,,,,,,,,,,,,,,,,,,,,,,,,,,,,,,,,,,,,,,,,,,,,,,,,,,,,,,,,,,,,,,,,,,,,,,,,,,,,,,,,,,,,,,,,,,,,,,,,,,,,,,,,,,,,,,,,,,,,,,,,,,,,,,,,,,,,20,29,0,0,0,0,0,0,0,0,0,0,0,Android,a40da80a59d170caa950cf15c18c454d47a39b26989d8b640ecd745ba71bf5dc,Android,Android
mb-c81234b6ceb3572c,c81234b6ceb3572c6d862a9313e019b98efd83165d8c085bd3e74971c66763bb,malwarebazaar_real,malicious,A,Cerberus / Alien / ERMAC,com.first.smoke,video,1,1.0,,,,2121030,2022-12-12,,,,,,,,,,1,1,,1,1,,,,,,1,,,,,,1,,,,,1,,,1,,,,1,,,,,,,,,,1,,,1,1,,,1,,,,,,,,,,,,,,,1,1,,,,,,1,1,,,,,,1,,,1,,,,1,1,,1,,,1,,,,1,1,1,,,1,,,,1,,,,,,,,,,1,1,,1,,,,,,1,,,,,,,,,,,,,,,,,,,,,,,,,,,,,,,,,,,,,,,,,,,,,,,,,,,,,,,,,,,1,1,,,,,,,,,,,,,,,,,,,,,,,,,,,,,,,,,,,,,,,,,,,,,,,,,,,,,,,,,,,,,,,,,,,,,,,,,,,,,,,,,,,,,,,20,29,0,0,0,0,0,0,0,0,0,0,0,Android,a40da80a59d170caa950cf15c18c454d47a39b26989d8b640ecd745ba71bf5dc,Android,Android
mb-2a2bb95a463dcddb,2a2bb95a463dcddb604e10830cc5c60191ef2947578ccb75180ae7188b4baaa3,malwarebazaar_real,malicious,A,Cerberus / Alien / ERMAC,com.title.glad,video,1,1.0,,,,1892669,2022-12-13,,,,,,,,,,1,1,,1,1,,,,,,1,,,,,,1,,,,,1,,,1,,,,,,,,,,,,,,,,,1,1,,,1,,,,,,,,,,,,,,,1,1,,,,,,1,1,,,,,,1,,,1,,,,1,1,,1,,,,,,,1,1,1,,,1,,,,1,,,,,,,,,,1,,,1,,,,,,1,,,,,,,,,,,,,,,,,,,,,,,,,,,,,,,,,,,,,,,,,,,,,,,,,,,,,,,,,,,1,1,,,,,,,,,,,,,,,,,,,,,,,,,,,,,,,,,,,,,,,,,,,,,,,,,,,,,,,,,,,,,,,,,,,,,,,,,,,,,,,,,,,,,,,15,30,0,0,0,0,0,0,0,0,0,0,0,Android,a40da80a59d170caa950cf15c18c454d47a39b26989d8b640ecd745ba71bf5dc,Android,Android
mb-2192345562b9fb15,2192345562b9fb1536465d31f465015cb8b0a029fa118166de0d6975bd00448b,malwarebazaar_real,malicious,A,Cerberus / Alien / ERMAC,free.vpn.unblock.proxy.turbovpn,Turbo VPN,2022060200,3.8.0.4,,,,20724209,2022-06-02,,,,,,,,,,,1,,1,,,,,,,,,,,,,,,,1,,,,,,,,,1,,,,,,,,,,,,,,,,,1,,,,,,,,,,,,,,,1,,,,,,,,,,,,,,,,,,,,,1,,,,,,,,,,,,,,,,,,,,,,,,,,,,,,,,1,,,,,,1,,,,,,,,,,,,,,,,,,,,,,,,,,,,,1,,,,,,,,,,,,,,,,,,,,,,,,,,,,,1,1,,1,,,,,,,,,,,,,,,,,,,,,,,,,,,,,,,,,,,,,,,,,,,,,,,,,,,,,,,,,,,,,,,,,,,,,,,,,,,,,,,,,,,,,,16,30,0,0,0,0,0,0,0,0,0,0,0,Android,a40da80a59d170caa950cf15c18c454d47a39b26989d8b640ecd745ba71bf5dc,Android,Android
mb-5287663a491c5b82,5287663a491c5b823280dd9c1c4de45972ccc5f803148f5a6e360d3aa164349e,malwarebazaar_real,malicious,A,Cerberus / Alien / ERMAC,com.fall.sight,PlayStore,1,1.0,,,,1510581,2022-06-01,,,,,,,1,1,1,,1,,1,1,,,,,,1,,,,,,1,,,,,1,,,1,,,,,,,,,,,,,,,,,,1,,,1,,,,,,,,,,,,,,,1,1,,,,,,1,1,,,,,1,1,,,1,,,,1,1,,1,,,1,,,,1,1,1,,,1,,,,1,,,,,,,,,,1,,1,1,,,,,,1,,,1,,,,,,,,,,,,,,,,,,,,,,,,,,,,,,,,,,,,,,,,,,,,,,,,,,,,,,,,,1,,,,,,,,,,,,,,,,,,,,,,,,,,,,,,,,,,,,,,,,,,,,,,,,,,,,,,,,,,,,,,,,,,,,,,,,,,,,,,,,,,,,,,,15,30,0,0,0,0,0,0,0,0,0,0,0,Android,a40da80a59d170caa950cf15c18c454d47a39b26989d8b640ecd745ba71bf5dc,Android,Android
mb-cac624346b3fcaaa,cac624346b3fcaaaac86fd3872970e8cf89ceaea8d806c7a1772484142bbfe87,malwarebazaar_real,malicious,A,Cerberus / Alien / ERMAC,com.blame.annual,Hadise İfşa,1,1.0,,,,2311566,2022-01-06,,,,,,,1,1,1,,1,,1,1,,,,,,1,,,,,,1,,,,,,,,1,,,,,,,,,,,,,,,,,,1,,,1,,,,,,,,,,,,,,,1,1,,,,,,1,,,,,,1,1,,,1,,,,1,1,,1,,,1,,,,1,1,1,,,1,,,,1,,,,,,,,,,,,,1,,,,,,,,,,,,,,,,,,,,,,,,,,,,,,,,,,,,,,,,,,,,,,,,,,,,,,,,,,,,,,,,,,1,,,,,,,,,,,,,,,,,,,,,,,,,,,,,,,,,,,,,,,,,,,,,,,,,,,,,,,,,,,,,,,,,,,,,,,,,,,,,,,,,,,,,,,15,30,0,0,0,0,0,0,0,0,0,0,0,Android,a40da80a59d170caa950cf15c18c454d47a39b26989d8b640ecd745ba71bf5dc,Android,Android
mb-6095f2630f199506,6095f2630f199506c55d5e3d1580384c57ed6f15c43c28d52bd753f3d14aa6a1,malwarebazaar_real,malicious,A,Cerberus / Alien / ERMAC,com.palm.deny,Hadise İfşa,1,1.0,,,,2311490,2022-01-06,,,,,,,1,1,1,,1,,1,1,,,,,,1,,,,,,1,,,,,,,,1,,,,,,,,,,,,,,,,,,1,,,1,,,,,,,,,,,,,,,1,1,,,,,,1,,,,,,1,1,,,1,,,,1,1,,1,,,1,,,,1,1,1,,,1,,,,1,,,,,,,,,,,,,1,,,,,,,,,,,,,,,,,,,,,,,,,,,,,,,,,,,,,,,,,,,,,,,,,,,,,,,,,,,,,,,,,,1,,,,,,,,,,,,,,,,,,,,,,,,,,,,,,,,,,,,,,,,,,,,,,,,,,,,,,,,,,,,,,,,,,,,,,,,,,,,,,,,,,,,,,,15,30,0,0,0,0,0,0,0,0,0,0,0,Android,a40da80a59d170caa950cf15c18c454d47a39b26989d8b640ecd745ba71bf5dc,Android,Android
mb-ef8ec1d29fac4774,ef8ec1d29fac477472150dbe562b85ef72042d7b04151033c8ebd2703027ff77,malwarebazaar_real,malicious,A,Cerberus / Alien / ERMAC,com.brief.blouse,Hadise İfşa,1,1.0,,,,2007443,2022-01-05,,,,,,,1,1,1,,1,,1,1,,,,,,1,,,,,,1,,,,,,,,1,,,,,,,,,,,,,,,,,,1,,,1,,,,,,,,,,,,,,,1,1,,,,,,1,,,,,,1,1,,,1,,,,1,1,,1,,,1,,,,1,1,1,,,1,,,,1,,,,,,,,,,,,,1,,,,,,,,,,,,,,,,,,,,,,,,,,,,,,,,,,,,,,,,,,,,,,,,,,,,,,,,,,,,,,,,,,1,,,,,,,,,,,,,,,,,,,,,,,,,,,,,,,,,,,,,,,,,,,,,,,,,,,,,,,,,,,,,,,,,,,,,,,,,,,,,,,,,,,,,,,15,30,0,0,0,0,0,0,0,0,0,0,0,Android,a40da80a59d170caa950cf15c18c454d47a39b26989d8b640ecd745ba71bf5dc,Android,Android
mb-8529714de7f72612,8529714de7f726121a5a07c8e9e718828bc3bc198c512139be2ac5183e0bf25e,malwarebazaar_real,malicious,A,Cerberus / Alien / ERMAC,com.pattern.pride,Hadise İfşa,1,1.0,,,,2001564,2022-01-05,,,,,,,1,1,1,,1,,1,1,,,,,,1,,,,,,1,,,,,,,,1,,,,,,,,,,,,,,,,,,1,,,1,,,,,,,,,,,,,,,1,1,,,,,,1,,,,,,1,1,,,1,,,,1,1,,1,,,1,,,,1,1,1,,,1,,,,1,,,,,,,,,,,,,1,,,,,,,,,,,,,,,,,,,,,,,,,,,,,,,,,,,,,,,,,,,,,,,,,,,,,,,,,,,,,,,,,,1,,,,,,,,,,,,,,,,,,,,,,,,,,,,,,,,,,,,,,,,,,,,,,,,,,,,,,,,,,,,,,,,,,,,,,,,,,,,,,,,,,,,,,,15,30,0,0,0,0,0,0,0,0,0,0,0,Android,a40da80a59d170caa950cf15c18c454d47a39b26989d8b640ecd745ba71bf5dc,Android,Android
mb-281dc00dc8a8e8c7,281dc00dc8a8e8c76e44e56895e0c8a3efe91f7caea3138b4fbd7b1d8d76cbe8,malwarebazaar_real,malicious,A,Cerberus / Alien / ERMAC,com.almost.fuel,                            ,1,1.0,,,,1865110,2022-01-04,,,,,,,1,1,1,,1,,1,1,,,,,,1,,,,,,1,,,,,,,,1,,,,,,,,,,,,,,,,,,1,,,1,,,,,,,,,,,,,,,1,1,,,,,,1,,,,,,1,1,,,1,,,,1,1,,1,,,1,,,,1,1,1,,,1,,,,1,,,,,,,,,,,,,1,,,,,,,,,,,,,,,,,,,,,,,,,,,,,,,,,,,,,,,,,,,,,,,,,,,,,,,,,,,,,,,,,,1,,,,,,,,,,,,,,,,,,,,,,,,,,,,,,,,,,,,,,,,,,,,,,,,,,,,,,,,,,,,,,,,,,,,,,,,,,,,,,,,,,,,,,,15,30,0,0,0,0,0,0,0,0,0,0,0,Android,a40da80a59d170caa950cf15c18c454d47a39b26989d8b640ecd745ba71bf5dc,Android,Android
mb-4a6509d3e24da811,4a6509d3e24da811dbb106243bc3654e5edf7d2c1232febcc07739d513927b2d,malwarebazaar_real,malicious,A,Cerberus / Alien / ERMAC,com.spell.profit,Hadise İfşa,1,1.0,,,,1983477,2022-01-04,,,,,,,1,1,1,,1,,1,1,,,,,,1,,,,,,1,,,,,,,,1,,,,,,,,,,,,,,,,,,1,,,1,,,,,,,,,,,,,,,1,1,,,,,,1,,,,,,1,1,,,1,,,,1,1,,1,,,1,,,,1,1,1,,,1,,,,1,,,,,,,,,,,,,1,,,,,,,,,,,,,,,,,,,,,,,,,,,,,,,,,,,,,,,,,,,,,,,,,,,,,,,,,,,,,,,,,,1,,,,,,,,,,,,,,,,,,,,,,,,,,,,,,,,,,,,,,,,,,,,,,,,,,,,,,,,,,,,,,,,,,,,,,,,,,,,,,,,,,,,,,,15,30,0,0,0,0,0,0,0,0,0,0,0,Android,a40da80a59d170caa950cf15c18c454d47a39b26989d8b640ecd745ba71bf5dc,Android,Android
mb-8c8d7c0f5296b7f8,8c8d7c0f5296b7f8a4032c30e0dd2af0ff985713c3864fdfaacba6615d02b241,malwarebazaar_real,malicious,A,Cerberus / Alien / ERMAC,com.story.meat,Hadise İfşa,1,1.0,,,,1863604,2021-12-31,,,,,,,1,1,1,,1,,1,1,,,,,,1,,,,,,1,,,,,,,,1,,,,,,,,,,,,,,,,,,1,,,1,,,,,,,,,,,,,,,1,1,,,,,,1,,,,,,1,1,,,1,,,,1,1,,1,,,1,,,,1,1,1,,,1,,,,1,,,,,,,,,,,,,1,,,,,,,,,,,,,,,,,,,,,,,,,,,,,,,,,,,,,,,,,,,,,,,,,,,,,,,,,,,,,,,,,,1,,,,,,,,,,,,,,,,,,,,,,,,,,,,,,,,,,,,,,,,,,,,,,,,,,,,,,,,,,,,,,,,,,,,,,,,,,,,,,,,,,,,,,,15,30,0,0,0,0,0,0,0,0,0,0,0,Android,a40da80a59d170caa950cf15c18c454d47a39b26989d8b640ecd745ba71bf5dc,Android,Android
mb-7ee9605129837968,7ee960512983796848c432aacad8b8eafee37bce6a16d031726672bb611dad79,malwarebazaar_real,malicious,A,Cerberus / Alien / ERMAC,com.hood.kind,                                ,1,1.0,,,,1765734,2021-12-31,,,,,,,1,1,1,,1,,1,1,,,,,,1,,,,,,1,,,,,,,,1,,,,,,,,,,,,,,,,,,1,,,1,,,,,,,,,,,,,,,1,1,,,,,,1,,,,,,1,1,,,1,,,,1,1,,1,,,1,,,,1,1,1,,,1,,,,1,,,,,,,,,,,,,1,,,,,,,,,,,,,,,,,,,,,,,,,,,,,,,,,,,,,,,,,,,,,,,,,,,,,,,,,,,,,,,,,,1,,,,,,,,,,,,,,,,,,,,,,,,,,,,,,,,,,,,,,,,,,,,,,,,,,,,,,,,,,,,,,,,,,,,,,,,,,,,,,,,,,,,,,,15,30,0,0,0,0,0,0,0,0,0,0,0,Android,a40da80a59d170caa950cf15c18c454d47a39b26989d8b640ecd745ba71bf5dc,Android,Android
mb-0e2eae6493304846,0e2eae64933048469ccdce538122f6142027d368330902330de658c927a5e131,malwarebazaar_real,malicious,A,Cerberus / Alien / ERMAC,com.mhiauaqmlacl.ypmsfwbkjhsbeoz,Google Play Store,1,1.0,,,,508397,2021-12-25,,,,,,,,,,,1,,,,,,,,,,,,,,,1,,,,,,,,,,,,1,,,,,,,,,,1,,,,,,,1,,,,,,,,,,,,,,,,,,,,,,1,1,,,,,,1,,,1,,,,1,,,1,,,1,,,,1,1,,,,1,,,,,,,,,,,,,,,1,,1,,,,,,1,,,,,,,,,,,,,,,,,,,,,,,,,,,,,,,,,,,,,,,,,,,,,,,,,,,,,,,,,,,,,,,,,,,,,,,,,,,,,,,,,,,,,,,,,,,,,,,,,,,,,,,,,,,,,,,,,,,,,,,,,,,,,,,,,,,,,,,,,,,,,,,,,,,20,29,0,0,0,0,0,0,0,0,0,0,0,np,492682f877607ee99df2ddd2bd5953fd727bdf6e19d397de9dbbafd582bcad75,np,np
fd-01c6718e4ac9fbee,01c6718e4ac9fbeee9adfee3a0126958c70c36cb5eda1bb83f1d1c054c5a5322,f_droid_real,benign,B,,com.myfinancemate,MyFinanceMate,3,1.2.0,fintech_utility,ZA,0,20175416,1981-01-01,,,,,,,,,,,1,,,,,,,,,,,,,,,,,,,,,,,,,,,1,,,,,,,,,,,,,,,,,,,,,,,,,,,,,,,1,,,,,,,,,,,,,,,,,,1,,,,1,,,1,,,,,,,,,,,1,,,,,,,,,,,,1,,1,1,,,1,,,,,,,,,,,,,,,,,,,,,,,,,,,,,,,,,,,,,,,,,,,,,,,,,,,,,,,,,,,,,,,,,,,,,,,,,,,,,,,,,,,1,,,,,,,,,,,,,,,,,,,,,,,,,,,,,,,,,,,,,,,,,,,,,,,,,,,,,,,,,,,,,,,,,,,,,,26,35,0,0,0,0,0,0,0,0,0,0,0,MyFinanceMate,7693863c0d2cd7940817eb73a95fbb2238f0ecb688cc6905e87c51516dfd07f1,MyFinanceMate,MyFinanceMate
fd-070b707fcfb0df20,070b707fcfb0df20f37115ac8589c623f949f6a510689fce1fe918f6d1338034,f_droid_real,benign,B,,com.gemwallet.android,Gem,824,2.114.11,crypto_wallet,UA,0,33941813,1981-01-01,,,,,,,,,,,1,,,,,,,,,,,,,,,,1,,,,,,1,,,,,1,,,,,,,,,,,,,,,,,1,,,,,,,,,,,,,,,,,,,,,,,,,,,,,,,,,,,,1,,,,,,,,,,,,,,,,,,,,,,,,,,1,,,1,,1,1,,,,,,,,,,,,,,,,,,,,,,,,,,,,,,,,,,,,,,,,,,,,,,,,,,,,,,,,1,,,,,,,,,,,,,,,,,,,,,,,,,,,,,,,,,,,,,,,,,,,,,,,,,,,,,,,,,,,,,,,,,,,,,,,,,,,,,,,,,,,,,,,,,,,,,,,,,28,37,0,0,0,0,0,0,0,0,0,0,0,Gem Wallet,b57d7024a923b36a3538e19ed2199ec1e2003b73601e9b0fd7d2affaafa1717b,Gem Wallet,Wallet Labs LLC
fd-12462817e9e23c47,12462817e9e23c47a208fc815e8b9ddd112c50d8e03a89080d7ef8b66e6bf20a,f_droid_real,benign,B,,com.money.manager.ex,Money Manager Ex,1116,5.5.11-release,fintech_utility,US,0,53593155,1981-01-01,,,,,,,,,,,1,,,,,,,,,,,,,,,,,,,,,,,,,,,1,,,1,,,,,,,,,,,,,,1,,,,,,,,,,,,,,1,,,,,,,,,,,,,,,,,,,,,,1,,,1,,,,,,,,,,,,,,,,,,,,,,,1,,,1,,1,1,,,,,,,,,,,,,,,,,,,,,,,,,,,,,,,,,,,,,,,,,,,,,,,,,,,,,,,,,,,,,,,,,,,,,,,,,,,,,,,,1,,,,,,,,,,,,,,,,,,,,,,,,,,,,,,,,,,,,,,,,,,,,,,,,,,,,,,,,,,,,,,,,,,,,,,,,,29,36,0,0,0,0,0,0,0,0,0,0,0,FDroid,5070f673f6a62b6634b0b953b0e2821578efc2f17d05bbf3ebe7bb8b24b15a61,FDroid,fdroid.org
fd-2270b0353f7cb876,2270b0353f7cb876053237eb23495db48fe185d7e7aade64702537d77266a09a,f_droid_real,benign,B,,com.danilkinkin.buckwheat,Buckwheat,29,4.8.0,fintech_utility,RU,0,6524969,1981-01-01,,,,,,,,,,,,,,,,,,,,,,,,,,,,,,,,,,,,,,1,,,,,,,,,,,,,,,,,,,,,,,,,,,,,,,,,,,,,,,,,,,,,,,,,,,,,1,,,,,,,,,,,,,,,,,,,,,,,,,,,,,,,,,,,,,,,,,,,,,,,,,,,,,,,,,,,,,,,,,,,,,,,,,,,,,,,,1,,,,,,,,,,,,,,,,,,,,,,,,,,,,,,,,,,,,,,,,,,,,,,,,,,,,,,,,,,,,,,,,,,,,,,,,,,,,,,,,,,,,,,,,,,,,,,,,,,,,,,,,,29,36,0,0,0,0,0,0,0,0,0,0,0,Danil Zakvatkin,2a9f9a8908770aa0e82b161473cb8f419443447d1e8268e6f6a82f889d7a788f,Danil Zakvatkin,danilkinkin
fd-44f86212e40f706a,44f86212e40f706aa427d74fdc0f386e6f28c656d6eea590b87a9c9ca1b06109,f_droid_real,benign,B,,org.totschnig.myexpenses,My Expenses,879,4.1.1.2,fintech_utility,DE,0,48515119,1981-01-01,,,,,,,,,,,1,,1,,,,1,,,,,,,,,,,,,,,,,,,,,1,,,,,,,,,1,1,,,,,,,1,,1,,,,,,,,,,1,,1,,,1,,,,,,,,,,,,,,,,1,1,,1,,,,,,,,,,,,,,,,,,,,,,,,,,,1,,,,,1,1,,,,,1,,,,,1,,,,,,,,,,,,,,,,1,,,,,,,,,,,,,,,,,,,,,,,,,,,,,,,,,,,,,,,,,,,,,,,,,,,,,,,,,,,,,,,,,,,,,,,,,,,,,,,,,,,,,,,,,,,,,,,,,,,,,,,,,,,,,,,,,,,,,,,,,,,1,,,26,36,0,0,0,0,0,0,0,0,0,0,0,FDroid,cc73d1af732cd02b84a9c7d56b7b64b9d69d47a265ec34b088d6857d9fbf97ce,FDroid,fdroid.org
fd-50eb477c705d3aa6,50eb477c705d3aa6d5211a6e1f49e2d866192e304c751099552748e69b1fe3d2,f_droid_real,benign,B,,com.arduia.expense,Pro Expense,12,1.0.0-beta06,fintech_utility,BR,0,2841697,1981-01-01,,,,,,,,,,,1,,,,,,,,,,,,,,,,,,,,,,,,,,,1,,,,,,,,,,,,,,,,,1,,,,,,,,,,,,,,,,,,,,,,,,,,,,,,,,,,,,1,,,,,,,,,,,,,,,,,,,,,,,,,,,,,,,,1,,,,,,,,,,,,,,,,,,,,,,,,,,,,,,,,,,,,,,,,,,,,,,,,,,,,,,,,,,,,,,,,,,,,,,,,,,,,,,,,,,,,,,,,,,,,,,,,,,,,,,,,,,,,,,,,,,,,,,,,,,,,,,,,,,,,,,,,,,,,,,,,,,,,,,,,,21,33,0,0,0,0,0,0,0,0,0,0,0,FDroid,0206a5bc7ecf2a55055ef7e0bdf81e74350a68a69dd0abf81e8554b71aecfe2f,FDroid,fdroid.org
fd-5506ec9f32f90189,5506ec9f32f9018906ae17189cf1eeb68bb8016540e0eee8c1daf69d49f0393d,f_droid_real,benign,B,,co.electriccoin.zcash.foss,Zodl,2569,3.10.2,crypto_wallet,US,0,105037939,1981-01-01,,,,,,,,,,,1,,,,,,,,,,,,,,,,1,,,,,,,,,,,1,,,,,,,,,,,,,,,,,1,,,,,,,,,,,,,,1,,,,,,,,,,,,,,,,,,,,,,1,,,,,,,,,,,1,,,,,,,,,,,,,,,1,,,1,,,1,,,,,,,,,,,,,,,,,,,,1,,,,,,,,,,,,,,,,,,,,,,,,,,,,,,,,,,,,,,,,,,,,,,,,,,,,,,,,,,,,,,,,,,,,,,,,,,,,,,,,,,,,,,,,,,,,,,,,,,,,,,,,,,,,,,,,,,,,,,,,,,,,,,,,,,,,,27,36,0,0,0,0,0,0,0,0,0,0,0,,412a1d2412a0be5ffbad9e7dd1eeedb9442dad8b9e9dffc334c07a0c3645ddfe,,Zerocash Electric Coin Company
fd-57ae2332494e544c,57ae2332494e544c93d32622d72cb0fcb845cd29802d35aa8276af4703695b00,f_droid_real,benign,B,,com.openapps.fintrack,FinTrack,10,1.0.19,fintech_utility,IN,0,24036282,1981-01-01,,,,,,,,,,,1,,,,,,,,,,,,,,,,1,,,,,,,,,,,1,,,,,,,,,,,,,,,,,1,,,,,,,,,,,,,,1,,,,,,,,,,,,,,,,,,1,,,,1,,,1,,,,,,,,1,,,,,,,,,,,,,,,1,,,1,,,1,,,,,,,,,,,,,,,,,,,,,,,,,,,,,,,,,,,,,,,,,,,,,,,,,,,,,,,,,,,,,,,,,,,,,,,,,,,,,,,,,,,,,,,,,1,,,,,,,,,,,,,,,,,,,,,,,,,,,,,,,,,,,,,,,,,,,,,,,,,,,,,,,,,,,,,,,,26,37,0,0,0,0,0,0,0,0,0,0,0,Dozzeyy,68ebc88943c4a73529e7d01ec802f9ff3a965b053c8a4070237b6da7a4edf590,Dozzeyy,Vahak
fd-5bf4f2c385584f2d,5bf4f2c385584f2d93fb3687cf2fe0ee671273eb73e67d5792a2eed932b86959,f_droid_real,benign,B,,org.electrum.electrum,Electrum,45408014,4.8.1,crypto_wallet,DE,0,50144221,1981-01-01,,,,,,,,,,,,,,,,,,,,,,,,,,,1,,,,,,,,,,,,,,,,,,,,,,,,,,,,1,,,,,,,,,,,,,,1,,,,,,,,,,,,,,,,,,,,,,,,,,,,,,,,,,,,,,,,,,,,,,,,1,,,,,,,,,,,,1,,,,,,,,,,,,,,,,,,,,,,,,,,,,,,,,,,,,,,,,,,,,,,,,,,,,,,,,,,,,,,,,,,,,,,,,,,,,,,,,,,,,,,,,,,,,,,,,,,,,,,,,,,,,,,,,,,,,,,,,,,,,,,,,,,,,,,,,,,1,,,,,,,,,26,36,0,0,0,0,0,0,0,0,0,0,0,Thomas Voegtlin,e543d576fa0f2a33d412bca4c7d61e2301830e956e7d947e75b9052d176027d3,Thomas Voegtlin,Electrum Technologies GmbH
fd-a1ebc88ece1a313f,a1ebc88ece1a313ffcaa5b6b880a316d1a4bcd4ee1bf0073306b50933cbfc19d,f_droid_real,benign,B,,com.github.samotari.paynoway,PayNoWay,20100,2.1.0,fintech_utility,MX,0,7139562,,,,,,,,,,,,1,,,,,,,,,,,,,,,,1,,,,,,,,,,1,,,,,,,,,,,,,,,,,,1,,,,,,,,,,,,,,,,,,,,,,,,,,,,,,,,,,,,,,,,,,,,,,,,,,,,,,,,,,,,,,,,,,,,,,,,,,,,,,,,,,,,,,,,,,,,,,,,,,,,,,,,,,,,,,,,,,,,,,,,,,,,,,,,,,,,,,,,,,,,,,,,,,,,,,,,,,,,,,,,,,,,,,,,,,,,,,,,,,,,,,,,,,,,,,,,,,,,,,,,,,,,,,,,,,,,,,,,,,,,,22,29,0,0,0,0,0,0,0,0,0,0,0,FDroid,66f0669fb6c0f99e3425fb13c322a46393e92662f7602c8388978acadf23a855,FDroid,fdroid.org
fd-ad203d07bfaf5300,ad203d07bfaf5300216fa0e7df3339bf0d1d1656178effa174fc9ed971f5c44b,f_droid_real,benign,B,,com.pennywiseai.tracker,PennyWise AI - Expense Tracker,103,2.19.0,fintech_utility,US,0,48002476,1981-01-01,,,,,,,,,,,1,,,,,,,,,,,,,,,,,,,,,,,,,,,1,,,,,,,,,,,,,,,,,1,,,,,,,,,,,,,,1,,,,,,,,1,,,,,,,,,,1,,,,1,,,1,,,,,,,,,,,,,,,,,,,,,,,1,,,1,,,1,,,,,,,,,,,,,,,,,,,,,,,,,,,,,,,,,,,,,,,,,,,,,,,,,,,,,,,,,,,,,,,,,,,,,,,,,,,,,,,,,,,,,,,,,,1,,,,,,,,,,,,,,,,,,,,,,,,,,,,,,,,,,,,,,,,,,,,,,,,,,,,,,,,,,,,,,,26,36,0,0,0,0,0,0,0,0,0,0,0,FDroid,235d652b2012fd70cfd6b4919f2e665e684a3a14998ddd286ffd077eed4c1702,FDroid,fdroid.org
fd-bc6d078854a74281,bc6d078854a74281e2ad07d5a7bc5ff68a322a809eb1e0bade1e4549e8f00090,f_droid_real,benign,B,,de.schildbach.wallet,Bitcoin Wallet,110300,11.03,crypto_wallet,DE,0,3166547,,,,,,,,,,,,1,,,,,,,,,1,,1,,,,,1,,,,,,,,,,,1,,1,1,,,,,,,,,,,,,,1,,,,,,,,,,,,1,,1,,,,,,,,,,,,,,,,,,,,,,1,,,,,,,,,,,1,,,,,,,,,,,,,,,,,,,,1,1,,,,,,,,,,,,,,,,,,,,,,,,,,,,,,,,,,,,,,,,,,,,,,,,,,,,,,,,,,,,,,,,,,,,,,,,,,,,,,,,,,,,,,,,,,,,,,,,,,,,,,,,,,,,,,,,,,,,,,,,,,,,,,,,,,,,,,,,,,,,,,,,,,,,,,,,,28,34,0,0,0,0,0,0,0,0,0,0,0,FDroid,bcb4b93636bb10c7ddaf61aa9604ff795dfdb05fad4d9412b335682f0b612e32,FDroid,fdroid.org
fd-c909980df0b7c523,c909980df0b7c52395a6cb490a0f9a02269c66f943d464193e6cb6fd774fb38e,f_droid_real,benign,B,,com.igisw.openmoneybox,OpenMoneyBox,71,3.5.1.13,fintech_utility,GB,0,22462667,1981-01-01,,,,,,,,1,1,,,,,,,,,,,,,,,,,,,,,,,,,,,,,,,,,,,,,,,,,,,,,,1,,,,1,,,,,,,,,,1,,,,,,,,1,1,,,,,,,,,,,,,1,,,,,,,,,,,,,,,,,,,1,,,,,,,1,,,1,,,,,,,,,1,,,,,,,,,,,,,,,,,,,,,,,,,,,,,,,,,,,,,,,,,,,,,,,,,,,,,,,,,,,,,,,,,,,,,,,,,,,,,,,,,,,,,,,,,,,,,,,,,,,,,,,,,,,,,,,,,,,,,,,,,,,,,,,,,,,,,,,,,,,,,,,,,,,23,35,0,0,0,0,0,0,0,0,0,0,0,FDroid,1a0049ebcc42e60604b9c3a96782d3952acad0ee10cc30a8c9435068adadc515,FDroid,fdroid.org
fd-d79613a479f4b60e,d79613a479f4b60e5fc2aba169d38ca9a97e482aaef305d779284c104c767a9a,f_droid_real,benign,B,,finance.valet,Valet,105,4.4.4,fintech_utility,CA,0,28375857,,,,,,,,,,,,1,,,,,,,,,,,,,,,,1,,,,,,,,,,,1,,,,,,,,,,,,,,,,,1,,,,,,,,,,,,1,,,,,,,,,,,1,,,,,,,,,,,,,1,,,,,,,,,,,,,,,,,,,,,,,,,,,,,1,,1,1,,,,,,1,,,,,,,,,,,,,,,,,,,,,,,,,,,,,,,,,,,,,,,,,,,,,,,,,,,,,,,,,,,,,,,,,,,,,,,,,,,,,,,,,,,,,,,,,,,,,,,,,,,,,,,,,,,,,,,,,,,,,,,,,,,,,,,,,,,,,,,,,,,,,,,,,,,21,33,0,0,0,0,0,0,0,0,0,0,0,Ilya Evdokimov,334e08b87deb3f86cb6deb440817801a1969fe198d2e60dc26f7ae846c5dbc6e,Ilya Evdokimov,StandardSats
fd-e6d8f4b469581ded,e6d8f4b469581dedb8f70d015c77d162df777c4e0db5b3f74978e3be4c0d8a04,f_droid_real,benign,B,,com.goushik.upiwallet,UPI Expense Tracker,7,1.1.5,mfs_wallet,IN,0,25204932,1981-01-01,,,,,,,,1,1,,1,,,,,,,,,,,,,,,,,,,,,,,,,,,1,,,,,,,,,,,,,,,,,,,,,,,,,,,,,,,1,,,,,,,,,,,,,,,,,,,,,,1,,,1,,,,,,,,1,,,,,,,,,,,,,,,,,,,,,1,,,,,,,,,,,,,,,,,,,,,,,,,,,,,,,,,,,,,,,,,,,,,,,,,,,,,,,,,,,,,,,,,,,,,1,,,,,,,,,,,,,,,,,,,,,,,,,,,,,,,,,,,,,,,,,,,,,,,,,,,,,,,,,,,,,,,,,,,,,,,,,,,,,,,,,,,,31,36,0,0,0,0,0,0,0,0,0,0,0,Goushik,043518c3ec65eb37929368fe134d7da8310bafabac5a8b3efb1373d05bb3bec6,Goushik,UPI Expense Tracker
fd-f55cfad874a188e3,f55cfad874a188e3fcb5a4418278b95b98fca5b22f89adf3bebd1d280db007c9,f_droid_real,benign,B,,com.ritesh.cashiro,Cashiro,94,2.1.61,fintech_utility,QA,0,64345872,1981-01-01,,,,,,,,,,,1,,,,,,,,,,,,,,,,,,,,,,,,,,,1,,,,,,,,,,,,,,,,,1,,,,,,,,,,,,,,1,,,,,,,,,,,,,,,,,,1,,,,1,,,1,,,,,,,,,,,1,,,,,,,,,,,,1,,,1,,,1,,,,,,,,,,,,,,,,,,,,,,,,,,,,,,,,,,,,,,,,,,,,,,,,,,,,,,,,,,,,,,,,,,,,,,,,,,,,,,,,,,,,,,,,,,,,,,,1,,,,,,,,,,,,,,,,,,,,,,,,,,,,,,,,,,,,,,,,,,,,,,,,,,,,,,,,,,26,36,0,0,0,0,0,0,0,0,0,0,0,Ritesh,f223925190bf345d97edaedc6fb1df95bd7ae0d26cfc704e9dc33afcb4264d11,Ritesh,
fd-41c77155d0f2866a,41c77155d0f2866a422de08aca39c16f67da26402a4ec689b44843988bfec01d,f_droid_real,benign,B,,cash.p.terminal,P.CASH,255,0.59.3,fintech_utility,,0,189201971,1981-01-01,,,,,,,,,,,1,,,,,,,,,,,,,,,,1,,,,,,,,,,,1,,,1,,,,,,,,,,,,,,1,,,,,,,,,,,,1,,1,,,,,,,,,1,,,,,,1,,,,,,,1,,,,,,,,,,,,,,,,,,,,,,,,,,1,,,1,,1,1,,,,,,1,,,,,,,,,,,,1,,,,,,,,,,,,,,,,,,,,,,,,,,,,,,,,,,,,,,,,,,,,,,,,,,,,,,,,,,,,,,,,,,,,,,,,,,,,,,,,,,,,,,,,,,,,,,,,,,,,,,,,,,,,,,,,,,,,,,,,,,,,,,,,,,,,,,,27,36,0,0,0,0,0,0,0,0,0,0,0,P.CASH,5c0224dc8020f8806efd69d04f870befc6738cecee9e5db427916070e48f9088,P.CASH,PirateCash and Cosanta Foundation
fd-77530a94f31146d7,77530a94f31146d78a17b5de5efad99f773ae046af1e863dd028ed404963f856,f_droid_real,benign,B,,com.boldwallet,Bold Wallet,69,4.0.6,crypto_wallet,,0,131401248,1981-01-01,,,,,,,,1,1,,1,,1,,,,,,,,,,,,,,1,,1,1,,,,,,,,1,,,,,,,,,1,,,,,,,,1,,,,,,,,,,,1,,,1,,,,,,,,,1,,,,,,,,,,,,,,,,,,,,,,,,1,,,,,,,,,,,,,,,1,,,1,,1,1,,,,,,1,,,,,,,,,,,,,,,,,,,,,,,,,,,,,,,,,,1,,,,,,,,,,,,,,,,,,,,,,,,,,,,,,,,,,,,,,,,,,,,,,,,,,,,,,,,,,,,,,,,,,,,,,,,,,,,,,,,,,,,,,,,,,,,,,,,,,,,,,,,,,,,,,,,,24,36,0,0,0,0,0,0,0,0,0,0,0,FDroid,ca1890350e7db62f0bc0a2969957b7deb0053399317cf5f937022471708547ab,FDroid,fdroid.org
fd-9cac18f9f2713f26,9cac18f9f2713f264a9410a6b6cc661512bebdcbe8e381617cd8f5c7bdde60e0,f_droid_real,benign,B,,com.greenaddress.greenbits_android_wallet,Blockstream App (Green),22000527,5.6.1,crypto_wallet,,0,257151962,1981-01-01,,,,,,,,,,,1,,,,,,,,,1,1,1,1,,,,1,,,,,,,,,,,1,,,,,,,,,,,,,,,,,1,,,,,,,,,,,,1,,1,,,,,,,,,1,,,,,,,,,,,,,1,,,,,,,,,,,,,,,,,,,,,,,,,,1,,,1,,,1,,,,,,1,,,,,,,,,,,,,,,,,,,,,,,,,,,,,,,,,,,,,,,,,,,,,,,,,,,,,,,,,,,,,,,,1,,,,,,,,,,,,,,,,,,,,,,,,,,,,,,,,,,,,,,,,,,,,,,,,,,,,,,,,,,,,,,,,,,,,,,,,,,,,,,,,,,,24,37,0,0,0,0,0,0,0,0,0,0,0,FDroid,376ef6f4b01bb8c54d941b471280485c70c27d108f7eaaa3a2233b7d70b50a59,FDroid,fdroid.org
fd-f7f58143fda0a667,f7f58143fda0a667e853213e88389ce62da25b0a6a9f1e300b5e9adaa9ceab83,f_droid_real,benign,B,,io.horizontalsystems.bankwallet,Unstoppable,177,0.50.1,crypto_wallet,,0,112406265,1981-01-01,,,,,,,,,,,1,,,,,,,,,,,,,,,,1,,,,,,,,,,,1,,,,,,,,,,,,,,,,,1,,,,,,,,,,,,,,,,,,,,,,,,,,,,,,,,,,,,1,,,,,,,,,,,,,,,,,,,,,,,,,,1,,,1,,1,1,,,,,,,,,,,,,,,,,,,,,,,,,,,,,,,,,,,,,,,,,,,,,,,,,,,,,,,,,,,,,,,,,,,,,,,,,,,,,,,,,,,,,,,,,,,,,,,,,,,,,,,,,,,,,,,,,,,,,,,,,,,,,,,,,,1,,,,,,,,,,,,,,,,,,,,,,,28,37,0,0,0,0,0,0,0,0,0,0,0,FDroid,b00b7be227901e1a673c365fee4f8da59d45d07ba459fc14367b8c51818404d9,FDroid,fdroid.org
pb-0348da5b85c6c614,0348da5b85c6c614e63ed4a21072c91ee9f59f23957cf3113f387abb2413ed3b,f_droid_real,benign,B,,com.yash.xpenc,XPENC,163,1.5.0,fintech_utility,--,0,37390275,1981-01-01,,,,,,,,,,,,,,,,,,,,,,,,,,,,,,,,,,,,,,1,,,,,,,,,,,,,,,,,,,,,,,,,,,,,,,1,,,,,,,,,1,,,,,,,,,,,,,1,,,,,,,,,,,,,,,,,,,,,,,,,,1,,,1,,1,1,,,,,,1,,,,,,,,,,,,,,,,,,,,,,,,,,,,,,,,,,,,,,,,,,,,,,,,,,,,,,,,,,,,,,,,,,,,,,,,,,,,,,,,,,,,,,,,,,,,,,,,,,,,,,,,,,1,,,,,,,,,,,,,,,,,,,,,,,,,,,,,,,,,,,,,,,,,24,36,0,0,0,0,0,0,0,0,0,0,0,FDroid,468837a82df775b5974a50d20773a1b3b19adbd0657a794c9f512ed43ce6dce6,FDroid,fdroid.org
pb-071d3e1a2493b8f1,071d3e1a2493b8f170ef3aeea2bb9491a68007a6b1450141232de8a04cd12d90,f_droid_real,benign,B,,com.gorunjinian.metrovault,Metro Vault,7,3.9.0,crypto_wallet,--,0,8857114,1981-01-01,,,,,,,,,,,,,,,,,,,,,,,,,,,1,,,,,,,,,,,,,,,,,,,,,,,,,,,,,,,,,,,,,,,,,,,,,,,,,,,,,,,,,,,,,,,,,,,,,,,,,,,,,,,,,,,,,,,,,,1,,,1,,,,,,,,,,,,,,,,,,,,,,,,,,,,,,,,,,,,,,,,,,,,,,,,,,,,,,,,,,,,,,,,,,,,,,,1,,,,,,,,,,,,,,,,,,,,,,,,,,,,,,,,,,,,,,,,,,,,,,,,,,,,,,,,,,,,,,,,,,,,,,,,,,,,,,,,,,,,,26,36,0,0,0,0,0,0,0,0,0,0,0,Gorun Jinian,1245554ceb17cea21e9912af7bf60d38d716f5884d4b3664e5338462cc76fd03,Gorun Jinian,
pb-07853024bdae8613,07853024bdae86135539f25ae55e0e4a9d7cd917528497896e27246dc96ee5fe,f_droid_real,benign,B,,de.schildbach.wallet_test,Bitcoin Wallet [testnet3],110400,11.04,mfs_wallet,--,0,3440345,,,,,,,,,,,,1,,,,,,,,,1,,1,,,,,1,,,,,,,,,,,1,,1,1,,,,,,,,,,,,,,1,,,,,,,,,,,,1,,1,,,,,,,,,,,,,,,,,,,,,,1,,,,,,,,,,,1,,,,,,,,,,,,,,,,,,,,1,1,,,,,,,,,,,,,,,,,,,,,,,,,,,,,,,,,,,,,,,,,,,,,,,,,,,,,,,,,,,,,,,,,,,,,,,,,,,,,,,,,,,,,,,,,,,,,,,,,,,,,,,,,,,,,,,,,,,,,,,,,,,,,,,,,,,,,,,,,,,,,,,,,,,,,,,,,28,34,0,0,0,0,0,0,0,0,0,0,0,FDroid,939150041d8d943ad45d0e9bc390c3ea11ac0ac0685f2d774191fde29b6549ee,FDroid,fdroid.org
pb-0a330f49a081cd30,0a330f49a081cd3051c4501f80c34bd070c06ccfff02c1e519747be84899be80,f_droid_real,benign,B,,com.dreautall.waterflyiii,Waterfly III,41023,1.2.1,fintech_utility,--,0,32396036,1981-01-01,,,,,,,,,,,1,,,,,,,,,,,,,,,,,,,,,,,,,,,1,,,,,,,,,,,,,,,,,1,,,,,,,,,,,,,,1,,,,,,,,,,,,,,,,,,,,,,1,,,,,,,,,,,,,,,,,,,,,,,,,,1,,,1,,1,1,,,,,,,,,,,,,,,,,,,,,,,,,,,,,,,,,,,,,,,,,,,,,,,,,,1,,,,,,,,,,,,,,,,,,,,,,,,,,,,,,,,,,,,,,,,,,,,,,,,,,,,,,,,,,,,,,,,,,,,,,,,,,,,,,,,,,,,,,,,,,,,,,,,,,,,,,,34,36,0,0,0,0,0,0,0,0,0,0,0,FDroid,dcd7cdac77eead8de96ad9151fe5b2258398985dfcc9bf572422c673feeca1ac,FDroid,fdroid.org
pb-0c3ac41295751b6a,0c3ac41295751b6af023bb157094af9debfcca73331746b0e46934f1feab349b,f_droid_real,benign,B,,com.fr.laboussole.track,GaoAndBlaze,50020,5.0.2-gao-full,fintech_utility,--,0,174378602,,,,,,,,,,1,,1,,1,,1,,,,,,,,,,,,1,,,,,,,,,,,,,,,,,,,,,,,,,,,,1,,,,,,,,,,,,,,,,,,,,,,1,1,,,,,,,,1,,,,,,,,,,,,,,,,,,,,,,1,,,,,,,,,,,,,,1,1,,,,,1,1,1,,,,,,,,,,,,,,,,,1,,,,,,,,,,,,,,,,,,,,,,,,,,,,,,,,,,,,,,,,,,,,,,,,,,,,,,,,,,,,,,,,,,,,,,,,,,,,,,,,,,,,,,,,,,,,,,,,,,,,,,,,,,,,,,,,,,,,,,,,,,,,,,,,,26,30,0,0,0,0,0,0,0,0,0,0,0,FDroid,711a6f902bfc95eb3bc6c52818f57981bec3aa0d9ccc23e83d2815f27dc37b2d,FDroid,fdroid.org
pb-0d79f7c0506c3f78,0d79f7c0506c3f78ce089c1866de177bf1778da9fb79e8bb9fef3895da7f225b,f_droid_real,benign,B,,com.erfangholami.solidshare,Solid Share,403,0.4.3,fintech_utility,--,0,20036073,1981-01-01,,,,,,,,,,,1,,,,,,,,,,,,,,,,1,,,,,,,,,,,1,,,1,,,,,,,,,,,,,,1,,,,,,,,,,,,,,1,,,,,,,,1,,,,,,,,,,,1,,,1,,,,,,,,,,,,,,,,,,,,,,,,,,,,,,,,1,,,,,1,1,,,,,1,,,,,,,,,,,,,,,,,,,,,,,,,,,,,,,,,,,,,,,,1,,,,,,,,,,,,,,,,,,,,,,,,,,,,,,,,,,,,,,,,,,,,,,,,,,,,,,,,,,,,,,,,,,,,,,,,,,,,,,,,,,,,,,,,,,,,,,,,,,,,,,26,36,0,0,0,0,0,0,0,0,0,0,0,Erfan Gholami,6915b742f4022b0e1a0a05c0c5bac9639a260ef123953a4fdb0394bac06ff4d6,Erfan Gholami,
pb-0dc3c4f2fabe6ee5,0dc3c4f2fabe6ee51c718dc8b97d54661afc17be787175ceade45995154b3f8a,f_droid_real,benign,B,,de.box2code.matoid,matoid,2,1.0.0,psp_wallet,--,0,19233244,1981-01-01,,,,,,,,,,,,,,,,,,,,,,,,,,,,,,,,,,,,,,,,,,,,,,,,,,,,,,,,,,,,,,,,,,,,,,,,,,,,,,,,,,,,,,,,,,,,,,,,,,,,,,,,,,,,,,,,,,,,,,,,,,,,,,,,,,,,,,,,,,,,,,,,,,,,,,,,,,,,,,,,,,,,,,,,,,,,,,,,,,,,,,,,,,,,,,,,,,,,,,,,,,,,,,,,,,,,,,,,,,,,,,,,,,,,,,,,,,,,,,,,,,,,,,,,,,,,,,,,,,,,,,,,,,,,,,,,,,,,19,33,0,0,0,0,0,0,0,0,0,0,0,FDroid,40ff6440804ab7a01d97d48f9ee9bcb85ff44b263c9f78aa24acfae4ec03f70a,FDroid,fdroid.org
pb-0e1a5360344e17d3,0e1a5360344e17d314980259a1f560e45cbecf32cd59167715700434d6b4dcbc,f_droid_real,benign,B,,eu.uwot.fabio.altcoinprices,Altcoin Prices,81,1.7.4,fintech_utility,--,0,2158385,1980-01-01,,,,,,,,,,,1,,,,,,,,,,,,,,,,,,,,,,,,,,,,,,,,,,,,,,,,,,,,1,,,,,,,,,,,,,,,,,,,,,,,1,,,,,,,,,,,,,,,,,,,,,,,,,,,,,,,,,,,,,,,,,,,,,,,,,,,1,,,,,,,,,,,,,,,,,,,,,,,,,,,,,,,,,,,,,,,,,,,,,,,,,,,,,,,,,,,,,,,,,,,,,,,,,,,,,,,,,,,,,,,,,,,,,,,,,,,,,,,,,,,,,,,,,,,,,,,,,,,,,,,,,,,,,,,,,,,,,,,,,,,14,28,0,0,0,0,0,0,0,0,0,0,0,FDroid,2be71de9cfd2926b9f14d094bae82db6685bc6301bd6b093c725a464c837da4d,FDroid,fdroid.org
pb-0e9762c303f50cee,0e9762c303f50ceed4a8477ac78877e494eb8dc89b26518450474ac842c9005a,f_droid_real,benign,B,,com.komodoplatform.komodowallet,Komodo Wallet,2,0.9.2,mfs_wallet,--,0,239782980,1981-01-01,,,,,,,,,,,1,,,,,,,,,,,,,,,,1,,,,,,,,,,,,,,,,,,,,,,,,,,,,1,,,,,,,,,,,,,,,,,,,,,,,,,,,,,,,,,,,,,,,,,,,,,,,,,,,,,,,,,,,,,,1,,,1,,,,,,,,,,,,,,,,,,,,,,,,,,,,,,,,,,,,,,,,,,,,,,,,,,,,,,,,,,,,,,,,,,,,,,,,,,,,,,1,,,,,,,,,,,,,,,,,,,,,,,,,,,,,,,,,,,,,,,,,,,,,,,,,,,,,,,,,,,,,,,,,,,,,,,,,,,,,,28,35,0,0,0,0,0,0,0,0,0,0,0,FDroid,9a7d7b2b85c69c421bf20d9d9baf59e501ba38a3213f0fe56e4cdf72d589bf4d,FDroid,fdroid.org
pb-0ea2caf76ba2916f,0ea2caf76ba2916fe07b6e5f4c3f8cbb4605e752ba09944277e5d8a0340cd5d0,f_droid_real,benign,B,,com.mustafacanyucel.fireflyiiishortcuts,Firefly III Shortcuts,3,1.1.2,fintech_utility,--,0,16714089,1981-01-01,,,,,,,,,,,,,,,,,,,,,,,,,,,,,,,,,,,,,,1,,,1,,,,,,,,,,,,,,1,,,,,,,,,,,,,,1,,,,,,,,,,,,,,,,,,,,,,,,,,,,,,,,,,,,,,,,,,,,,,,,,,,,,,,,,,,,,,,,,,,,,,,,,,,,,,,,,,,,,,,,,,,,,,,,,,,,,,,,,,,,,,,,,,,,,,,,,,,,,,,,,,,,,,,,1,,,,,,,,,,,,,,,,,,,,,,,,,,,,,,,,,,,,,,,,,,,,,,,,,,,,,,,,,,,,,,,,,,,,,,,29,35,0,0,0,0,0,0,0,0,0,0,0,Mustafa can yucel,6d6c6ae2d372880ab91972b74f879520340cdb46df13a3e0ae1049cb173b01cf,Mustafa can yucel,Mustafa can yucel
pb-0f840076fbfc0054,0f840076fbfc0054c1878629e328348470d3d3cf68a6b4e3ca884097ea29d37f,f_droid_real,benign,B,,com.ripster.sossoldi,Sossoldi,1054,1.0.0,fintech_utility,--,0,27167763,1981-01-01,,,,,,,,,,,,,,,,,,,,,,,,,,,,,,,,,,,,,,,,,,,,,,,,,,,,,,,,,,,,,,,,,,,,,1,,,,,,,,,1,,,,,,,,,,,,,1,,,,,,,,,,,,,,1,,,,,,,,,,,,1,,,1,1,1,1,,,,,,,,,,,,,,,,,,,,,,,,,,,,,,,,,,,,,,,,,,,,,,,,,,,,,,,,,,,,,,,,,,,,,,,,,,,,,,,,,,,,,,,,,,,,,,1,,,,,,,,,,,,,,,,,,,,,,,,,,,,,,,,,,,,,,,,,,,,,,,,,,,,,,,,,,,24,36,0,0,0,0,0,0,0,0,0,0,0,Luca Antonelli,1bc94d702fab45ea64077e518a5fd567d8bbfd78f7574f257a0c5dca21d0da3d,Luca Antonelli,Sossoldi
pb-120051bf6a36a7f2,120051bf6a36a7f242a1836f1c9926be91eebc555f50267c364fa2f010e2a088,f_droid_real,benign,B,,com.vermont.possin,LCTerm,9,1.8,psp_wallet,--,0,16313999,1981-01-01,,,,,,,,,,,1,,1,,,,,,,1,1,1,1,,,,1,,,,,,,,,,,,,,,,,,,,,,,,,,,,1,,,,,,,,,,,,,,,,,,,,,,,1,,,,,,,,,,,,,,,,,,,,,,,,,,,,,,,,,,,,,,,,,,,,,1,,,,,,1,,,,,,,,,,,,,,,,,,,,,,,,,,,,,,,,,,,,,,,,,,,,,,,,,,,,,,,,,,,,,,,,,,,,,,,,,,,,,,,,,,,,,,,,,,,,,,,,,,,1,,,,,,,,,,,,,,,,,,,,,,,,,,,,,,,,,,,,,,,,,,,,,,,,24,36,0,0,0,0,0,0,0,0,0,0,0,Robert Gludo II,fe401e954905ad8d7b2700a54b5cdd51698c191a0ed5801632a2520b73f144b6,Robert Gludo II,VTSCC
pb-12ebe9effb1aef57,12ebe9effb1aef571cbb3bcca2e8f4205b0bfcf5e9f4140662577f132deeb56d,f_droid_real,benign,B,,de.drmaxnix.mfcbalance,MFC Balance,5,1.0.0,fintech_utility,--,0,8929315,1981-01-01,,,,,,,,,,,,,,,,,,,,,,,,,,,,,,,,,,,,,,,,,,,,,,,,,,,,,,,,,,,,,,,,,,,1,,,,,,,,,,,,,,,,,,,,,,,,,,,,,,,,,,,,,,,,,,,,,,,,,,,,,,,,,,,,,,,,,,,,,,,,,,,,,,,,,,,,,,,,,,,,,,,,,,,,,,,,,,,,,,,,,,,,,,,,,,,,,,,,,,,,,,,,,,,,,,,,,,,,,,,,,,,,,,,,,,,,,,,,,,,,,1,,,,,,,,,,,,,,,,,,,,,,,,,,,,,,,,,,,,24,35,0,0,0,0,0,0,0,0,0,0,0,MFC Balance Git Release,8335730e1906da895bbf65968e8f40fc78ae62ff272e6868d69c30bb239b8d17,MFC Balance Git Release,DrMaxNix
pb-143d47be582ca211,143d47be582ca2111e1b1657b6b48110846e1e031ef3b7291b300ffe4f54883c,f_droid_real,benign,B,,com.invoiceninja.app,Invoice Ninja,194,5.0.194,psp_wallet,--,0,54398323,1981-01-01,,,,,,,,,,,,,,,,,,,,,,,,,,1,1,,,,,,,,,,,,,,,,,,,,,1,,,,,,,1,,,,,,,,,,,,,,,,,,,,,,1,1,,,,,,,,,,,,,,,,,,,,,,,,,,,,,,,,,,,,,,,1,,,1,,,,,,,,1,,,,,,,,,,,,,,,,,,,,,,,,,,,,,,,,,,,,,,,,,,,,,,,,,,,,,,,,,,,,,,,,,,,,1,,,,,,,,,,,,,,,,,,,,,,,,,,,,,,,,,,,,,,,,,,,,,,,,,,,,,,,,,,,,,,,,,,,,,,,,,,,,,,,,24,36,0,0,0,0,0,0,0,0,0,0,0,FDroid,2691184a0d0aed99de8f006b5770f58891d43fd4007e25c667d9ac2c06ae62af,FDroid,fdroid.org
pb-16481e2d6ad1b2ec,16481e2d6ad1b2ec2ef903e78c559d330c3ed5c8b4a335d4f628e0022ad1d8c7,f_droid_real,benign,B,,de.varengold.activeTAN,activeTAN,69,1.2.0,bank_retail,--,0,2034764,1981-01-01,,,,,,,,,,,,,,,,,,,,,,,,,,,1,,,,,,,,,,,,,,,,,,,,,,,,,,,,1,,,,,,,,,,,,,,,,,,,,,,,,,,,,,,,,,,,,,,,,,,,,,,,,,,,,,,,,,,,,,,1,,,1,,,,,,,,,,,,,,,,,,,,,,,,,,,,,,,,,,,,,,,,,,,,,,,,,,,,,,,,,,,,,,,,,,,,,,,,,,,,,,,,,,,,,,,,,,,,,,,,,,,,,,,,,,,,,,,,,,,,,,,,,,1,,,,,,,,,,,,,,,,,,,,,,,,,,,,,,,,,,23,36,0,0,0,0,0,0,0,0,0,0,0,FDroid,2de592ed30f7d84df8631430a049cd40eceee934599985f321db8a2eea8fb978,FDroid,fdroid.org
pb-184d916a4d07f6b3,184d916a4d07f6b3b94628ec0e75bb7614e5d01516dd336dde9ae1bf62b921ef,f_droid_real,benign,B,,de.bixilon.unithen,UniThen,5,1.2.2,fintech_utility,--,0,4872499,1981-01-01,,,,,,,,,,,1,,,,,,,,,,,,,,,,1,,,,,,,,,,,,,,,,,,,,,,,,,,,,1,,,,,,,,,,,,,,,,,,,,,,,,,,,,,,,,,,,,,,,,,,,,,,,,,,,,,,,,,,,,,,,,,,,1,,,,,,,,,,,,,,,,,,,,,,,,,,,,,,,,,,,,,,,,,,,,,,,,,,,,,,,,,,,,,,,,,,,,,,,,,,,,,,,,,,,,,,,,,,,,,,,,,,,,,,,,,,,,,,,,,,,,1,,,,,,,,,,,,,,,,,,,,,,,,,,,,,,,,,,,,,,26,36,0,0,0,0,0,0,0,0,0,0,0,Moritz Zwerger,f44dcdebfb54333fa205ff11eaa5aa1f47cde8217dd63a9fd979cd1fcf6d4241,Moritz Zwerger,-
pb-1c9cf93663281863,1c9cf93663281863099c2a85e5d22a320e5882726c76b8ae3938a343b9ffb6fb,f_droid_real,benign,B,,de.php_tech.piggybudget,piggybudget,25,2.5,fintech_utility,--,0,17083259,1980-01-01,,,,,,,,,,,,,,,,,,,,,,,,,,,,,,,,,,,,,,,,,,,,,,,,,,,,,,,1,,,,,,,,,,,,,,,,,,,,,,,1,,,,,,,,,,,,,,,,,,,,,,,,,,,,,,,,,,,,,,,,,,,,,,,,,,,1,,,,,,,,,,,,,,,,,,,,,,,,,,,,,,,,,,,,,,,,,,,,,,,,,,,,,,,,,,,,,,,,,,,,,,,,,,,,,,,,,,,,,,,,,,,,,,,,,,,,,,,,,,,,,,,,,,,,,,,,,,,,,,,,,,,,,,,,,,,,,,,,,,,16,27,0,0,0,0,0,0,0,0,0,0,0,FDroid,707f72d7c9f45e9a292d8e716aa72cad66109a3c8db92d767b7169d785296e4f,FDroid,fdroid.org
pb-1fe26ebcde09ff2c,1fe26ebcde09ff2c36af5499595d7c409bd4cf90e915e2de9560c105d5edfcdd,f_droid_real,benign,B,,net.taler.wallet.fdroid,Taler Wallet,889,1.6.3,mfs_wallet,--,0,17388563,1981-01-01,,,,,,,,,,,1,,1,,,,,,,,,,,,,,1,,1,,1,,,,,,,,,,,,,,,,,,,,,,,,1,,,,,,,,,,,,1,,,,,,,,,,,1,,,,,,,,,,,,,,,,,,,,,,,,,,,,,,,,,,,,,,,1,,,1,,,,,,,,,1,,,,,,,,,,,,,,,,,,,,,,,,,,,,,,,,,,,,,,,,,,,,,,,,,,,,,,,,,,,,,,,,,,,,,,,,,,,,,,,,,,,,,,,,,,,,,,,,,,,,,,,,,,,,,,,,,,,,,,,,,,,,,,,,,,,1,,,,,,,,,,,,,,,,24,37,0,0,0,0,0,0,0,0,0,0,0,FDroid,d9a497c7158d6a53bca51555c17215d9eb79887e9ae367f607a62d4be72d63f5,FDroid,fdroid.org
pb-20c1381c150ce2c8,20c1381c150ce2c84ddbd1067be0f5fae477a241db605c3f9ddbd83cd4c154a4,f_droid_real,benign,B,,com.flasskamp.subz,Subz,4,1.3,fintech_utility,--,0,3162194,1981-01-01,,,,,,,,,,,,,,,,,,,,,,,,,,,,,,,,,,,,,,,,,,,,,,,,,,,,,,,,,,,,,,,,,,,,,,,,,,,,,,1,,,,,,,,,,,,,1,,,,,,,,,,,,,,,,,,,,,,,,,,,,,,,1,1,,,,,,1,,,,,,,,,,,,,,,,,,,,,,,,,,,,,,,,,,,,,,,,,,,,,,,,,,,,,,,,,,,,,,,,,,,,,,,,,,,,,,,,,,,,,,,,,,,,,,,,,,,,,,,,,,,,,,,,,,,,,,,,,,,,,,,,,,,,,,,,,,,,,,,,,,,21,29,0,0,0,0,0,0,0,0,0,0,0,FDroid,0b1109fcb1447b92ed443d679e278aa07c86858ddff6e14e09bbe17e788d55b0,FDroid,fdroid.org
pb-2189f6f6fb287859,2189f6f6fb287859d3afd992b177738204618dce38f133f984ec84fb4af455fc,f_droid_real,benign,B,,com.github.emavgl.piggybankpro,Oinkoin,7146004,1.12.4,fintech_utility,--,0,42175425,1981-01-01,,,,,,,,,,,,,,,,,,,,,,,,,,,,,,,,,,,,,,,,,,,,,,,,,,,,,,,,,,,,,,,,,,,,,,,,,,,,,,,,,,,,,,,,,,,,,,,,,,,,,,,,,,,,,,,,,,,,,1,,,1,,,,,,,,,,,,,,,,,,,,,,,,,,,,,,,,,,,,,,,,,,,,,,,,,,,,,,,,,,,,,,,1,,,,,,,,,,,,,,,,,,,,,,,,,,,,,,,,,,,,,,,,,,,,,,,,,,,,,,,,,,,,,,,,,,,,,,,,,,,,,,,,,,,,,,,,,,,,,24,36,0,0,0,0,0,0,0,0,0,0,0,FDroid,540cff2cb593f8fc729e444a050056da84ff36e50367eea7eedea060e44278c8,FDroid,fdroid.org
pb-218a5fd59815c63d,218a5fd59815c63dd74cff65e1ada17ac6f92a0aa7fb5c273813bb0f2421cd0f,f_droid_real,benign,B,,hashengineering.groestlcoin.wallet,Groestlcoin Wallet,102002,10.20,mfs_wallet,--,0,7772414,1981-01-01,,,,,,,,,,,1,,,,,,,,,1,,1,,,,,1,,,,,,,,,,,1,,1,1,,,,,,,,,,,,,,1,,,,,,,,,,,,1,,1,,,,,,,,,,,,,,,,,,,,,,1,,,,,,,,,,,1,,,,,,,,,,,,,,,,,,,,1,1,,,,,,,,,,,,,,,,,,,,,,,,,,,,,,,,,,,,,,,,,,,,,,,,,,,,,,,,,,,,,,,,,,,,,,,,,,,,,,,,,,,,,,,,,,,,,,,,,,,,,,,,,,,,,,,,,,,,,,,,,,,,,,,,,,,,,,,,,,,,,,,,,,,,,,,,,26,34,0,0,0,0,0,0,0,0,0,0,0,FDroid,c791e89f1773c4872f6b782d65795164e89786888a100595bd8befce64b3350f,FDroid,fdroid.org
pb-2392f566ee957dc4,2392f566ee957dc4ab03c4aa278bd03d7f8cdc3e730a18a7f54fce763b02aed7,f_droid_real,benign,B,,io.github.herrerad85.tallybook,Tallybook,84,1.6.0,fintech_utility,--,0,16037614,1981-01-01,,,,,,,,,,,1,,,,,,,,,,,,,,,,,,,,,,,,,,,1,,,1,,,,,,,,,,,,,,1,,,,,,,,,,,,,,1,,,,,,,,,,,,,,,,,,,,,,1,,,,,,,,,,,,,,,,,,,,,,,,,,1,,,1,,1,1,,,,,,1,,,,,,,,,,,,,,,,,,,,,,,,,,,,,,,,,,,,,,,,,,,,,,,,,,,,,,,,,,,,,,,,,,,,,,,,,,,,,,,,,,,,,,,,,,,,,,,,,,,,,,,,,,,,,,,,,,,,,,,,,,,,,,,,,,,,,,,,,,,,,,,,,,,24,35,0,0,0,0,0,0,0,0,0,0,0,Tallybook,74ca7d508767943201bc9e1efe142f618a347d57168f8d87835ff9a048712de9,Tallybook,herrerad85
pb-268b73b4dd48f8ef,268b73b4dd48f8ef02af9d32848246038e0bd160ec2d441e30f0dd09f39ccaff,f_droid_real,benign,B,,de.k4ever.k4android,k4android,10,1.3,fintech_utility,--,0,255492,2017-01-11,,,,,,,,,,,,,,,,,,,,,,,,,,,,,,,,,,,,,,,,,,,,,,,,,,,,,,,1,,,,,,,,,,,,,,,,,,,,,,,,,,,,,,,,,,,,,,,,,,,,,,,,,,,,,,,,,,,,,,,,,,,,,,,,,,1,,,,,,,,,,,,,,,,,,,,,,,,,,,,,,,,,,,,,,,,,,,,,,,,,,,,,,,,,,,,,,,,,,,,,,,,,,,,,,,,,,,,,,,,,,,,,,,,,,,,,,,,,,,,,,,,,,,,,,,,,,,,,,,,,,,,,,,,,,,,,,,,,,,14,25,0,0,0,0,0,0,0,0,0,0,0,FDroid,66bc044e373ff65caa115c922552f4b7afee84c0d276349ec6982785895bb015,FDroid,fdroid.org
pb-2e5cda1f0cb32f14,2e5cda1f0cb32f14443c142677d0083cfcb175d8d483dcbf363d664b612dae87,f_droid_real,benign,B,,com.gitlab.uak.mobile_paper_wallet,Mobile Paper Wallet,102110403,1.4.3,mfs_wallet,--,0,43666122,1981-01-01,,,,,,,,,,,,,,,,,,,,,,,,,,,,,,,,,,,,,,,,,,,,,,,,,,,,,,,,,,,,,,,,,,,,,,,,,,,,,,,,,,,,,,,,,,,,,,,,,,,,,,,,,,,,,,,,,,,,,,,,,,,,,,,,,,,,,,,,,,,,,,,,,,,,,,,,,,,,,,,,,,,,,,,,,,,,,,,,,,,,,,,,,,,,,,,,,,,,,,,,,,,,,,,,,,,,,,,,,,,,,,,,,,,,,,,,,,,,,,,,,,,,,,,,,,,,,,,,,,,,,,,,,,,,,,,,,,,,21,33,0,0,0,0,0,0,0,0,0,0,0,FDroid,94c841dbbeda547cc56434a5b4d6d46831531515a1fe64d647f67638c1156a41,FDroid,fdroid.org
pb-3e6c73fd0acd0eee,3e6c73fd0acd0eeeb2394c2ad20b95266f6ff1529c7f87fd8a6819468274fa96,f_droid_real,benign,B,,com.fiveseven.tabataxtreme,Tabata Xtreme,9,1.6.1,fintech_utility,--,0,4111946,1981-01-01,,,,,,,,,,,,,,,,,,,,,,,,,,,,,,,,,,,,,,,,,,,,,,,,,,,,,,,,,,,,,,,,,,,,,,,,,,,,,,,,,,,,,,,,,,,,,,,,,,,,,,,,,,,,,,,,,,,,,,,,,,,,,,,,,,,,,,,,,,,,,,,,,,,,,,,,,,,,,,,,,,,,,,,,,,,,,,,,,1,,,,,,,,,,,,,,,,,,,,,,,,,,,,,,,,,,,,,,,,,,,,,,,,,,,,,,,,,,,,,,,,,,,,,,,,,,,,,,,,,,,,,,,,,,,,,,,,,,,26,36,0,0,0,0,0,0,0,0,0,0,0,Toby Short,8a49d4ab2710a3c8e35bea11bdd2a584840c917108c1749d6248ca0a6fe297f7,Toby Short,
pb-3f8f31a5b92bf8fa,3f8f31a5b92bf8fa14decd4169fe0642792cea5a12361424d23c05410e5201f5,f_droid_real,benign,B,,ademar.bitac,BitAC,8,1.2.0,crypto_wallet,--,0,3047286,1981-01-01,,,1,,,,,,,,1,,,,,,,,,,,,,,,,1,,,,,,,,,,,,,,,,,,,,,,,,,,,,1,,,,,,,,,,,,,,,,,,,,,,,,,,,,,,,,,,,,,,,,,,,,,,,,,,,,,,,,,,,,,,,,,,,,,,,,,,,,,,,,,,,,,,,,,,,,,,,,,,,,,,,,,,,,,,,,,,,,,,,,,,,,,,,,,,,,,,,,,,,,,,,,,,,,,,,,,,,,,,,,,,,,,,,,,,,,,,,,,,,,,,,,,,,,,,,,,,,,,,,,,,,,,,,,,,,,,,,,,,,,,24,34,0,0,0,0,0,0,0,0,0,0,0,FDroid,3c9d78403acd3a672859e2ab33a15f1915026ec8c245481c7122a655c094b6d6,FDroid,fdroid.org
pb-45a5ae09f65dc123,45a5ae09f65dc1239ccc455d61437d357bcdf6dfade705a135f1fdfcb473faa7,f_droid_real,benign,B,,eu.pretix.pretixscan.droid,pretixSCAN,103,3.0.0-beta4,fintech_utility,--,0,20123554,1981-01-01,,,,,,,,,,,1,,,,,,,,,,,,,,,,1,,,,,,,,,,,,,,,,,,,,,,,,,,,,1,,,,,,,,,,,,,,1,,,,,,,,,,,,,,,,,,,,,,,,,,,,1,,,,,,,,,,,,,,,,,,,,,,,,,,,,,,,,,,,,,,,,,,,,,,,,,,,,,,,,,,,,,,,,,,,,,,,,,,,,,,,,,,,,,,,,,,,,,,,,,,,,,,,,,,,,,,,,,,,,,,,,,,,,,,,,,,,,,,,,,,,,,,,,,,,,,1,,,,,,,,,,,,,,,,,,,,,,,,,,,,,,21,35,0,0,0,0,0,0,0,0,0,0,0,FDroid,136f8973ef7647d4e31bb46058c6b58f0f8138e6904d0ea98ce394d1249bf1a1,FDroid,fdroid.org
pb-48e5f4955bba3864,48e5f4955bba38641b9185f8eec1d6e1d552144a2555c3b9b5615b1b1d620743,f_droid_real,benign,B,,com.marotoweb.cajuscan_app,CajuScan,10,1.0.9,fintech_utility,--,0,62655905,1981-01-01,,,,,,,,,,,,,,,,,,,,,,,,,,,1,,,,,,,,,,,,,,,,,,,,,,,,,,,,,,,,,,,,,,,,,,,,,,,,,,,1,,,,,,,,,,,,,,,,,,,1,,,,,,,,,,,,,,,,,,,,,,,,,,,,,,,,1,,,,,,,,,,,,,,,,,,,,,,,,,,,,,,,,,,,,,,,,,,,,,,,,,,,,,,,,,,,,,,,,,,,,,,,1,,,,,,,,,,,,,,,,,,,,,,,,,,,,,,,,,,,,,,,,,,,,,,,,,,,,,,,,,,,,,,,,,,,,,,,,,,,,24,36,0,0,0,0,0,0,0,0,0,0,0,Roberto Cc,b1bd4eb13022a25b6b0ac9b079ea255feac109d7a613c9448c287ee822ab19b2,Roberto Cc,NA
pb-49ebbfc3ac0696fb,49ebbfc3ac0696fb37dbbed18af61eacbf5030da5cd8cbfa62fe2397ab81a4fd,f_droid_real,benign,B,,de.blocklink.pigrid,PiGrid Companion,5,1.4,fintech_utility,--,0,2314029,1980-01-01,,,,,,,,,,,1,,1,,,,,,,,,,,,,,,,,1,1,,,,,,,,,,,,,,,,,,,,,,,,1,,,,,,,,,,,,,,,,,,,,,,,,,,,,,,,,,,,,,,,,,,,,,,,,,,,,,,,,,,,,,,,,,,,,,,,,,,,,,,,,,,,,,,,,,,,,,,,,,,,,,,,,,,,,,,,,,,,,,,,,,,,,,,,,,,,,,,,,,,,,,,,,,,,,,,,,,,,,,,,,,,,,,,,,,,,,,,,,,,,,,,,,,,,,,,,,,,,,,,,,,,,,,,,,,,,,,,,,,,,,,21,28,0,0,0,0,0,0,0,0,0,0,0,FDroid,662ed10f6904de5c10dc189fe0967add245b59f8b091abef190bd0df62899443,FDroid,fdroid.org
pb-4f01f40d06d82fc5,4f01f40d06d82fc5b8cfbbc5eccd083151a86564fbd4fa420eb54aaebf668b71,f_droid_real,benign,B,,me.hackerchick.catima,Catima,1002,2.45.0,mfs_wallet,--,0,5250454,1981-01-01,,,,,,,,,,,,,,,,,,,,1,1,1,,,,,1,,,,,,,,,,,1,,1,,,,,,,,,,,,,,,,,,,,,,,,,,,1,,1,,,,,,,,,1,,,,,,,,,,,,,,,,,,,,,,,,,,,,,,,,,,,,,,,,,,,,,,,,,,,,,,,,,,,,,,,,,,,,,,,,,,,,,,,,,,,,,,,,,,,,,,,,,,,,,,,,,,,,,,,,,,,,,,,,,,,,,,,,,,,,,,,,,,,,,,,,,,,,,,,,,,,,,,,,,,,,,,,,,,,,,,,,1,,,,,,,,,,,,,,,,,,,,,,23,36,0,0,0,0,0,0,0,0,0,0,0,Sylvia van Os,d405cd69ede4c22074c328fb825689a84ab3fca4b3fdf0b6cc1333af62c67eb3,Sylvia van Os,
pb-53551f90ff7c34f7,53551f90ff7c34f78220fa51829f0d5108b78076769b266861c6645d812db094,f_droid_real,benign,B,,com.limecore.nexus,Nexus Command Center,32,1.11.0,fintech_utility,--,0,9204336,1981-01-01,,,,,,,,,,,,,,,,,,,,,,,,,,,,,,,,,,,,,,,,,,,,,,,,,,,,,,,1,,,,,,,,,,,,,,1,,,,,,,,,,,,,,,,,,,,,,,,,,,,,,,,,,,,,,,,,,,,,,,,1,,,1,,,1,,,,,,,,,,,,,,,,,,,,,,,,,,,,,,,,,,,,,,,,,,,,,,,,,,,,,,,,,,,,,,,,,,,,,,,,,,,,1,,,,,,,,,,,,,,,,,,,,,,,,,,,,,,,,,,,,,,,,,,,,,,,,,,,,,,,,,,,,,,,,,,,,,,,,,,,,,26,35,0,0,0,0,0,0,0,0,0,0,0,Emil Hongisto,27e17d1fba157da6eacde58485aab56066200cc45ad00bd518d828367ec155e4,Emil Hongisto,Limecore
pb-578c7ac201b82258,578c7ac201b8225871a3446148659fdcc4fb13c28cc9bda5e1273fc9d27aa1b4,f_droid_real,benign,B,,de.cryptobitch.muelli.vouchercalc,Voucher Calc,3,0.3,fintech_utility,--,0,1277279,2016-07-28,,,,,,,,,,,,,,,,,,,,,,,,,,,,,,,,,,,,,,,,,,,,,,,,,,,,,,,,,,,,,,,,,,,,,,,,,,,,,,,,,,,,,,,,,,,,,,,,,,,,,,,,,,,,,,,,,,,,,,,,,,,,,,,,,,,,,,,,,,,,,,,,,,,,,,,,,,,,,,,,,,,,,,,,,,,,,,,,,,,,,,,,,,,,,,,,,,,,,,,,,,,,,,,,,,,,,,,,,,,,,,,,,,,,,,,,,,,,,,,,,,,,,,,,,,,,,,,,,,,,,,,,,,,,,,,,,,,,15,24,0,0,0,0,0,0,0,0,0,0,0,FDroid,5c2ba653c6aa50361f29b063a8b6baf45e4f78bd2201ef29657ec5fc52af75d4,FDroid,fdroid.org
pb-5a2cde3008a187a2,5a2cde3008a187a20225a6246a02eb4fee983ec4e3ceb128425116f1b17a3676,f_droid_real,benign,B,,com.nvllz.piggsy,Piggsy,5,1.11.1,fintech_utility,--,0,2654932,1981-01-01,,,,,,,,,,,1,,,,,,,,,,,,,,,,,,,,,,,,,,,1,,,,,,,,,,,,,,,,,,,,,,,,,,,,,,,1,,,,,,,,,,,,,,,,,,,,,,1,,,,,,,,,,,,,,1,,,,,,,,,,,,,,,,,,1,,,,,,,,,,,,,,,,,,,,,,,,,,,,,,,,,,,,,,,,,,,,,,,,,,,,,,,,,,,,,,,,,,,,,,,,,,,,,,,,,,,,,,,1,,,,,,,,,,,,,,,,,,,,,,,,,,,,,,,,,,,,,,,,,,,,,,,,,,,,,,,,,,,,,,,,,,24,36,0,0,0,0,0,0,0,0,0,0,0,nvllz,9242b92c7df80e474b091d6083b273be4912b4aca87e53dae7ffc8530413876e,nvllz,
pb-5b82773038ce826a,5b82773038ce826a29fdca0763a0728a9aca946d6eeb7c02d9423aa6e3b8f80d,f_droid_real,benign,B,,net.clench.wallet,Clench,326,0.3.26,mfs_wallet,--,0,36330654,1981-01-01,,,,,,,,,,,1,,,,,,,,,,,,,,,,1,,,,,,,,,,,,,,,,,,,,,,,,,,1,,1,,,,,,,,,,,,1,,,,,,,,,,,,,,,,,,,,,,,,,,,,,,,,,,,,,,,,,,,,,,,,,,1,,,1,,,,,,,,,,,,,,,,,,,,,,,,,,,,,,,,,,,,,,,,,,,,,,,,,,,,,,,,,,,,,,,,,,,,,,,,,,,,,,,,,,,,,,,,,,,,,,,,,,,,,,,,,,,,,,,,,,,,,,,,,,,,,,,,,,,,,,,,1,,,,,,,,,,,,,,,,,,,,26,35,0,0,0,0,0,0,0,0,0,0,0,Clench Wallet,d161d82d633347948079cb5bbae0560c2f85622a51c69f3b4a0d283eefc853ca,Clench Wallet,Clench
pb-5c8e788703690fc0,5c8e788703690fc07e44cde5ff3cb1006e8d102a60f75a8b7d096b6db8893e88,f_droid_real,benign,B,,com.michaeltroger.gruenerpass,PDF Wallet,79,5.1.4,mfs_wallet,--,0,14725739,1981-01-01,,,,,,,,,,,,,,,,,,,,,,,,,,,,,,,,,,,,,,,,,,,,,,,,,,,,,1,,,,,,,,,,,,,,,,,,,,,,,,,,,,,,,,,,,,,,,,,,,,,,,,,,,,,,,,,,,,,,,,1,,,1,,,,,,,,,,,,,,,,,,,,,,,,,,,,,,,,,,,,,,,,,,,,,,,,,,,,,,,,,,,,,,,,,,,,,,,,,,,,,,,,,,1,,,,,,,,,,,,,,,,,,,,,,,,,,,,,,,,,,,,,,,,,,,,,,,,,,,,,,,,,,,,,,,,,,,,,,,,,,23,36,0,0,0,0,0,0,0,0,0,0,0,FDroid,d5f3025c70ecd948f932f5681eef2b9d787caeca573c4825382a7320f9c2933a,FDroid,fdroid.org
pb-5daba76d9219ecb4,5daba76d9219ecb4efe91f1777a8d32ad6247f60ef7fc6e7af544ee5aa32c8c8,f_droid_real,benign,B,,es.jjrh.bikeradar,Bike Radar,24,1.3.0,fintech_utility,--,0,8057360,1981-01-01,,,,,,,,1,,,,,,,,,,,,,,1,1,,,,,,,,,,,,,,,1,,1,,,,1,,1,,,,,,,,,1,,,,,,,,,,,,,,1,,,,,,,,,,,,,,,,,,,,,,1,,,,,,,,,,,,,,,,,,,1,,,,,,,,,,,,1,1,,,,,,,,,,,,,,,,,,,,,,,,,,,,,,,,,,,,,,,,,,,,,,,,,,,,,,,,,,,,,,,,,,,,,,,,,,,,,,,,,,,,,,,,,,,,,,,,,,,,,,,,,,,,,,,,,,,,,,,,,1,,,,,,,,,,,,,,,,,,,,,,,,,,,,,,,,31,36,0,0,0,0,0,0,0,0,0,0,0,Bike Radar,6f1804bf06e5e387a8ff9ee88b8d42fc168e479913160a210a65af00fdf99a89,Bike Radar,JJRH
pb-5e5c49cfbdd1fc0c,5e5c49cfbdd1fc0c8e900da3621f738dca3351892b2212ccf8648e42f8f89de2,f_droid_real,benign,B,,dev.maartje.hetsaldo,Het Saldo,6,1.3.1,fintech_utility,--,0,22947684,1981-01-01,,,,,,,,,,,,,,,,,,,,,,,,,,,,,,,,,,,,,,,,,,,,,,,,,,,,,,,1,,,,,,,,,,,,,,,,,,,,,,,,,,,,,,,,,,,,,,,,,,,,,,,,,,,,,,,,,,,,,,,,,,,,,,,,,,,,,,,,,,,,,,,,,,,,,,,,,,,,,,,,,,,,,,,,,,,,,,,,,,,,,,,,,,,,,,,,,,,,,,,,,,,,,,,,,,,,,,,,,,,,,,,,,,,,,,,,,,,,,,,,,,,,1,,,,,,,,,,,,,,,,,,,,,,,,,,,,,,,,,21,35,0,0,0,0,0,0,0,0,0,0,0,Maartje Eyskens,9929d01526075eaabcc7bde081660f8c6b320943dc2fa35b59189c4ec53ca5fd,Maartje Eyskens,Blahaj Enterprises
pb-5ef8cabf4de2ef9d,5ef8cabf4de2ef9d015fbf465f59111ae8c9b96aa7968d1019c8aa9f86b3394f,f_droid_real,benign,B,,com.soumikshah.investmenttracker,Plutus,3,1.2.0,fintech_utility,--,0,6355130,1981-01-01,,,,,,,,,,,,,,,,,,,,,,,,,,,,,,,,,,,,,,,,,,,,,,,,,,,,,,,,,,,,,,,,,,,,,,,,,,,,,,1,,,,,,,,,,,,,,,,,,,,,,,,,,,,,,,,,,,,,,,1,,,1,,,,,,,,,1,,,,,,,,,,,,,,,,,,,,,,,,,,,,,,,,,,,,,,,,,,,,,,,,,,,,,,,,,,,,,,,,,,,,,,,,,,,,,,,,,,,,,,,,,,,,,,,,,,,,,,,,,,,,,,,,,,,,,,,,,,,,,,,,,,,,,,,,,,,,,,,,,,,23,30,0,0,0,0,0,0,0,0,0,0,0,FDroid,73b9977c5430a8c269fd9afd8da3b36821c8bdee862414a208ba2d990ee65f91,FDroid,fdroid.org
pb-5fac0ebcd9c71b64,5fac0ebcd9c71b6492e2f73aca3ee078d044e5da8b448ea1665b52a15dc64273,f_droid_real,benign,B,,com.bitcoin.sharedhaven.testnet,SharedHaven,4,1.6.7,mfs_wallet,--,0,80530637,1981-01-01,,,,,,,,,,,1,,,,,,,,,,,,,,,,,,,,,,,,,,,,,,,,,,,,,,,,,,,,1,,,,,,,,,,,,1,,,,,,,,,,,,,,,,,,,,,,,,,,,,,,,,,,,,,,,,,,,,,,,,,,,,,,,,,,,,,,,,,,,,,,,,,,,,,,,,,,,,,,,,,,,,,,,1,,,,,,,,,,,,,,,,,,,,,,,,,,,,,,,,,,,,,,,,,,,,,,,,,,,,,,,,,,,,,,,,,,,,,,,,,,,,,,,,,,,,,,,,,,,,,,,,,,,,,,,,,,,,,,,,,,26,35,0,0,0,0,0,0,0,0,0,0,0,FDroid,d896da1f215ff57f9655593d930f746003fa44917bc2b3f240166dcad890aaff,FDroid,fdroid.org
pb-606eefd5a22447b6,606eefd5a22447b604ad839942f1d5536579d7382f53638dc4c1a561a77ccf06,f_droid_real,benign,B,,com.baluchon.app,Baluchon,13,3.3,fintech_utility,--,0,1942981,1981-01-01,,,,,,,,,,,,,,,,,,,,,,,,,,,,,,,,,,,,,,,,,,,,,,,,,,,,,,,,,,,,,,,,,,,,,,,,,,,,,1,,,,,,,,,,,,,,,,,,,,,,,,,,,,,,,,,,,,,,,,,,,,,,,,,,,,,,,,,,,,,,,,,,,,,,,,,,,,,,,,,,,1,,,,,,,,,,,,,,,,,,,,,,,,,,,,,,,,,,,,,,,,,,,,,,,,,,,,,,,,,,,,,,,,,,,,,,,,,,,,,,,,,,,,,,,,,,,,,,,,,,,,,,,,,,,,,,,,,,,,26,37,0,0,0,0,0,0,0,0,0,0,0,Jérôme Ortais,127f807dd53b0b44263460d45bb4abf010c99e93e8fdd4039c4a415a98d570e4,Jérôme Ortais,Unknown
pb-6361494c45b9c9f8,6361494c45b9c9f88969c1a4c8e1ff1b9e4659d1dd6f9741dbd79d0b07ee7742,f_droid_real,benign,B,,com.brentpanther.litecoinwidget,Simple Litecoin Widget,23,1.3.1,crypto_wallet,--,0,942627,1980-01-01,,,,,,,,,,,,,,,,,,,,,,,,,,,,,,,,,,,,,,,,,,,,,,,,,,,,,,,1,,,,,,,,,,,,,,,,,,,,,,,,,,,,,,,,,,,,,,,,,,,,,,,,,,,,,,,,,,,,,,,,,,,,1,,,,,,,,,,,,,,,,,,,,,,,,,,,,,,,,,,,,,,,,,,,,,,,,,,,,,,,,,,,,,,,,,,,,,,,,,,,,,,,,,,,,,,,,,,,,,,,,,,,,,,,,,,,,,,,,,,,,,,,,,,,,,,,,,,,,,,,,,,,,,,,,,,,,,,,,,17,26,0,0,0,0,0,0,0,0,0,0,0,FDroid,48e6f95b5c114abcf12e8c170dc112a5de1e4f8de5cae55c456855318c173385,FDroid,fdroid.org
pb-64add70518a4df56,64add70518a4df56fbfa04927161a243b01551a042e16ad7f6836d578b595897,f_droid_real,benign,B,,com.bily,Bily,16,2.1.4,fintech_utility,--,0,10097622,1981-01-01,,,,,,,,,,,,,,,,,,,,,,,,,,,,,,,,,,,,,,,,,,,,,,,,,,,,,,,,,,,,,,,,,,,,,,,,,,,,,,,,,,,,,,,,,,,,,,,,,,,,,,,,,,,,,,,,,,,,,,,,,,,,,,,,,,,,,,,,,,,,,,,,,,,,,,,,,,,,,,,,,1,,,,,,,,,,,,,,,,,,,,,,,,,,,,,,,,,,,,,,,,,,,,,,,,,,,,,,,,,,,,,,,,,,,,,,,,,,,,,,,,,,,,,,,,,,,,,,,,,,,,,,,,,,,,,,,,,,,24,36,0,0,0,0,0,0,0,0,0,0,0,FDroid,b07825c24a103d5114cb8de8b1efd22fecd42bee60bf22adab4bf8a3b28a8195,FDroid,fdroid.org
pb-6650e817ea2127d1,6650e817ea2127d16046969fdc014ef164fca229b5587a410797c664f2e2fe2e,f_droid_real,benign,B,,nz.eloque.foss_wallet,FossWallet,119,0.49.1,mfs_wallet,--,0,13964390,1981-01-01,,,,,,,,,,,1,,,,,,,,,,,,,,,,1,,,,,,,,,,,1,,,,,,,,,,,,,,,,,1,,,,,,,,,,,,,,1,,,,,,,,,,,,,,,,,,,,,,1,,,,,,,,,,,,,,,,,,,,,,,,,,,,,,,,1,,,,,,,,,,,,,,,,,,,,,,,,,,,,,,,,,,,,,,,,,,,,,,,,,,,,,,,,,,,,,,,,,,,,,,,,,,,,,,,,,,,,,,,,,,,,,,,,,,,,,,,,,,,,,,,,,,,,,,,,,,,,,,,,,,,,,,,,,,,1,,,,,,,,,,,,,,28,37,0,0,0,0,0,0,0,0,0,0,0,SeineEloquenz,bf8af6d89e5595d95f4d229ec0fd971a3c752fdbabe83377230ef92c70444305,SeineEloquenz,
pb-66d2a92f5690eea3,66d2a92f5690eea317b93ec12a5068fe95000a6c11587644b7466b1ae4ed1bc8,f_droid_real,benign,B,,cz.jancejka.spayddecoder,SPAYD dekodér,6,1.1.2,psp_wallet,--,0,8454661,1981-01-01,,,,,,,,,,,,,,,,,,,,,,,,,,,1,,,,,,,,,,,,,,,,,,,,,,,,,,,,,,,,,,,,,,,,,,,,,,,,,,,,,,,,,,,,,,,,,,,,,,,,,,,,,,,,,,,,,,,,,,,,,,,,,,,,,,,,,,,,,,,,,,,,,,,,,,,,,,,,,,,,,,,,,,,,,,,,,,,,,,,,,,,,,,,,,,,,,,,,,,,,,,,,,,,,,,,,,,,,,,,,,,,,,,,,,,,,,,,,,,1,,,,,,,,,,,,,,,,,,,,,,,,,,,,,,,,,,,,,,,24,35,0,0,0,0,0,0,0,0,0,0,0,FDroid,b215b228f40c60e92d291cf09288d22dbd2d008f59693e4f0aa1c6ed05d22b64,FDroid,fdroid.org
pb-6b3b19d49beabe88,6b3b19d49beabe885a4256c920b781c02665da12c22e4c55f26ea2202a0310e8,f_droid_real,benign,B,,com.nickspatties.timeclock,TimeClock,1,1.0.1,fintech_utility,--,0,7492720,1981-01-01,,,,,,,,,,,,,,,,,,,,,,,,,,,,,,,,,,,,,,1,,,,,,,,,,,,,,,,,,,,,,,,,,,,,,,,,,,,,,,,,,,,,,,,,,,,,,,,,,,,,,,,1,,,1,,,,,,,,,,,,,,,,,,,,,,,,,,,,,,,,,,,,,,,,,,,,,,,,,,,,,,,,,,,,,,,,,,,,,,,,,,,,,,,,,,,,,,,,,,,,,,,,,,,,,,,,,,,,,,,,,,,,,,,,,,,,,,,,,,,,,,,,,,,,,,,,,,,,,,,,,,,,,,,,,,,,,,,,,,,21,31,0,0,0,0,0,0,0,0,0,0,0,FDroid,e3e468c4c4685cd72634086184d91661ad4cffc0db667fa8b84b86679a420d31,FDroid,fdroid.org
pb-6b90cfc4dc4b7aba,6b90cfc4dc4b7abad1b0df82f22e218d31c067ad47c5c2e9a4156e589b4f76ac,f_droid_real,benign,B,,app.bitbag,Bag,323,1.3.2,crypto_wallet,--,0,24509308,1981-01-01,,,,,,,,,,,1,,,,,,,,,,,,,,,,,,,,,,,,,,,1,,,,,,,1,,,,,,,,,,1,,,,,,,,,,,,,,1,,,,,,,,,,,,,,,,,,,,,,1,,,,,,,,,,,1,,,,,,,,,,,,,,,1,,,1,,1,1,,,,,,,,,,,,,1,,,,,,,,,,,,,,,,,,,,,,,,,,,,,,,,,,,,,,,,,,,,,,,,,,,,,,,,,,,,,,,,,,,,,,,,,,,,,,,,,,,,,,,,,,,,,,,,,,,,,,,,,,,,,,,,,,,,,,,,,,,,,,,,,,,,,,,,,,,,24,36,0,0,0,0,0,0,0,0,0,0,0,FDroid,e0c215e61c3495fde73de1e1c4d28338ef547375444f369c2f989e3e662c5073,FDroid,fdroid.org
pb-71cad24235e1eec7,71cad24235e1eec79cb6e472c206c76689bbc7c84de4d712a25b297f6dafc7fc,f_droid_real,benign,B,,com.emmanuelmess.simpleaccounting,Simple Accounting,23,1.6.1,fintech_utility,--,0,3613454,,,,,,,,,,,,,,,,,,,,,,,,,,,,,,,,,,,,,,,,,,,,,,,,,,,,,,,,,,,,,,,,,,,,,,,,,,,,,,,,,,,,,,,,,,,,,,,,,,,,,,,,,,,,,,,,,,,,,,,,,,,,1,,,,,,,,,,,,,,,,,,,,,,,,,,,,,,,,,,,,,,,,,,,,,,,,,,,,,,,,,,,,,,,,,,,,,,,,,,,,,,,,,,,,,,,,,,,,,,,,,,,,,,,,,,,,,,,,,,,,,,,,,,,,,,,,,,,,,,,,,,,,,,,,,,,,,,,,,14,28,0,0,0,0,0,0,0,0,0,0,0,FDroid,dc5ce614b5e95f65814e79d3121fa1ac3165838a1f63b21f01fda3c90894f23b,FDroid,fdroid.org
pb-721b5ff3fb3d9b21,721b5ff3fb3d9b21a31495c7a37da5f3daf212547cc92bafc800f7adeccd18ca,f_droid_real,benign,B,,com.vgorcum.minedmonero,minedmonero,2,1.1,crypto_wallet,--,0,1573305,1980-01-01,,,,,,,,,,,,,,,,,,,,,,,,,,,,,,,,,,,,,,,,,,,,,,,,,,,,,,,1,,,,,,,,,,,,,,,,,,,,,,,,,,,,,,,,,,,,,,,,,,,,,,,,,,,,,,,,,,,,,,,,,,,,,,,,,,,,,,,,,,,,,,,,,,,,,,,,,,,,,,,,,,,,,,,,,,,,,,,,,,,,,,,,,,,,,,,,,,,,,,,,,,,,,,,,,,,,,,,,,,,,,,,,,,,,,,,,,,,,,,,,,,,,,,,,,,,,,,,,,,,,,,,,,,,,,,,,,,,,,19,26,0,0,0,0,0,0,0,0,0,0,0,FDroid,6953cc3fdf88da8c44810739471f07b9b59be8760764705321e7c7f96f0d3d5d,FDroid,fdroid.org
pb-74e0413a044db2b8,74e0413a044db2b8044714a84b273ed5422fbedbec0fe973ba2150ef2d83e67e,f_droid_real,benign,B,,hashengineering.darkcoin.wallet,DashPay Wallet,11010205,11.1.2,mfs_wallet,--,0,191451616,1981-01-01,,,,,,,,1,1,,1,,,,,,,,,1,,1,,,,,1,,,,,,,,,,,1,,,1,,,,,,,,,,,,,,1,,,,,,,,,,,,1,,1,,,,,,,,,1,,,,,,,,,,,,,1,,,,,,,,,,,1,,,,,,,,,,,,,,,1,,,1,,1,1,,,,,,,,,,,,,,,,,,,,,,,,,,,,,,,,,,,,,,,,,,,,,,,,,,,,,,,,,,,,,,,,,,,,,,,,,,,,,,,,,,,,,,,,,,,,,,,,,,,,,,,,,,,,,,,,,,,,,,,,,,,,1,,,,,,,,,,,,,,,,,,,,,,,,,,,,,24,34,0,0,0,0,0,0,0,0,0,0,0,FDroid,2656bb8d57005bfdea3e9eec539b4abf01a69cd2acf511926193662d6483d847,FDroid,fdroid.org
pb-75ccfb66b9788290,75ccfb66b9788290c3b8077d5c95a9c3c2384e153298360f21eace241ccbdf12,f_droid_real,benign,B,,org.asafonov.monly,Monly,53,2.15,fintech_utility,--,0,275969,1981-01-01,,,,,,,,,,,,,,,,,,,,,,,,,,,,,,,,,,,,,,,,,,,,,,,,,,,,,,,1,,,,,,,,,,,,,,,,,,,,,,,,,,,,,,,,,,,,,,,,,,,,,,,,,,,,,,,,,,,,,,,,,,,,,,,,,,1,,,,,,,,,,,,,,,,,,,,,,,,,,,,,,,,,,,,,,,,,,,,,,,,,,,,,,,,,,,,,,,,,,,,,,,,,,,,,,,,,,,,,,,,,,,,,,,,,,,,,,,,,,,,,,,,,,,,,,,,,,,,,,,,,,,,,,,,,,,,,,,,,,,29,35,0,0,0,0,0,0,0,0,0,0,0,Alexander Safonov,35d29b4e4393e3ddc7de17168da642177097529469396f9ef9d26ea7e620bfbd,Alexander Safonov,Unknown
pb-768d89c88ae18876,768d89c88ae18876a7074ffd612a347d3ea986409ebe6219db2ad4f4dbf0dd45,f_droid_real,benign,B,,de.koelle.christian.trickytripper,Tricky Tripper,25,1.6.2,fintech_utility,--,0,1804412,1980-01-01,,,,,,,,,,,1,,,,,,,,,,,,,,,,,,,,,,,,,,,,,,,,,,,,,,,,,,,,1,,,,,,,,,,,,,,,,,,,,,,1,1,,,,,,,,,,,,,,,,,,,,,,,,,,,,,,,,,,,,,,,,,,,,,,,,,,,1,,,,,,,,,,,,,,,,,,,,,,,,,,,,,,,,,,,,,,,,,,,,,,,,,,,,,,,,,,,,,,,,,,,,,,,,,,,,,,,,,,,,,,,,,,,,,,,,,,,,,,,,,,,,,,,,,,,,,,,,,,,,,,,,,,,,,,,,,,,,,,,,,,,14,29,0,0,0,0,0,0,0,0,0,0,0,FDroid,61d47279cd4cf77a75ea945bc60ece4d5f121b99d8e4a919d38031b5614f5b0b,FDroid,fdroid.org
pb-777343be081efca9,777343be081efca91de9ce876038ab831459606822baff549ae2d26c037e74ca,f_droid_real,benign,B,,com.gideontek.phonetrack,PhoneTrack SMS,2,1.1,fintech_utility,--,0,10798929,1981-01-01,,,,,,,1,1,1,,,,,,,,,,,,,,,,,,,,,,,,,,,,,1,,,,1,,,,,,,,,,,,,,,,,,,,,,,,,,,1,,,,,,,,,,,,,,,,,,,,,,1,,,1,,,,,,,,,,,,1,,,,,,,,,,,,,,,,,,,,,,,,,,,,,,,,,,,,,,,,,,,,,,,,,,,,,,,,,,,,,,,,,,,,,,,,,,,1,,,,,,,,,,,,,,,,,,,,,,,,,,,,,,,,,,,,,,,,,,,,,,,,,,,,,,,,,,,,,,,,,,,,,,,,,,,,,,,,,,,,,,,,,,,,,,,26,35,0,0,0,0,0,0,0,0,0,0,0,FDroid,9d0053cadf75617e8b8d1ff9841b9f45e09b7189deb41b6dfa0804168a666647,FDroid,fdroid.org
pb-7bbdd994c2049d7f,7bbdd994c2049d7f527fe6a4d8046c4aeb6c6c459250e2a86f758479cb5f2bb5,f_droid_real,benign,B,,eth.brume.wallet,Brume Wallet,537,0.7.537,mfs_wallet,--,0,11426337,1981-01-01,,,,,,,,,,,,,,,,,,,,,,,,,,,,,,,,,,,,,,,,,,,,,,,,,,,,,,,1,,,,,,,,,,,,,,,,,,,,,,,,,,,,,,,,,,,,,,,,,,,,,,,,,,,,,,,,,,,,,,,,,,,,,,,,,,,,,,,,,,,,,,,,,,,,,,,,,,,,,,,,,,,,,,,,,,,,,,,,,,,,,,,,,,,,,,,,,,,,,,,,,,,,,,,,,,,,,,,,,,,,,,,,,,,,,,,,,,,,,,,,,,,,,,1,,,,,,,,,,,,,,,,,,,,,,,,,,,,,,,28,33,0,0,0,0,0,0,0,0,0,0,0,,4a066910f4a6544d117c078169428b70dcece086940ec3332d78119f679e6d4a,,hazae41
pb-7cc489edc3af0a28,7cc489edc3af0a283670845f2196e088f460efa9be837a870c033380defec0e8,f_droid_real,benign,B,,com.starry.greenstash,GreenStash,440,4.4.0,fintech_utility,--,0,7207896,1981-01-01,,,,,,,,,,,1,,,,,,,,,,,,,,,,,,,,,,,,,,,1,,,,,,,,,,,,,,,,,,,,,,,,,,,,,,,1,,,,,,,,,,,,,,,,,,,,,,1,,,,,,,,,,,,,,,,,,,,,,,,,,1,,,1,,,1,,,,,,,,,,,,,,,,,,,,,,,,,,,,,,,,,,,,,,,,,,,,,,,,,,,,,,,,,,,,,,,,,,,,,,,,,,,,,,,,,,,,,,,,,,,,,,,,,,,,1,,,,,,,,,,,,,,,,,,,,,,,,,,,,,,,,,,,,,,,,,,,,,,,,,,,,,24,37,0,0,0,0,0,0,0,0,0,0,0,FDroid,b110fe435921af7694334b3e99ff74a7e4559bc3fe395d0cd70cf001ad10a051,FDroid,fdroid.org
pb-815e57ae6881e4f7,815e57ae6881e4f73e0ea73f2c2f494cc23df380c5f264a6b1b796ca91119263,f_droid_real,benign,B,,com.oriondev.moneywallet,MoneyWallet,75,4.0.5.10,fintech_utility,--,0,16477464,,,,,,,,,,,,1,,,,,,,,,,,,,,,,,,,,,,,,,,,1,,,,,,,,,,,,,,,,,1,,,,,,,,,,,,,,,,,,,,,,,,,,,,,,,,,,,,1,,,,,,,,,,,,,,,,,,,,,,,,,,,,,1,,1,1,,,,,,1,,,,,,,,,,,,,,,,,,,,,,,,,,,,,,,,,,,,,,,,,,,,,,,,,,,,,,,,,,,,,,,,,,,,,,,,,,,,,,,,,,,,,,,,,,,,,,,,,,,,,,,,,,,,,,,,,,,,,,,,,,,,,,,,,,,,,,,,,,,,,,,,,,,21,29,0,0,0,0,0,0,0,0,0,0,0,FDroid,573a3866355abe6dc90c36981191de3cb720acb11b3da8a9f17d7d138fc042e5,FDroid,fdroid.org
pb-818050c1f0137349,818050c1f01373495763a8312f50cc7f48a7f3255e33542c34404858d2c97461,f_droid_real,benign,B,,com.polyalerts,PolyAlerts,14,0.2.8,fintech_utility,--,0,1924586,1981-01-01,,,,,,,,,,,1,,,,,,,,,,,,,,,,1,,,,,,,,,,,1,,,,,,,,,,,,,,,,,1,,,,,,,,,,,,,,1,,,,,,,,,,,,,,,,,,,,,,1,,,,,,,,,,,,,,,,,,,,,,,,,,,,,,,,1,,,,,,,,,,,,,,,,,,,,,,,,,,,,,,,,,,,,,,,,,,,,,,,,,,,,,,,,,,,,,,,,,,,,,,,,,,,,,,,,,,,,,,,,,,,,1,,,,,,,,,,,,,,,,,,,,,,,,,,,,,,,,,,,,,,,,,,,,,,,,,,,,,,,,,,,,,26,36,0,0,0,0,0,0,0,0,0,0,0,FDroid,6c601112492ffb5891124a85753a5114fdd1c34d03878211f12b0d1c8cea5c67,FDroid,fdroid.org
pb-822c45c472b5340d,822c45c472b5340d34cc63f3357d7c632df967e8772d71f4c77939b6748bdab5,f_droid_real,benign,B,,be.chvp.nanoledger,NanoLedger,2026070402,1.4.4,fintech_utility,--,0,13674947,1981-01-01,,,,,,,,,,,,,,,,,,,,,,,,,,,,,,,,,,,,,,,,,,,,,,,,,,,,,,,,,,,,,,,,,,,,,,,,,,,,,,,,,,,,,,,,,,,,,,,,,,,,,,,,,,,,,,,,,,,,,,,,,,,,,,,,,,,,,,,,,,,1,,,,,,,,,,,,,,,,,,,,,,,,,,,,,,,,,,,,,,,,,,,,,,,,,,,,,,,,,,,,,,,,,,,,,,,,,,,,,,,,,,,,,,,,,,,,,,,,,,,,,,,,,,,,,,,,,,,,,,,,,,,,,,,,,,,,,,,,,23,37,0,0,0,0,0,0,0,0,0,0,0,Charlotte Van Petegem,541fad2ab16c1fd8d464b28ee7031849ea1333a8e8e3016cd460fe22cbde2b61,Charlotte Van Petegem,Van Petegem
pb-85b74b788303d10c,85b74b788303d10cb4aacc72fa9697dff4431cfdcdde760d17c016debb1f87c4,f_droid_real,benign,B,,im.nfc.nfsee,NFSee,204003,2.4.0,bank_retail,--,0,22157615,1981-01-01,,,,,,,,,,,,,,,,,,,,,,,,,,,,,,,,,,,,,,,,,,,,,,,,,,,,,,,,,,,,,,,,,,,1,,,,,,,,,,,,,,,,,,,,,,,,,,,,,,,,,,,,,,,,,,,,,,,,,,,,,,,,,,,,,,,,,,,,,,,,,,,,,,,,,,,,,,,,,,,,,,,,,,,,,,,,,,,,,,,,,,,,,,,,,,,,,,,,,,,,,,,,,,,,,,,,,,,,,,,,,,,,,,,,,,,,,,,,,,,,,,,,,,,,,,1,,,,,,,,,,,,,,,,,,,,,,,,,,,26,34,0,0,0,0,0,0,0,0,0,0,0,FDroid,850180f3a0f4d2b5dca0bb4e16552c434ccaa7f3e2843d90eb96811a1c138726,FDroid,fdroid.org
pb-865ef4fbdc1836e4,865ef4fbdc1836e4a1522c5b6059e73d913fd6fe3763568779c94dc516b26a33,f_droid_real,benign,B,,com.jerameeldelosreyes.sushi,Sushi,15,1.15,fintech_utility,--,0,30316381,1981-01-01,,,,,,,,,,,1,,1,,,,,,,,,,,,,,,,,,,,,,,,,,,,,,,,,,,,,,,,,,1,,,,,,,,,,,,,,,,,,,,,,,,,,,,,,,,,,,,,,,,,,,,,,,,,,,,,,,,,,,,,,,,,,,,1,,,,,,1,,,,,,,,,,,,,,,,,,,,,,,,,,,,,,1,,,,,,,,,,,,,,,,,,,,,,,,,,,,,,,,,,,,,,,,,,,,,,,,,,,,,,,,,,,,,,,,,,,,,,,,,,,,,,,,,,,,,,,,,,,,,,,,,,,,,,,,,,,,,,,,,,,,,21,31,0,0,0,0,0,0,0,0,0,0,0,FDroid,c381df9364db8e9288b579e65efb6728fd165fc212a18fd6b273c042444186d9,FDroid,fdroid.org
pb-8c5401b330a41dbe,8c5401b330a41dbecd00d1694fdc1ea1ce8dd9f1da8f3be6782fa8d1602cde56,f_droid_real,benign,B,,im.status.ethereum,Status Legacy,2025102415,2.34.4,crypto_wallet,--,0,189092072,1981-01-01,,,,,,,,,1,,1,,1,,,,,,,,,,,,,,1,,,,,,,,1,,,1,,,,,,,,,1,,,,,,,,1,,,,,,,,,,,,1,,1,,,,,,,,,1,,1,,,,,,,,,,,1,,,,,,1,,,,,,,,,,,,,,,,,,,,1,,,1,,1,1,,,,,,1,,,,,,,,,,,,,,,,,,,,,,,,,,,,,,,,,,,,,,,,,,,,,,,,,,,,,,,,,,,,,,,,,,,,,,,,,,,,,,,,,,,,,,,,,,,,,,,,,,,,,,,,,,,,,,,,,,,,,,,,,1,,,,,,,,,,,,,,,,,,,,,,,,,,24,34,0,0,0,0,0,0,0,0,0,0,0,FDroid,6499f70e0c49db1f3f5076924f50a3b3cd265025ce34f413c7cbb19b09535abe,FDroid,fdroid.org
pb-8d8bb86861d9a31b,8d8bb86861d9a31bdee2192bb2eb83ddd393578c15b4c0f011dbd5e0d540fb7c,f_droid_real,benign,B,,com.sidhant.wallet,Wallet,4403,1.0.41,mfs_wallet,--,0,27007768,1981-01-01,,,,,,,,,,,,,,,,,,,,,,,,,,,1,,,,,,,,,,,,,,,,,,,,,,,,,,,,,,,,,,,,,,,,,,,,,,,,,,,,,,,,,,,,,,,,,,,,,,,,,,,,,,,,,,,,,,,,,,1,,,1,,,,,,,,,,,,,,,,,,,,,,,,,,,,,,,,,,,,,,,,,,,,,,,,,,,,,,,,,,,,,,,,,,,,,,,,,,,,,,,,,,,,,,,,,,,,,,,,,,,1,,,,,,,,,,,,,,,,,,,,,,,,,,,,,,,,,,,,,,,,,,,,,,,,,,,,,,,,,24,36,0,0,0,0,0,0,0,0,0,0,0,FDroid,89da6cb3d0c11c3659d5c0f637c49c7090c2710fdb253fd90fa1d97eb038c7d5,FDroid,fdroid.org
pb-8ec38d3bcf0fe08f,8ec38d3bcf0fe08ff2efff1d6cb8805f1b25885fec171cb6ac77f803307eccce,f_droid_real,benign,B,,de.dbauer.expensetracker,Expenses,67,0.21.3,fintech_utility,--,0,4080445,1981-01-01,,,,,,,,,,,1,,,,,,,,,,,,,,,,,,,,,,,,,,,1,,,,,,,,,,,,,,,,,,,,,,,,,,,,,,,1,,,,,,,,,,,,,,,,,,,,,,1,,,,,,,,,,,,,,,,,,,,,,,,,,1,,,1,,,1,,,,,,,,,,,,,,,,,,,,,,,,,,,,,,,,,,,,,,,,,,,,,,,,,,,,,,,,,,,,,,,,,,,,,,,,,,,,,,,,,,,,,,,,,,,,,,,,,,,,,,,,,,,,,,,,,,,,1,,,,,,,,,,,,,,,,,,,,,,,,,,,,,,,,,,,,,26,37,0,0,0,0,0,0,0,0,0,0,0,Dennis Bauer,3430fd44cfaf695f564ceb43254bae2a7bd775836a77ad807d6c3131dfdb8341,Dennis Bauer,
pb-95c3b2e8128b73b6,95c3b2e8128b73b6856edad7d0b265e8d417dc8d63168778266221a20278e9f1,f_droid_real,benign,B,,app.michaelwuensch.bitbanana,BitBanana,80,1.0.2,crypto_wallet,--,0,64642586,1981-01-01,,,,,,,,,,,1,,,,,,,,,,,,,,,,1,,,,,,,,,,,1,,1,1,,,,,,,,,,,,,,1,,,,,,,,,,,,1,,1,,,,,,,,,,,,,,,,,,,,,,,,,,,,,,,,,,,,,,,,,,,,,,,,1,,,1,,1,,,,,,,,,,,,,,,1,,,,,,,,,,,,,,,,,,,,,,,,,,,,,,,,,,,,,,,,,,,,,,,,,,,,,,,,,,,,,,,,,,,,,,,,,,,,,,,,,,,,,,,,,,,,,1,,,,,,,,,,,,,,,,,,,,,,,,,,,,,,,,,,,,,,,,,,,,,,26,35,0,0,0,0,0,0,0,0,0,0,0,Michael Wünsch,59034f46ae31a6989793d91cadc334425342c2724153126ed5f7e212cad6ba1f,Michael Wünsch,
pb-95fe61b997307df9,95fe61b997307df9cc15463a8d71bbdc9da6ae6e2bfbd8ff84d54a7eddc758e7,f_droid_real,benign,B,,de.cloneapps.crypto_prices,Crypto Prices,36,1.4.1,crypto_wallet,--,0,59149705,1981-01-01,,,,,,,,,,,1,,,,,,,,,,,,,,,,1,,,,,,,,,,,1,,,,,,,,,,,,,,,,,1,,,,,,,,,,,,,,,,,,,,,,,1,,,,,,,,,,,,,1,,,,,,,,,,,,,,1,,,,,,,,,,,,1,,,1,1,1,1,,,,,,1,,,,,,,,,,,,,,,,,,,,,,,,,,,,,,,,,,,,,,,,,,,,,,,,,,,,,,,,,,,,,,,,,,,,,,,,,,,,,,,,,,,,,,,,,,,,,,,,,,,,,,,,,,,,,,,,,,,,,,,,,,,,,,,,,,,,,,,,,,,,,,,,,,,23,31,0,0,0,0,0,0,0,0,0,0,0,FDroid,e0baafd70a7957b0721cf49c8f9ffd8dfa311ebfccf5e2c993b31c50f0a159be,FDroid,fdroid.org
pb-96f7d72abed871c1,96f7d72abed871c13bab8888c07cc50fb219502c8b29cfe97aff923ae4754c32,f_droid_real,benign,B,,com.georgeyt9769.cardabase,Cardabase,2403,1.9.0,mfs_wallet,--,0,23052888,1981-01-01,,,,,,,,,,,1,,,,,,,,,,,,,,,,1,,,,,,,,,,,,,,,,,,,,,,,,,,,,1,,,,1,,,,,,,,,,,,,,,,,,,1,,1,,1,,,,,,,,,,,,,,,1,,,,,,,,,,,,,,,,,,,,1,,,1,,1,,,,,,,1,,,1,,,,,,,,,,,,,,,,,,,,,,,,,,,,,,,,,,,,,,,,,,,,,,,,1,,,,,,,,,,,,,,,,,,,,,,,,,,,,,,,,,,,,,,,,,,,,,,,,,,,,,,,,,,,,,,,,,,,,,,,,,,,,,,,,,,,,,,,,,,,,,,,,25,36,0,0,0,0,0,0,0,0,0,0,0,Juraj Ondovcik,1d62f81cf191c91a374066fe0f4f6c8f8d03c81d0d2ed8a72848bfc981e57622,Juraj Ondovcik,Unknown
pb-97e650ed1af6d4af,97e650ed1af6d4afdf187268f21a8d4e4232a7fa9c98e9514bdb59980124066b,f_droid_real,benign,B,,com.xvzan.simplemoneytracker,Simple Money Tracker,20250704,0.8.11,fintech_utility,--,0,39796574,1981-01-01,,,,,,,,,,,,,,,,,,,,,,,,,,,,,,,,,,,,,,,,,,,,,,,,,,,,,,,,,,,,,,,,,,,,,,,,,,,,,,,,,,,,,,,,,,,,,,,,,,,,,,,,,,,,,,,,,,,,,,,,,,,,,,,,,,,,,,,,,,,,,,,,,,,,,,,,,,,,,,,,,,,,,,,,,,,,,,,,,,,,,,,,,,,,,,,,,,,,,,,,,,,,,,,,,,,,,,,,,,,,,,,,,,,,,,,,,,1,,,,,,,,,,,,,,,,,,,,,,,,,,,,,,,,,,,,,,,,,,24,36,0,0,0,0,0,0,0,0,0,0,0,FDroid,bd3011bb39c90dc501201507fdfc5f8e30afcd7f601a550e795fa5ae436ca9f1,FDroid,fdroid.org
pb-985f168221bb6f16,985f168221bb6f16459fc5616c195f6996896bb424a2c28c57755664a1cb7577,f_droid_real,benign,B,,net.adhikary.mrtbuddy,MRT Buddy,24,0.0.24,fintech_utility,--,0,18124714,1981-01-01,,,,,,,,,,,,,,,,,,,,,,,,,,,,,,,,,,,,,,,,,,,,,,,,,,,,,,,,,,,,,,,,,,,1,,,,,,,,,,,,,,,,,,,,,,,,,,,,,,,,,,,,,,,,,,,,,,,,,,,,,,,,,,,,,,,,,,,,,,,,,,,,,,,,,,,,,,,,,,,,,,,,,,,,,,,,,,,,,,,,,,,,,,,,,,,,,,,,,,,,,,,,,,,,,,,,,,,,,,,,,,,,,,,,,,,,,,,,,,,,,,,,,,,,,,,,,,,,1,,,,,,,,,,,,,,,,,,,,,24,35,0,0,0,0,0,0,0,0,0,0,0,Aniruddha Adhikary,c8e429053cbaaef66173725cac7e7a88fcc717d79f26569edeca09bcb7e97891,Aniruddha Adhikary,
pb-9a4f03129c0af898,9a4f03129c0af89883ece1005949f6515445c0b803240474ac77670d17a5f4a4,f_droid_real,benign,B,,com.huntercoles.pokerpayout,PokerPayout,24,1.1.12,fintech_utility,--,0,13654270,1981-01-01,,,,,,,,,,,,,,,,,,,,,,,,,,,,,,,,,,,,,,,,,,,,,,,,,,,,,,,,,,,,,,,,,,,,,,,,,,,,,,,,,,,,,,,,,,,,,,,,,,,,,,,,,,,,,,,,,,,,,,,,,,,,,,,,,,,,,,,,,,,,,,,,,,,,,,,,,,,,,,,,,,,,,,,,,,,,,,,,,,,,,,,,,,,,,,,,,,,1,,,,,,,,,,,,,,,,,,,,,,,,,,,,,,,,,,,,,,,,,,,,,,,,,,,,,,,,,,,,,,,,,,,,,,,,,,,,,,,,,26,34,0,0,0,0,0,0,0,0,0,0,0,Hunter Coles,0558e11420a97f212d7048f6b04351fdc82498f9d69cc5c0115270b5e2853de7,Hunter Coles,Fatline
pb-9b04b3daaa6a1ee3,9b04b3daaa6a1ee3b0fb280fec1a3052ab31e866ca36893d527631b42e740412,f_droid_real,benign,B,,net.eneiluj.moneybuster,MoneyBuster,40,0.1.20,fintech_utility,--,0,22797482,1981-01-01,,,,,,,,,,,1,,,,,,,,,,,,,,,,1,,,,,,,,,,,1,,,,,,,,,,1,,,,,,,1,,,,,,,,,,,,,,1,,,,,,,,,,,,,,,,,,,,,,1,,,,,,,,,,,,,,,,,,,,,,,,,,,,,,,1,1,,,,,,,,,,,,,,,,,,,,,,,,,,,,,,,,,,,,,,,,,,,,,,,,,,,,,,,,,,,,,,,,,,,,,,,,,,,,,,,,,,,,,,,,,,,,,,,,,,,,,,,,,,,,,,,,,,,,,,,,,,,,,,,,,,,,,,1,,,,,,,,,,,,,,,,,,,26,34,0,0,0,0,0,0,0,0,0,0,0,FDroid,08c81cefc0f240cb2ea47c2150fa83624538623a2e3a60c1cf7bd5c1a3176fea,FDroid,fdroid.org
pb-9b15698cca38bd41,9b15698cca38bd413081c18e1c1635fcd84007dfb2451a33f45047300ad4a75c,f_droid_real,benign,B,,com.isotjs.todosian,Todosian,9,2.1,fintech_utility,--,0,5149544,1981-01-01,,,,,,,,,,,1,,,,,,,,,,,,,,,,,,,,,,,,,,,1,,,,,,,,,,,,,,,,,,,,,,,,,,,,,,,1,,,,,,,,,,,,,,,,,,,,,,1,,,,,,,,,,,,,,,,,,,,,,,,,,,,,,,,1,,,,,,,,,,,,,,,,,,,,,,,,,,,,,,,,,,,,,,,,,,,,,,,,,,,,,,,,,,,,,,,,,,,,,,,,,,1,,,,,,,,,,,,,,,,,,,,,,,,,,,,,,,,,,,,,,,,,,,,,,,,,,,,,,,,,,,,,,,,,,,,,,,,,,,,,,,30,37,0,0,0,0,0,0,0,0,0,0,0,FDroid,a348c52917ecc4936cb2cbe2e2349454f058ca3e6e163bb1173edb1eca132db2,FDroid,fdroid.org
pb-9bca8ec899b49a89,9bca8ec899b49a890ebe8ec2fff3c1fa2b59838f0189ff27b0c999af42f91018,f_droid_real,benign,B,,com.tkton.wallet,TkTon,120,1.2,mfs_wallet,--,0,23740554,1981-01-01,,,,,,,,,,,1,,,,,,,,,,,,,,,,,,,,,,,,,,,,,,,,,,,,,,,,,,,,1,,,,,,,,,,,,,,,,,,,,,,,,,,,,,,,,,,,,,,,,,,,,,,,,,,,,,,,,,,,,,,,,,,,,,,,,,,,,,,,,,,,,,,,,,,,,,,,,,,,,,,,,,,,,,,,,,,,,,,,,,,,,,,,,,,,,,,,,,,,,,,,,,,,,,,,,,,,,,,,,,,,,,,,,,,,1,,,,,,,,,,,,,,,,,,,,,,,,,,,,,,,,,,,,,,,,,,,,,,,,,,26,33,0,0,0,0,0,0,0,0,0,0,0,FDroid,dfa21e981490fea552da69b60a78aa2514331aa2d521d9dc536dd89581d3afc9,FDroid,fdroid.org
pb-9bcd4dbc4ce89660,9bcd4dbc4ce89660d19c6998ae77e2ca5832b53d352112fc4f9d9c54092d7e73,f_droid_real,benign,B,,com.pixelpen.whereitwent.stable,Where It Went,30000,3.0,fintech_utility,--,0,6631532,1981-01-01,,,,,,,,,,,,,,,,,,,,,,,,,,,,,,,,,,,,,,,,,,,,,,,,,,,,,,,,,,,,,,,,,,,,,,,,,,,,,,,,,,,,,,,,,,,,,,,,,,,,,,,,,,,,,,,,,,,,,,,,,,,,,,,,,,,,,,,,,,,,,,,,,,,,,,,,,,,,,,,,,,,,,,,,,,,,,,,,,,,,,,,,,,,,,,,,,,,,,,,,,,,,,,,,,,,,,,1,,,,,,,,,,,,,,,,,,,,,,,,,,,,,,,,,,,,,,,,,,,,,,,,,,,,,,,,,,,,,,24,36,0,0,0,0,0,0,0,0,0,0,0,Where It Went,8de33a3e285b2503cb981167cb269ccf7077962fbb8e4a139d41f4af15ed61c1,Where It Went,PixelPen
pb-9dfb396a1e94cb2b,9dfb396a1e94cb2b88a44718089c4233d4308ea02fd37523c7a3809381e30a6e,f_droid_real,benign,B,,it.rfmariano.denaro,Denaro,20717912,2.7.0,fintech_utility,--,0,11613863,1981-01-01,,,,,,,,,,,1,,,,,,,,,,,,,,,,,,,,,,,,,,,1,,,,,,,,,,,,,,,,,,,,,,,,,,,,,,,,,,,,,,,,,,,,,,,,,,,,,1,,,,,,,,,,,,,,,,,,,,,,,,,,1,,,1,,,1,,,,,,,,,,,,,,,,,,,,,,,,,,,,,,,,,,,,,,,,,,,,,,,,,,,,,,,,,,,,,,,,,,,,,,,,,,,,,,,,,,,,,,,,,,,,,,,,,,,,,,,,,,,,,,,,,,,,,,,,,,,,,,,,,,,,,,,,,,,,,,,,,,,,,,,,,26,36,0,0,0,0,0,0,0,0,0,0,0,,202e9823f31448d4936eff7fe6f6dd74aec9234afb27e1e7a53a3dbecb30d35b,,
pb-9e2796156ac2ceaf,9e2796156ac2ceaf8bd92f8374f83e9979a210a06d8b9ac73d0f0ddddcd08296,f_droid_real,benign,B,,com.neuronencrypt.app,Neuron Encrypt,5,2.1.2,fintech_utility,--,0,3493446,1981-01-01,,,,,,,,,,,,,,,,,,,,,,,,,,,,,,,,,,,,,,1,,,1,,,,,,,,,,,,,,,,,,,,,,,,,,,,1,,,,,,,,,,,,,,,,,,,,,,,,,,,,,,,,,,,,,,,,,,,,,,,,,,,,,,,,,,,,,,,,,,,,,,,,,,,,,,,,,,,,,,,,,,,,,,,,,,,,,,,,,,,,,,,,,,,,,,,,,,,,,,,,,,,,,,,,,,1,,,,,,,,,,,,,,,,,,,,,,,,,,,,,,,,,,,,,,,,,,,,,,,,,,,,,,,,,,,,,,,,,,,,,24,34,0,0,0,0,0,0,0,0,0,0,0,FDroid,d7aaba54698cf0e840d05ecfb4ae6e0f9dc78311f580c685601c8455d4f5ec04,FDroid,fdroid.org
pb-9e980a602dd38786,9e980a602dd38786c5c7ff1ddd3a0eb3eade7035afa6f23256d03049c037cbbf,f_droid_real,benign,B,,net.ktnx.mobileledger,MoLe,58,0.21.9,fintech_utility,--,0,5810140,1981-01-01,,,,,,,,,,,,,,,,,,,,,,,,,,,,,,,,,,,,,,,,,,,,,,,,,,,,,,,1,,,,,,,,,,,,,,,,,,,,,,,,,,,,,,,,,,,,,,,,,,,,,,,,,,,,,,,,,,,,,,,,,,,,,,,,,,,,,,,,,,,,,,,,,,,,,,,,,,,,,,,,,,,,,,,,,,,,,,,,,,,,,,,,,,,,,,,,,,,,,,,,,,,,,,,,,,,,,,,,,,,,,,,,,,,,,,,,,,,,,,,,,,,,,,,,,,,,,,,,,,,,,,,,,,,,,,,,,,,,,22,31,0,0,0,0,0,0,0,0,0,0,0,FDroid,109f449e10ee162f0bd3c1bb2d557add12cb7385d8b05a3985ef0bcf861ddb3a,FDroid,fdroid.org
pb-a02b64c18d0ec43a,a02b64c18d0ec43adfe87686551416a4c68f36db3a25122fc474797eb4880aee,f_droid_real,benign,B,,app.crescentcash.src,Crescent,120,1.13.9,crypto_wallet,--,0,9839433,1980-01-01,,,,,,,,,,,1,,,,,,,,,,,,,,,,1,,,,,,,,,,,,,,,,,,,,,,,,,,,,1,,,,,,,,,,,,,,,,,,,,,,1,1,,,,,,,,,,,,,,,,,,,,,,,,,,,,,,,,,,,,,,,,,,,,1,,,,,,,1,,,,,,,,,,,,,,,,,,,,,,,,,,,,,,,,,,,,,,,,,,,,,,,,,,,,,,,,,,,,,,,,,,,,,,,,,,,,,,,,,,,,,,,,,,,,,,,,,,,,,,,,,,,,,,,,,,,,,,,,,,,,,,,,,,,,,,,,,,,,,,,,,,,23,29,0,0,0,0,0,0,0,0,0,0,0,FDroid,098c3b2a766b9b1a0f7209cf4e87f98067c2daf35c8ea89484934cd186c6f6f4,FDroid,fdroid.org
pb-a71287d3526ae60c,a71287d3526ae60cf542b326b74ada7cc8ed83c58316f87ff9c51df3917871ef,f_droid_real,benign,B,,com.decred.decredaddressscanner,Decred Address Scanner,10,1.10,crypto_wallet,--,0,4547941,1981-01-01,,,,,,,,,,,,,,,,,,,,,,,,,,,1,,,,,,,,,,,,,,,,,,,,,,,,,,,,1,,,,,,,,,,,,,,,,,,,,,,,,,,,,,,,,,,,,1,,,,,,,,,,,,,,,,,,,,,,,,,,,,,,,,,,,,,,,,,,,,,,,,,,,,,,,,,,,,,,,,,,,,,,,,,,,,,,,,,,,,,,,,,,,,,,,,,,,,,,,,,,,,,,,,,,,,,,,,,,,,,,,,,,,,,,,,,,,,,,,,,,,,,,,,,,,,,,,,,,,,,,,,,,,,,,,,,,,,,,,,,16,30,0,0,0,0,0,0,0,0,0,0,0,FDroid,35a0af6ded2e52c8baf93d52b80950f0bc9f6ee89fa4e6eb4eefbe10156b049c,FDroid,fdroid.org
pb-aca80d5cb30fc780,aca80d5cb30fc780cd2fbc977fcfa16e2f47ec55463d3152ae848629ae558253,f_droid_real,benign,B,,ch.swissbitcoinpay.checkout,Swiss Bitcoin Pay,469004,2.6.5,psp_wallet,CH,0,55997260,1981-01-01,,,,,,,,,,,1,,,,,,,,,1,1,1,1,,,,1,,,,,,,,,,,1,,1,1,,,,,,,,,,,,,,1,,,,,,,,,,,,1,,,,,,,,,,,1,,,,,,,,,,,,,,,,,,,,,,,,,,,,,,,,,,,,,,,1,,,1,,1,,,,,,,1,,,,,,,,,,,,,1,,,,,,,,,,,,,,,,,,,,,,,,,,,,,,,,,,,,,,,,,,,,,,,,,,,,,,,,,,,,,,,,,,,,,,,,,,,,,,,,,,,,,,,,,,,,,,,,,,,,,,,,,,,,,,,,,,,,,,,,,,,,,,,,,,,,,,26,36,0,0,0,0,0,0,0,0,0,0,0,FDroid,f9f85450b2a4f57b3ab7e2e95517a8cf1921ec45f6c402e60fe05231659ae980,FDroid,fdroid.org
pb-af3d0b37ab5799d6,af3d0b37ab5799d6f13d8e0049fa1e64dc1188e400d4714c1a2dc133ba8acb85,f_droid_real,benign,B,,com.bote.app,Bote,23,3.0,psp_wallet,--,0,5581426,1981-01-01,,,,,,,,,,,1,,,,,,,,,,,,,,,,1,,,,,,,,,,,1,,,,,,,,,,,,,,,,,1,,,,,,,,,,,,,,1,,,,,,,,1,,,,,,,,,,,,,,1,,,,,,,,,,,,,,,,,,,,,,,,,,,,,,,,1,,,,,,,,,,,,,,,,,,,,,,,,,,,,,,,,,,,,,,,,,1,,,,,,,,,,,,,,,,,,,,,,,,,,,,,,,,,,,,,,,,,,,,,,,,,,,,,,,,,,,,,,,,,,,,,,,,,,,,,,,,,,,,,,,,,,,,,,,,,,,,,,,,,,,,,,,,26,34,0,0,0,0,0,0,0,0,0,0,0,Bote,b74213890f52e816ad6a6734887529b7f2c8edb7da09e110f620369a5acfa963,Bote,
pb-b3608a275fe58985,b3608a275fe58985b5eebdecde40f23f13178625c083f317af32c22fd987addc,f_droid_real,benign,B,,io.github.dorumrr.happytaxes,HappyTaxes,10,1.0.9,fintech_utility,--,0,28630349,1981-01-01,,,,,,,,,,,1,,,,,,,,,,,,,,,,1,,,,,,,,,,,1,,,,,,,,,,,,,,,,,,,,,,,,,,,,,,,1,,,,,,,,,1,,1,,,,,,,,,,,1,,,,,,,,,,,,,,,,,,,,,,,,,,1,,,1,,,1,,,,,,1,,,,,,,,,,,,,,,,,,,,,,,,,,,,,,,,,,,,,,,,,,,,,,,,,,,,,,,,,,,,,,,,,,,,,,,,,,,,,,,,,,,,,,,,,,,,,,,,,,,,,,,,,,,,,,,,,,,,,,,,,,1,,,,,,,,,,,,,,,,,,,,,,,,,26,36,0,0,0,0,0,0,0,0,0,0,0,Doru Moraru,6803c37a6c8efc3ca4747305a15377d2e3680569b4101efbd01e9c5016320b42,Doru Moraru,Unknown
pb-b5a52921e73b5421,b5a52921e73b54212746775c2e44a045e02650dfd8471c9fd5a495881e03a09d,f_droid_real,benign,B,,com.cointrend,CoinTrend,10304,1.3.4,crypto_wallet,--,0,4143042,1981-01-01,,,,,,,,,,,,,,,,,,,,,,,,,,,,,,,,,,,,,,,,,,,,,,,,,,,,,,,1,,,,,,,,,,,,,,,,,,,,,,,,,,,,,,,,,,,,,,,,,,,,,,,,,,,,,,,,,,,,,,,,,,,,,,,,,,,,,,,,,,,,,,,,,,,,,,,,,,,,,,,,,,,,,,,,,,1,,,,,,,,,,,,,,,,,,,,,,,,,,,,,,,,,,,,,,,,,,,,,,,,,,,,,,,,,,,,,,,,,,,,,,,,,,,,,,,,,,,,,,,,,,,,,,,,,,,,,,,,,,,23,36,0,0,0,0,0,0,0,0,0,0,0,FDroid,7cd921b81b45552115984fbd841b00e11ea8d7b5b5bde62230e5bb085053599a,FDroid,fdroid.org
pb-b930ae94b95afc55,b930ae94b95afc554b7cd3258fd78cf5d78b0022b60f74305d9d270f660e9a37,f_droid_real,benign,B,,com.nighthawkapps.wallet.android,Nighthawk,20216800,2.2.16,mfs_wallet,--,0,98634471,1981-01-01,,,,,,,,,,,1,,,,,,,,,,,,,,,,1,,,,,,,,,,,1,,,,,,,,,,,,,,,,,1,,,,,,,,,,,,,,1,,,,,,,,,,,,,,,,,,,,,,1,,,,,,,,,,,,,,,,,,,,,,,,,,1,,,1,,1,1,,,,,,,,,,,,,,,,,,,,,,,,,,,,,,,,,,,,,,,,,,,,,,,,,,,,,,,,,,,,,,,,,,,,,,,,,,,,,,,,,,,,,1,,,,,,,,,,,,,,,,,,,,,,,,,,,,,,,,,,,,,,,,,,,,,,,,,,,,,,,,,,,,,,,,,,,,27,34,0,0,0,0,0,0,0,0,0,0,0,FDroid,7f6c9e7583f02db93358c2825ef6f60b6ed3024618d785baf0900d114e5c79b5,FDroid,fdroid.org
pb-bbeda401f4f9a07b,bbeda401f4f9a07b641a05dd87a59d55bcaea161b161c12dd24a92fee132c905,f_droid_real,benign,B,,hashengineering.groestlcoin.wallet_test,Groestlcoin Wallet TestNet,102002,10.20,mfs_wallet,--,0,7665918,1981-01-01,,,,,,,,,,,1,,,,,,,,,1,,1,,,,,1,,,,,,,,,,,1,,1,1,,,,,,,,,,,,,,1,,,,,,,,,,,,1,,1,,,,,,,,,,,,,,,,,,,,,,1,,,,,,,,,,,1,,,,,,,,,,,,,,,,,,,,1,1,,,,,,,,,,,,,,,,,,,,,,,,,,,,,,,,,,,,,,,,,,,,,,,,,,,,,,,,,,,,,,,,,,,,,,,,,,,,,,,,,,,,,,,,,,,,,,,,,,,,,,,,,,,,,,,,,,,,,,,,,,,,,,,,,,,,,,,,,,,,,,,,,,,,,,,,,26,34,0,0,0,0,0,0,0,0,0,0,0,FDroid,f4553ee5af3cce355b5fa77a6fa7c55c4323c7d7f2d9242f9c7f37bf6298f415,FDroid,fdroid.org
pb-bdb4bb0cb196dc82,bdb4bb0cb196dc823eef7f3555b62d6ba8dcbb36d817fba612557c6f7f0ce526,f_droid_real,benign,B,,app.rapidsplit,RapidSplit,40202,4.2.2,fintech_utility,--,0,673987,1981-01-01,,,,,,,,,,,,,,,,,,,,,,,,,,,1,,,,,,,,,,,,,,,,,,,,,,,,,,,,1,,,,,,,,,,,,,,,,,,,,,,,,,,,,,,,,,,,,,,,,,,,,,,,,,,,,,,,,,,,,,,,,,,,,,,,,,,,,,,,,,,,,,,,,,,,,,,,,,,,,,,,,,,,,,,,,,,,,,,,,,,,,,,,,,,,,,,,,,,,,,,,,,,,,,,,,,,,,,,,,,,,,,,,,,,,,,,,,,,,,,,,,,,,,,,,,,,,,,,,,,,,,,,,,,,,,,,,,,,,,,21,35,0,0,0,0,0,0,0,0,0,0,0,RapidSplit,b284a1a8bcfbb0ed2eb5878f72a393dd3be985fc009a350b5a868e11ba9a0933,RapidSplit,hantig
pb-c074faf61e908933,c074faf61e90893390bbcc45fd86aa1138024b8abf3f83cfddfcd20a3ecf6b44,f_droid_real,benign,B,,hisapkitap.com,hisapkitap,33,1.0.2,psp_wallet,--,0,20356922,1981-01-01,,,,,,,,,,,,,,,,,,,,,,,,,,,,,,,,,,,,,,,,,,,,,,,,,,,,,,,,,,,,,,,,,,,,,,,,,,,,,,,,,,,,,,,,,,,,,,,,,,,,,,,,,,,,,,,,,,,,,,,,,,,,,,,,,,,,,,,,,,,,,,,,,,,,,,,,,,,,,,,,,,,,,,,,,,,,,,,,,,,,,,,,,,,,,,,,,,,,,,,,,,,,,,,,,,,,,,,,,,,,,,,,,,,,,,,,,,,,,,,,,,,,,,,,1,,,,,,,,,,,,,,,,,,,,,,,,,,,,24,36,0,0,0,0,0,0,0,0,0,0,0,Manisana Meetei,224a9e8fcfa7690c8d081f288c43038b1aaa5a0edeef64d9490f93ebd75f3d6c,Manisana Meetei,Hisap Kitap
pb-c4c320f8acb78fa1,c4c320f8acb78fa110c82900af9a9a9e1bde7d72e70cb5bc645a7bbc70e404f3,f_droid_real,benign,B,,com.a4a.g8invoicing,g8,60,1.8.2,psp_wallet,--,0,10189747,1981-01-01,,,,,,,,,,,,,,,,,,,,,,,,,,,,,,,,,,,,,,,,,,,,,,,,,,,,,,,1,,,,,,,,,,,,,,,,,,,,,,,1,,,,,,,,,,,,,,,,,,,,,,,,,,,,,,,,,,,,,,,,,,,,,,,,,,,1,,,,,,,,,,,,,,,1,,,,,,,,,,,,,,,,,,,,,,,,,,,,,,,,,,,,,,,,,,,,,,,,,,,,,,,,,,,,,,,,,,,,,,,,,,,,,,,,,,,,,,,,,,,,,,,,,,,,,,,,,,,,,,,,,,,,,,,,,,,,,,,,,,,,26,36,0,0,0,0,0,0,0,0,0,0,0,FDroid,add1c7879dc4ac35de05f4faff51e527fb32c07a8b575d2a4335c3bd77d7a188,FDroid,fdroid.org
pb-c4f3d19987e0f83f,c4f3d19987e0f83f897abf9d36a858193eb0b89023a24192fe12f9aece1896b8,f_droid_real,benign,B,,com.concealnetwork.concealmobile,Conceal Mobile,55,6.0.4,mfs_wallet,--,0,7563501,1981-01-01,,,,,,,,,,,1,,,,,,,,,,,,,,,,1,,,,,,,,,,,,,,,,,,,,,,,,,,,,1,,,,,,,,,,,,,,,,,,,,1,,,,,,,,,,,,,,,,,,,,,,,,,,,,,,,,,,,,,,,,,,1,,,1,,,1,,,1,,,,,,,,,,,,,,,,,,,,,,,,,,,,,,,,,,,,,,,,,,,,1,,,,,,,,,,,,,,,,,,,,,,,,,,,,,,,,,,,,,,,,,,,,,,,,,,,,,,,,,,,,,,,,,,,,,,,,,,,,,,,,,,,,,,,,,,,,,,,,,,,,,,,,,,22,35,0,0,0,0,0,0,0,0,0,0,0,Acktarius,90dcc62357308cee4dd62d24b150154272bab6c50b3056ca4f06c9bbc34aa74b,Acktarius,Conceal Network
pb-c5449aa142521bfa,c5449aa142521bfa9f2bf9eebe7c77899c80ebf116b8f5737bfe3857fe1351fa,f_droid_real,benign,B,,info.tangential.cone,cone,28,0.2.20,fintech_utility,--,0,18693467,1980-01-01,,,,,,,,,,,,,,,,,,,,,,,,,,,,,,,,,,,,,,,,,,,,,,,,,,,,,,,,,,,,,,,,,,,,,,,,,,,,,,,,,,,,,,,,,,,,,,,,,,,,,,,,,,,,,,,,,,,,,,,,,,,,,,,,,,,,,,,,,,,,,,,,,,,,,,,,,,,,,,,,,,,,,,,,,,,,,,,,,,,,,,,,,,,,,,,,,,,,,,,,,,,,,,,,,,,,,,,,,,,,,,,,,,,,,,,,,,,,,,,,,,,,,,,,,,,,,,,,,,,,,,,,,,,,,,,,,,,,19,28,0,0,0,0,0,0,0,0,0,0,0,FDroid,5635e66869898b05a3cbaf7f0e35f65388f8bf869a2a9bc0d96862729d2cdbc9,FDroid,fdroid.org
pb-c7fbb7a62636fc74,c7fbb7a62636fc74f33ce443e4a844979782fd5ff3616d4c9cf80e0cf93645e1,f_droid_real,benign,B,,com.tombursch.kitchenowl,KitchenOwl,124,0.7.10,fintech_utility,--,0,79890095,1981-01-01,,,,,,,,,,,1,,,,,,,,,,,,,,,,,,,,,,,,,,,,,,,,,,,,,,,,,,,,1,,,,,,,,,,,,,,,,,,,,,,,,,,,,,,,,,,,,1,,,,,,,,,,,,,,1,,,,,,,,,,,,,,,,,,1,,,,,,,,,,,,,,,,,,,,,,,,,,,,,,,,,,,,,,,,,,,,,,,,,,,,,,,,,,,,,,,,,,,,,,,,,,,,,,,,,,,,,,,,,,,,,,,,,,,,,,,,1,,,,,,,,,,,,,,,,,,,,,,,,,,,,,,,,,,,,,,,,,,,,,,,,,24,36,0,0,0,0,0,0,0,0,0,0,0,FDroid,71039d6a92ccad12f017685e112d74eee40ccc2f8731d9d10352310d194d6d22,FDroid,fdroid.org
pb-cbe56f2fa7f6d472,cbe56f2fa7f6d472b559f3d25c74d9bb67f39fcd67d9a1e3ee529e78b347f0dc,f_droid_real,benign,B,,com.wagebit.app,WageBit,1,0.1.0,crypto_wallet,--,0,2502690,1981-01-01,,,,,,,,,,,,,,,,,,,,,,,,,,,,,,,,,,,,,,,,,,,,,,,,,,,,,,,,,,,,,,,,,,,,,,,,,,,,,,,,,,,,,,,,,,,,,,,,,,,,,,,,,,,,,,,,,,,,,,,,,,,,,,,,,,,,,,,,,,,,,,,,,,,,,,,,,,,,,,,,,,,,,,,,,,,,,,,,,,,,,,,,,,,,,,,,,,,,,,,,,,,,,,,,,,,,,,,,,,,,,,,,,,,,,,,,,,,,,,,,,,,,,,,,,,,,,,,,,,,,,,,,,,,,,,,,,,,,23,34,0,0,0,0,0,0,0,0,0,0,0,WageBit,3be80023393ec5714d620c84be33fbb832e33f7268cd1b3814b44065272b94ef,WageBit,WageBit
pb-cc9f89cdec613482,cc9f89cdec61348292b8717c7f48b2f6b1ceaf767ee1972ac61a21d3d6369be6,f_droid_real,benign,B,,askanimus.arbeitszeiterfassung2,Working Time Account,211013,2.11.013,fintech_utility,--,0,7895119,1981-01-01,,,,,,,,,,,,,,,,,,,,,,,,,,,,,,,,,,,,,,,,,,,,,,,,,,,,,,,,,,,,,,,,,,,1,,1,,,,,,,,,1,,,,,,,,,,,,,1,,,,,,,,,,,,,,,,,,,,,,,,,,,,,,,,,,,,,,1,,,,,,,,,1,,,,,,,,,,,,,,,,,,,,,,,,,,,,,,,,,,,,,,,,,,,,,,,,,,,,,,,,,,,,,,,,,,,,,,,,,,,,,,,,,,,,,,,,,,,,,,,,,,,,,,,,,,,,,,,,,,,,,,,,,,,,,,,,,,,,,,,,,,26,36,0,0,0,0,0,0,0,0,0,0,0,Askanimus,ee6c8949703d230e4ee54e7dd3b938e891eb7c7821f86e83f22fbc8175be2483,Askanimus,
pb-cd7e4c6ae237568a,cd7e4c6ae237568a1b02ba17b94212b5fc73c44ad02cc39400f456b3875d5b1e,f_droid_real,benign,B,,nz.eloque.quits,Quits,13,0.10.0,fintech_utility,--,0,10752222,1981-01-01,,,,,,,,,,,1,,,,,,,,,,,,,,,,,,,,,,,,,,,1,,,,,,,,,,,,,,,,,1,,,,,,,,,,,,,,,,,,,,,,,,,,,,,,,,,,,,1,,,,,,,,,,,,,,,,,,,,,,,,,,,,,,,,1,,,,,,,,,,,,,,,,,,,,,,,,,,,,,,,,,,,,,,,,,,,,,,,,,,,,,,,,,,,,,,,,,,,,,,,,,,,,,,,,,,,,,,,,,,,,,,,,,,,,,,,,,,,,,,,,,,,,,,,,,,,,,,,,,,,,,,,,,,,,1,,,,,,,,,,,,,28,37,0,0,0,0,0,0,0,0,0,0,0,,23f205a919b08ff729bae421512247d9ff0efc168b21a01fa4c747c18aa98b47,,Quits
pb-d1b6354764c504db,d1b6354764c504db986381c9e9c7652718c12dc06b7ac49bf646f3a13c2b0327,f_droid_real,benign,B,,com.example.mempal,Mempal,20,2.0,crypto_wallet,--,0,28743874,1981-01-01,,,,,,,,,,,1,,,,,,,,,,,,,,,,,,,,,,,,,,,1,,,1,,,,,,,,,,,,,,1,,,,,,,,,,,,,,1,,,,,,,,,,,,,,,,,,,,,,1,,,,,,,,,,,,,,,,,,,,,,,,,,,,,,,,1,,,,,,,,,,,,,,,,,,,,,,,,,,,,,,,,,,,,,,,,,,,,,,,,,,,,1,,,,,,,,,,,,,,,,,,,,,,,,,,,,,,,,,,,,,,,,,,,,,,,,,,,,,,,,,,,,,,,,,,,,,,,,,,,,,,,,,,,,,,,,,,,,,,,,,,,,,24,35,0,0,0,0,0,0,0,0,0,0,0,aeonBTC,c1a48b5a792369aacfb1655fb39449718109d67dfbbd507bc31d4e3e07a04e39,aeonBTC,
pb-d59bc59bf0c713f1,d59bc59bf0c713f185a6a838c1dfb5f8d83bdfcd710d35015e9e4b056fd59cda,f_droid_real,benign,B,,com.brentpanther.bitcoinwidget,Simple Crypto Widget,347,8.8.2,crypto_wallet,--,0,3798784,1981-01-01,,,,,,,,,,,1,,,,,,,,,,,,,,,,,,,,,,,,,,,1,,,,,,,,,,,,,,,,,1,,,,,,,,,,,,,,,,,,,,,,,,,,,,,,,,,,,,1,,,,,,,,,,,,,,,,,,,,,,,,,,,,,,,,1,,,,,,,,,,,,,,,,,,,,,,,,,,,,,,,,,,,,,,,,,,1,,,,,,,,,,,,,,,,,,,,,,,,,,,,,,,,,,,,,,,,,,,,,,,,,,,,,,,,,,,,,,,,,,,,,,,,,,,,,,,,,,,,,,,,,,,,,,,,,,,,,,,,,,,,,,,23,37,0,0,0,0,0,0,0,0,0,0,0,FDroid,f113501ad51f3b45c89615de1507530b799c27671fabebcd2c51b07e9fa81712,FDroid,fdroid.org
pb-d726effb18e3ef50,d726effb18e3ef50340dd9d4019565895808e492ff1d57f6e50fee9c9eff3b44,f_droid_real,benign,B,,mobi.boilr.boilr,Boilr,9,0.7.0,crypto_wallet,--,0,880924,2017-01-01,,,,,,,,,,,1,,,,,,,,,,,,,,,,,,,,,,,1,,,,,,,,,,,,,,,,,,,,,1,,,,,,,,,,,,,,,,,,,,,,,1,,,,,,,,,,,,,1,,,,,,,,,,,,,,,,1,,,,,,,,,,,,,,,1,1,,,,,,,,,,,,,,,,,,,,,,,,,,,,,,,,,,,,,,,,,,,,,,,,,,,,,,,,,,,,,,,,,,,,,,,,,,,,,,,,,,,,,,,,,,,,,,,,,,,,,,,,,,,,,,,,,,,,,,,,,,,,,,,,,,,,,,,,,,,,,,,,,,,,,,,,,15,24,0,0,0,0,0,0,0,0,0,0,0,FDroid,afb83bcda1358c4a49ff71e9ba6d01e72167cfff503a78738b4f509ecefe72aa,FDroid,fdroid.org
pb-d980bc5aac0b98d9,d980bc5aac0b98d95fe171817fca78ca797ab3dd3426d6f779f012db097d9400,f_droid_real,benign,B,,co.timsmart.vouchervault,Voucher Vault,29,1.1.11,fintech_utility,--,0,22561421,1981-01-01,,,,,,,,,,,,,,,,,,,,,,,,,,,1,,,,,,,,,,,,,,,,,,,,,,,,,,,,,,,,,,,,,,,,,,,,,,,,,,,1,,,,,,,,,,,,,,,,,,,,,,,,,,,,,,,,,,,,,,,1,,,1,,,1,,,,,,,,,,,,,,,,,,,,,,,,,,,,,,,,,,,,,,,,,,,,,,,,,,,,,,,,,,,,,,,,,,,,,,,,,,,,,,,,,,,,,,,,,,,,,,,,,,,,,,,,,,,,,,,,,,,,,,,,,,,,,,,,,,,,,,,,,,,,,,,,,,,,,,,,,22,31,0,0,0,0,0,0,0,0,0,0,0,FDroid,9d993096b5882482aa51c3a386035a409881eb3964c4809840e53609293d9428,FDroid,fdroid.org
pb-dc1c00becc97f979,dc1c00becc97f979b614ac7714a12375f3a50550250bbfbe2ea134c80f0d215b,f_droid_real,benign,B,,de.freewarepoint.whohasmystuff,Who Has My Stuff?,43,1.1.3,fintech_utility,--,0,5886108,1981-01-01,,,,,,,,,,,,,,,,,,,,,,,,,,,,,,,,,,,,,,,,,,,,,,,,,,,,,,,,,,,,,,,,,,,,,,,,,,,,,1,,,,,,,,,,,,,,,,,,,,,,,,,,,,,,,,,,,,,,,,,,,,,,,,,,,,,,,,,,,,,,,,,,,,,,,,,,,,,,,,,,,,,,,,,,,,,,,,,,,,,,,,,,,,,,,,,,,,,,,,,,,,,,,,,,,,,,,,,,,,,,,,,,,,,,,,,,,,,,,,,,,,1,,,,,,,,,,,,,,,,,,,,,,,,,,,,,,,,,,,26,36,0,0,0,0,0,0,0,0,0,0,0,FDroid,0d51a9fbff4d55f7a2f1986060fb40ab50b5e79c722a6eb127ad04c687f39b75,FDroid,fdroid.org
pb-dcb4eee0c66f7659,dcb4eee0c66f7659159f07bc9846b0d64f98ef8f9137cb0c646fc9bfd3638bf9,f_droid_real,benign,B,,com.github.dmitrykouznetsov.softplusoptions,SoftPlus Options,6002,0.5.1,fintech_utility,--,0,19009999,1981-01-01,,,,,,,,,,,,,,,,,,,,,,,,,,,,,,,,,,,,,,,,,,,,,,,,,,,,,,,,,,,,,,,,,,,,,,,,,,,,,,,,,,,,,,,,,,,,,,,,,,,,,,,,,,,,,,,,,,,,,,,,,,,,,,,,,,,,,,,,,,,,,,,,,,,,,,,,,,,,,,,,,,,,,,,,,,,,,,,,,,,,,,1,,,,,,,,,,,,,,,,,,,,,,,,,,,,,,,,,,,,,,,,,,,,,,,,,,,,,,,,,,,,,,,,,,,,,,,,,,,,,,,,,,,,,,,,,,,,,,24,36,0,0,0,0,0,0,0,0,0,0,0,Dmitry Kouznetsov,0d18312c067a38d3d550db219170bdcde00e5b59ece2d5f9978ad84ed7e9c4da,Dmitry Kouznetsov,Unknown
pb-e0965a354b911263,e0965a354b9112636759379883f078e5bd20f00142af39ab1569693e47ff5991,f_droid_real,benign,B,,com.nishantboro.splititeasy,Split It Easy,1,1.0,fintech_utility,--,0,3062592,1980-01-01,,,,,,,,,,,,,,,,,,,,,,,,,,,,,,,,,,,,,,,,,,,,,,,,,,,,,,,,,,,,,,,,,,,,,,,,,,,,,,,,,,,,,,,,,,,,,,,,,,,,,,,,,,,,,,,,,,,,,,,,,,,,,,,,,,,,,,,,,,,,,,,,,,,,,,,,,,,,,,,,,,,,,,,,,,,,,,,,,,,,,,,,,,,,,,,,,,,,,,,,,,,,,,,,,,,,,,,,,,,,,,,,,,,,,,,,,,,,,,,,,,,,,,,,,,,,,,,,,,,,,,,,,,,,,,,,,,,,15,29,0,0,0,0,0,0,0,0,0,0,0,FDroid,a66894ffcedd6d7d4eebbdfc1960089a5e8db71fc577054bbe101b09626e1130,FDroid,fdroid.org
pb-e1bba5ce61149579,e1bba5ce611495798eb990758afb4a7d685075e02f45de27761092965bac64bb,f_droid_real,benign,B,,com.amanoteam.kurt,Just Delete Me,19,1.9,fintech_utility,--,0,4626266,1981-01-01,,,,,,,,,,,,,,,,,,,,,,,,,,,,,,,,,,,,,,,,,,,,,,,,,,,,,,,,,,,,,,,,,,,,,,,,,,,,,,,,,,,,,,,,,,,,,,,,,,,,,,,,,,,,,,,,,,,,,,,,,,,,,,,,,,,,,,,,,,,,,,,,,,,,,,,,,,,,,,,,,,,,,,,,,,,,,,,,,,,,,,,,,,,,,,,,,,,,,,,,,,,,,,,,,,,,,,,,,,,,,,,,,,,,,,,,,,,,,,,,,,,,,,,,,,,,,,,,,,,,,,,,,,,,,,,,,,,,21,37,0,0,0,0,0,0,0,0,0,0,0,FDroid,b5482962d26f4abb4fae286062175a6097a3ea189821b68ce37f879bf99fe220,FDroid,fdroid.org
pb-e8d8e4e573685b7f,e8d8e4e573685b7ff70f0a4f184bada76bbb4f44f4beecea1d7b459f65e7351c,f_droid_real,benign,B,,business.braid.f_wallet,fWallet,120,1.2.0,mfs_wallet,--,0,37058205,1981-01-01,,,,,,,,,,,,,,,,,,,,,,,,,,,,,,,,,,,,,,,,,,,,,,,,,,,,,,,1,,,,,,,,,,,,,,,,,,,,,,,,,,,,,,,,,,,,,,,,,,,,,,,,,,,,,,,,,,,,,,,,,,,,,,,,,,,,,,,,,,,,,1,,,,,,,,,,,,,,,,,,,,,,,,,,,,,,,,,,,,,,,,,,,,,,,,,,,,,,,,,,,,,,,,,,,,,,,,,,,,,,,,,,,,,,,,,,,,,,,,,,,,,,,,,,,,,,,,,,,,,,,,,,,,,,,,,,,,,,,,21,34,0,0,0,0,0,0,0,0,0,0,0,fWallet,8b3707147ce32fc1de5dfc6699736932891546620b63bf2f6eb06cd2fc32ad55,fWallet,fWallet
pb-f67fd4c8878bde27,f67fd4c8878bde279a0b847e8ef4ce67035b0653b5dc8447442f614ef056becc,f_droid_real,benign,B,,com.github.saikcaskey.pokertracker,PokerTracker,2,0.1.1,fintech_utility,--,0,2515439,1981-01-01,,,,,,,,,,,,,,,,,,,,,,,,,,,,,,,,,,,,,,,,,,,,,,,,,,,,,,,,,,,,,,,,,,,,,,,,,,,,,,1,,,,,,1,,,,,,,,,,,,,,,,,,,,,,,,,,,,,,,,,,,,,,,,,,,,,1,,,,,,,,,,,,,,,,,,,,,,,,,,,,,,,,,,,,,,,,,,,,,,,,,,,,,,,,,1,,,,,,,,,,,,,,,,,,,,,,,,,,,,,,,,,,,,,,,,,,,,,,,,,,,,,,,,,,,,,,,,,,,,,,,,,,,,,,,,,,,,,,,,,,26,36,0,0,0,0,0,0,0,0,0,0,0,FDroid,bea3d16b26ee64f0ff51b2c2a619c9776d5e5905d834832e0df266efb6252467,FDroid,fdroid.org
pb-f75b250e92d08142,f75b250e92d0814287c5195f0a7c3f49588a38506ec70c85300d13a1e2f41040,f_droid_real,benign,B,,net.taler.merchantpos,Taler POS,25,1.6.2,fintech_utility,--,0,6583329,1981-01-01,,,,,,,,,,,1,,,,,,,,,,,,,,,,1,,,,,,,,,,,,,,,,,,,,,,,,,,,,1,,,,,,,,,,,,1,,,,,,,,,,,,,,,,,,,,,,,,,,,,,,,,,,,,,,,,,,,,,,,,,,,,,,,,,,,,,,,,,,,,,,,,,,,,,,,,,,,,,,,,,,,,,,,,,,,,,,,,,,,,,,,,,,,,,,,,,,,,,,,,,,,,,,,,,,,,,,,,,,,,,,,,,,,,,,,,,,,,,,,,,,,,,,,,,,,,,,,,,,,,,,,,1,,,,,,,,,,,,,,,,,23,36,0,0,0,0,0,0,0,0,0,0,0,FDroid,b04ff682fc889dc2f650bbd3c637525ae25688e033ff9687df4818603469b101,FDroid,fdroid.org
pb-faf689193af5f3db,faf689193af5f3db940091132f063913331144e63c258dca6d27216a73ae50c3,f_droid_real,benign,B,,com.blogspot.e_kanivets.moneytracker,Money Tracker,46,2.3.0,fintech_utility,--,0,5940305,1981-01-01,,,,,,,,,,,,,,,,,,,,,,,,,,,,,,,,,,,,,,,,,,,,,,,,,,,,,,,1,,,,,,,,,,,,,,,,,,,,,,,,,,,,,,,,,,,,,,,,,,,,,,,,,,,,,,,,,,,,,,,,,,,,,,,,,,,,,,,,,,,,,,,,,,,,,,,,,,,,,,,,,,,,,,,,,,,,,,,,,,,,,,,,,,,,,,,,,,,,,,,,,,,,,,,,,,,,,,,,,,,,,,,,,,,,,,,,,,,,,,,,,,,,,,,,,,,,,,,,,,,,,,,,,,,,,,,,,,,,,21,34,0,0,0,0,0,0,0,0,0,0,0,FDroid,46746a37e29f4f250693b009a21baaa45db68729b64cfe68bf849afc8667d2ae,FDroid,fdroid.org
pb-fd1c5c94e5fc1e72,fd1c5c94e5fc1e72ba947774b72454332aafb79a7b691e833d51c3820cd35550,f_droid_real,benign,B,,com.coinerella.peercoin,Peercoin,160,1.4.8,mfs_wallet,--,0,76834412,1981-01-01,,,,,,,,,,,1,,,,,,,,,,,,,,,,1,,,,,,,,,,,1,,,,,,,,,,,,,,,,,1,,,,,,,,,,,,,,1,,,,,,,,,,,,,,,1,,,,,,,1,,,,,,1,,,,,,,,1,,,,,,,,,,,,1,,,1,,1,1,,,,,,,,,,,,,,,,,,,,,,,,,,,,,,,,,,,,,,,,,,,,,1,,,,,,,,,,,,,,,,,,,,,,,,,,,,,,,,,,,,,,,,,,,,,,,,,,,,,,,,,,,,,,,,,,,,,,,,,,,,,,,,,,,,,,,,,,,,,,,,,,,,,,,,,,,,26,36,0,0,0,0,0,0,0,0,0,0,0,FDroid,2285113c23174660b6844d6b2108f359b2b6464d039199d0b99a6c9048feb833,FDroid,fdroid.org
pb-fd51165c363f7c80,fd51165c363f7c802fa6ae2d6ab4d36d5de80e85fd1679878124ff94615e4a8c,f_droid_real,benign,B,,com.kazispin.money_logs,Money Logs,2,1.0.1,fintech_utility,--,0,22575736,1981-01-01,,,,,,,,,,,,,,,,,,,,,,,,,,,,,,,,,,,,,,,,,,,,,,,,,,,,,,,1,,,,,,,,,,,,,,,,,,,,,,,1,,,,,,,,,,,,,,,,,,,,,,,,,,,,,,,,,,,,,,,,,,,,,,,,,,,1,,,,,,,,,,,,,,,,,,,,,,,,,,,,,,,,,,,,,,,,,,,,,,,,,,,,,,,,,,,,,,,,,,,,,,,,,,,,,,,,,,,,,,,,,,,,,,,,,,,,,,,,,,,,,,,,,,,,,,,,,,,,,,,,,,,,,,,,,,,,,,,,,,,16,31,0,0,0,0,0,0,0,0,0,0,0,FDroid,166b8c9452c3f227d6ee46f84168adddf175976b1aaa684b968bfd51c0a1637f,FDroid,fdroid.org
pb-fdf8f1befbb9b33f,fdf8f1befbb9b33f205093b4bc4f5b778a4ed45b39e7e4ad5ef2136893d21a21,f_droid_real,benign,B,,com.greenaddress.abcore,ABCore,77,0.77,crypto_wallet,--,0,1279986,1980-01-01,,,,,,,,,,,1,,1,,,,,,,,,,,,,,,,,,,,,,,,,1,,,,,,,,,,,,,,,,,1,,,,,,,,,,,,,,,,,,,,,,,,,,,,,,,,,,,,,,,,,,,,,,,,,,,,,,,,,,,,,,,,,,,,,,,,,,1,,,,,,,,,,,,,,,,,,,,,,,,,,,,,,,,,,,,,,,,,,,,,,,,,,,,,,,,,,,,,,,,,,,,,,,,,,,,,,,,,,,,,,,,,,,,,,,,,,,,,,,,,,,,,,,,,,,,,,,,,,,,,,,,,,,,,,,,,,,,,,,,,,,21,28,0,0,0,0,0,0,0,0,0,0,0,FDroid,bdb6e1dab295b0aece017d440e2f50945fb9765ac78f70e338921744dac24a25,FDroid,fdroid.org
pb-fef093c1b72dd0ff,fef093c1b72dd0ff6492e6c944a9403b553d7654b297d5b28c19570143914ba5,f_droid_real,benign,B,,io.github.pitonite.exch_cx,eXch.,18000,1.4.0,fintech_utility,--,0,3384002,1981-01-01,,,,,,,,,,,1,,,,,,,,,,,,,,,,1,,,,,,,,,,,1,,,,,,,,,,,,,,,,,1,,,,,,,,,,,,,,1,,,,,,,,,,,,,,,,,,,,,,1,,,,,,,,,,,,,,,,,,,,,,,,,,,,,,,,1,,,,,,,,,,,,,,,,,,,,,,,,,,,,,,,,,,,,,,,,,,,,,,,,,,,,,,,,,,,,,,,,,,,,,,,,,,,,,,,,,,,,,,,,,,,,,,,,,,,,,,,,,,,,,,,,,,,,,,,,,,,,,,,,,1,,,,,,,,,,,,,,,,,,,,,,,,24,34,0,0,0,0,0,0,0,0,0,0,0,exch.cx,a16429d6ef0f9b2171efe0151082e17e10fdb08e032dc13d9c84a7758aeb5b68,exch.cx,exch.cx
pb-0d686dbcbca6b6f0,0d686dbcbca6b6f0e05fea2e40d28df302c7554d662112e79b058d3a411317b5,f_droid_real,benign,B,,com.simonimal.minimalcurconv,Minimal Currency Converter,1,1.0,fintech_utility,--,0,2379346,1981-01-01,,,,,,,,,,,,,,,,,,,,,,,,,,,,,,,,,,,,,,,,,,,,,,,,,,,,,,,,,,,,,,,,,,,,,,,,,,,,,,,,,,,,,,,,,,,,,,,,,,,,,,,,,,,,,,,,,,,,,,,,,,,,,,,,,,,,,,,,,,,,,,,,,,,,,,,,,,,,,,,,,,,,,,,,,,,,,,,,,,,,,,,,,,,,,,,,,,,,,,,,,,,,,,,,,,,,,,,,,,,,1,,,,,,,,,,,,,,,,,,,,,,,,,,,,,,,,,,,,,,,,,,,,,,,,,,,,,,,,24,34,0,0,0,0,0,0,0,0,0,0,0,simone buscemi,644f41ab47a7da7a53e0efa01267ec23b31e3d461c4eae714727839e258c8f88,simone buscemi,ioStesso
pb-0eea65d472f0567b,0eea65d472f0567b5750433cc9038d9c26fae4cce1f2e2f5149be768479000ae,f_droid_real,benign,B,,org.veilproject.wallet,Veil Wallet,273,1.0.21,crypto_wallet,--,0,23068148,1981-01-01,,,,,,,,,,,,,,,,,,,,,,,,,,,1,,,,,,,,,,,,,,,,,,,,,,,,,,,,1,,,,,,,,,,,,,,,,,,,,,,,1,,,,,,,,,,,,,,,,,,,,,,,,,,,,,,,,,,,,,,,1,,,1,,,,,,,,,,,,,,,,,,,,,,,,,,,,,,,,,,,,,,,,,,,,,,,,,,,,,,,,,,,,,,,,,,,,,,,,,,,,,,,,,,,,,,,,,,,,,,,,,,,,,,,,,,,,,,,,,,,,,,,,,,,,,,,,,,,,,,,,,,,,,,,,,,,,,,,,,,1,,23,34,0,0,0,0,0,0,0,0,0,0,0,Ivan Yurkov,833a9590e84cbbf03ecaa9ed97d931ea63428594700fecdf29e38af1d181d677,Ivan Yurkov,Unknown
pb-1739b54535ea6984,1739b54535ea6984f6d98c9dccfcc19bb7858fe679152e44a7e8f35de174c165,f_droid_real,benign,B,,org.eagsoftware.basiccashflow,BasicCashFlow,3,3.0,fintech_utility,--,0,5953618,1981-01-01,,,,,,,,,,,,,,,,,,,,,,,,,,,,,,,,,,,,,,,,,,,,,,,,,,,,,,,,,,,,,,,,,,,,,,,,,,,,,,,,,,,,,,,,,,,,,,,,,,,,,,,,,,,,,,,,,,,,,,,,,,,,,,,,,,,,,,,,,,,,,,,,,,,,,,,,,,,,,,,,,,,,,,,,,,,,,,,,,,,,,,,,,,,,,,,,,,,,,,,,,,,,,,,,,,,,,,,,,,,,,,,,,,,,,,,,,,,,,,,,,,,,,,,,,,,,,,,,,,,,,,,,,,1,,,,,,,,,,26,36,0,0,0,0,0,0,0,0,0,0,0,Giovanni A.,afbd67fad9be2807411fc238f8c28bc68710220c4a22781ebaacebc3e9ef282f,Giovanni A.,EAGsoftware
pb-1ade5ad7a9bca951,1ade5ad7a9bca951efc08c9b9d20d7a2b8f37d846ffa44a68f6517efbf2b0488,f_droid_real,benign,B,,org.juanro.autumandu,Autu Mandu,604,6.0.4,fintech_utility,--,0,4081986,1981-01-01,,,,,,,,1,1,,1,,,,,,,,,,,,,,,,,,,,,,,,,,,1,,,,,,,,,,,,,,,,,1,,,,,,,,,,,,,,1,,,,,,,,,1,,,,,,,,,,,,,1,,,,,,,,,,,,,,,,,,,,,,,,,,,,,,,,1,,,,,,1,,,,,,,,,,,,,,,,,,,,,,,,,,,,,,,,,,,,,,,,,,,,,,,,,,,,,,,,,,,,,,,,,,,,,,,,,,,,,,,,,,,,,,,,,,,,,,,,,,,,,,,,,,,,,,,,,,,,,,,,,,,,,,,,,,,,,,,,,,,,1,,,,,,,26,37,0,0,0,0,0,0,0,0,0,0,0,Juan Roberto García,01d83fd1855b65ed94b77cecbf35d237033674e0c61303f2bde02d0efda3f743,Juan Roberto García,
pb-1b2f35f99dff9c26,1b2f35f99dff9c26812c3650b6c2754dabd85b024dcd692e6f2c3aea698b8bda,f_droid_real,benign,B,,org.ligi.passandroid,PassAndroid,373,3.7.3,psp_wallet,--,0,3663282,1981-01-01,,,,,,,,,,,1,,,,,,,,,,,,,,,,,,,,,,,,,,,,,,,,,,,,,,,,,,,,1,,,,,,,,,,,,,,1,,,,,,,,,1,,,,,,,,,,,,,,,,,,,,,,,,,,,,,,,,,,,,,,,,,,,,,,,,,,,1,,,,,,,,,,,,,,,,,,,,,,,,,,,,,,,,,,,,,,,,,,,,,,,,,,,,,,,,,,,,,,,,,,,,,,,,,,,,,,,,,,,,,,,,,,,,,,,,,,,,,,,,,,,,,,,,,,,,,,,,,,,,,,,,,,,,,,,,,,,,,1,,,,,,14,33,0,0,0,0,0,0,0,0,0,0,0,FDroid,5fc75c1dc489562314eee00c9d057133f00b4b1dc35f8cf6d200a6837570b7a8,FDroid,fdroid.org
pb-4a5b968782511442,4a5b968782511442af78cb5c19aba93e8f8aca00dd7f3b8a9aa58937ff5835f5,f_droid_real,benign,B,,org.ebur.debitum,Debitum,23,1.7.2,fintech_utility,--,0,5919886,1981-01-01,,,,,,,,,,,,,,,,,,,,,,,,,,,,,,,,,,,,,,,,,,,,,,,,,,,,,,,,,,,,,,,,,,,,,,,,,,,,,1,,,,,,,,,,,,,,,,,,,,,,,,,,,,,,,,,,,,,,,,,,,,,,,,,,,,,,,,,,,,,,,,,,,,,,,,,,,,,,,,,,,,,,,,,,,,,,,,,,,,,,,,,,,,,,,,,,,,,,,,,,,,,,,,,,,,,,,,,,,,,,,,,,,,,,,,,,,,,,,,,,,,,,,,,,,,,,,,,,,,,,,,,,,,,,,,,,,,,,,24,32,0,0,0,0,0,0,0,0,0,0,0,FDroid,f0e8bb790b5ff8dd0b97e0e8153c16329fda1ebfce11b7c6935430789380ed89,FDroid,fdroid.org
pb-4e965df239af3164,4e965df239af31646098afeec56263a3aa038588fbc255658724724b0879f144,f_droid_real,benign,B,,org.encointer.wallet,Encointerwallet,915,1.18.11,crypto_wallet,--,0,84412351,1981-01-01,,,,,,,,,,,1,,,,,,,,,,,,,,,,1,,,,,,,,,,1,,,,,,,,,,,,,,,,,,1,,,,,,,,,,,,,,1,,,,,,,,,,,,,,,,,,,,,,1,,,,,,,,,,,,,,,,,,,,,,,,,,1,,,1,,1,,,,,,,,,,,,,,,,,,,,,,,,,,,,,,,,,,,,,,,,,,,,,,,,,,,,,,,,,,,,,,,,,,,,,,,,,,,,,,,,,,,,,,,,,,,,,,,,,,,,,,,,,,,,,,,,,,,,,,,,,,,,,,,,,,,,,,,,,,,,,,,,,,1,,,,,,,,24,36,0,0,0,0,0,0,0,0,0,0,0,FDroid,5b920ba3cbb3b04f1073f29395a2315370ac7f3d20c0fa173ec7af070458965e,FDroid,fdroid.org
pb-5a82665972e48f2e,5a82665972e48f2eeb78450bc5a58a42a03c548fa215487a15e0bb0b46be01d4,f_droid_real,benign,B,,com.offlinecurrencyconverter.app,Offline Currency Converter,6,0.5.0,fintech_utility,--,0,12294666,1981-01-01,,,,,,,,,,,1,,,,,,,,,,,,,,,,,,,,,,,,,,,1,,,,,,,,,,,,,,,,,1,,,,,,,,,,,,,,,,,,,,,,,,,,,,,,,,,,,,1,,,,,,,,,,,,,,,,,,,,,,,,,,,,,,,,1,,,,,,,,,,,,,,,,,,,,,,,,,,,,,,,,,,,,,,,,,,,,,,,,,,,,,,,,,,,,,,,,,,,,,,,,,,,,,,,,,,,,,,,,1,,,,,,,,,,,,,,,,,,,,,,,,,,,,,,,,,,,,,,,,,,,,,,,,,,,,,,,,,,,,,,,,,26,36,0,0,0,0,0,0,0,0,0,0,0,Unknown,8eb5018585cd596a947421729ad608f661e6e6b07618d2ff1434980afc4f69f9,Unknown,Unknown
pb-739fae2c6facab68,739fae2c6facab68c3e4706995d232bbb278216f0a214a3d04b34cf0d67d6bc5,f_droid_real,benign,B,,xyz.hisname.fireflyiii,Photuris III,112,5.0.7,fintech_utility,--,0,5457333,1981-01-01,,,,,,,,,1,,1,,,,,,1,,,,,,,,,,,,,,,,,,,,,1,,,,,,,,,,,,,,,,,1,,,,,,,,,,,,,,,,,,,,,,,,,,,,,,,,,,,,1,,,,,,,,,,,,,,,,,,,,,,,,,,1,,,1,,1,1,,,,,,,,,,,,,,,,,,,,,,,,,,,1,,,,,,,,,,,,,,,,,,,,,,,,,,,,,,,,,,,,,,,,,,,,,,,,,,,,,,,,,,,,,,,,,,,,,,,,,,,,,,,,,,,,,,,,,,,,,,,,,,,,,,,,,,,,,,,,,,,,,,,,,,,,,,23,30,0,0,0,0,0,0,0,0,0,0,0,FDroid,e765baae47b7691d055b408c197d5a8ae90eb76442667e286e4f01cf6f6aac9f,FDroid,fdroid.org
pb-84d8aa09635922c8,84d8aa09635922c8b43b593a4b8ed5731bfb75a7bece53b03dbc35853f51b29f,f_droid_real,benign,B,,ua.com.radiokot.lnaddr2invoice,LN Address to Invoice,8,1.4.1,fintech_utility,--,0,2447694,1981-01-01,,,,,,,,,,,,,,,,,,,,,,,,,,,,,,,,,,,,,,,,,,,,,,,,,,,,,,,1,,,,,,,,,,,,,,,,,,,,,,,,,,,,,,,,,,,,,,,,,,,,,,,,,,,,,,,,,,,,,,,,,,,,,,,,,,,,,,,,,,,,,,,,,,,,,,,,,,,,,,,,,,,,,,,,,,,,,,,,,,,,,,,,,,,,,,,,,,,,,,,,,,,,,,,,,,,,,,,,,,,,,,,,,,,,,,,,,,,,,,,,,,,,,,,,,,,,,,,,,,,,,,,,,,,,,,,,,,,,1,21,35,0,0,0,0,0,0,0,0,0,0,0,Oleg Koretsky,7fb81b777ce2521269c6844e563aa5bc4da4b97269ff3721952f3b445c741146,Oleg Koretsky,Radiokot
pb-8597d07666fb801e,8597d07666fb801ee8d800824fcfe3e403c06e0387001309774eba6a928999ca,f_droid_real,benign,B,,org.secuso.privacyfriendlyfinancemanager,Finance Manager,100,2.3.2,fintech_utility,--,0,14384512,1981-01-01,,,,,,,,,,,,,,,,,,,,,,,,,,,,,,,,,,,,,,,,,,,,,,,,,,,,,,,,,,,,,,,,,,,,,,,,,,,,,,,,,,,,,,,,,,,,,,,,,,,,,,,,,,,,,,,,,,,,,,,,,,,,,,,,,,,,,,,,,,,,,,,,,,,,,,,,,,,,,,,,,,,,,,,,,,,,,,,,,,,,,,,,,,,,,,,,,,,,,,,,,,,,,,,,,,,,,,,,,,,,,,,,,,,,,,,,,,,,,,,,,,,,,,,,,,,,,,,,,,,,,,,,,,,,,,,,1,,,,21,34,0,0,0,0,0,0,0,0,0,0,0,FDroid,8fbb6454b115502e2b5b18a5a74012c3af4d8f5361453ac408621e0f3875b247,FDroid,fdroid.org
pb-9f84a8189c59ee10,9f84a8189c59ee1080f9a1cc0ea02403373b3bb7d3e957925d0d337684b75f40,f_droid_real,benign,B,,com.github.muellerma.prepaidbalance,Prepaid Balance,40,2.11,fintech_utility,--,0,2928825,1981-01-01,,,,,,,,,,,1,,,,,,,,,,,,,,,1,,,,,,,,,,,,1,,,,,,,,,,,,,,,,,,,,,,,,,,,,,,,1,,,,,,,,,1,,,,,,1,,,,,,,1,,,,,,,,,,,,,,,,,,,,,,,,,,,,,,,,1,,,,,,1,,,,,,,,,,,,,,,,,,,,,,,,,,,,,,,,,,,,,,,,,,,,,,,,,,,,,,,1,,,,,,,,,,,,,,,,,,,,,,,,,,,,,,,,,,,,,,,,,,,,,,,,,,,,,,,,,,,,,,,,,,,,,,,,,,,,,,,,,,,,,,,,,,,,26,35,0,0,0,0,0,0,0,0,0,0,0,FDroid,f988c24d62161d4f586ea56a3f7abb477fc30140e9082fd3927f53bafe6ced3e,FDroid,fdroid.org
pb-a755f6fa4ef77a74,a755f6fa4ef77a74c46dd2d9cad20852db3023041ab224f288af95238cd8d10e,f_droid_real,benign,B,,org.magicgrants.skylight,Skylight Wallet,4023,1.0.11,crypto_wallet,--,0,65595811,1981-01-01,,,,,,,,,,,1,,,,,,,,,,,,,,,,1,,,,,,,,,,,1,,,,,,,,,,,,,,,,,1,,,,,,,,,,,,,,1,,,,,,,,,1,,,,,,,,,,,,,1,,,,,,1,,,,,,,,,,,,,,,,,,,,1,,,1,,1,1,,,,,,1,,,1,,,,,,,,,,,,,,,,,,,,,,,,,,,,,,,,,,,,,,,,,,,,,,,,,,,,,,,,,,,,,,,,,,,,,,,,,,,,,,,,,,,,,,,,,,,,,,,,,,,,,,,,,,,,,,,,,,,,,,,,,,,,,,,,,,,,,,,,,,,1,,,,,24,36,0,0,0,0,0,0,0,0,0,0,0,Artur Nunes,15fa527885f7042110304d1af00881072709bd38e9842caf9cd89e08061c5e52,Artur Nunes,MAGIC Grants
pb-ad9951f0fbf5208c,ad9951f0fbf5208ca32b3a689fc8a62019f770e77ce8ef778163fbb4a29ed2b2,f_droid_real,benign,B,,net.yukh.currency,Currency Converter,60800,0.6.8,fintech_utility,--,0,11441803,1981-01-01,,,,,,,,,,,1,,,,,,,,,,,,,,,,,,,,,,,,,,,,,,,,,,,,,,,,,,,,1,,,,,,,,,,,,,,1,,,,,,,,,,,,,,,,,,,,,,1,,,,,,,,,,,,,,,,,,,,,,,,,,,,,,,,1,,,,,,,,,,,,,,,,,,,,,,,,,,,,,,,,,,,,,,,,,,,,,,,,,,,,,,,,,,,,,,,,,,,,,,,,,,,,,,,,,,,,,,,,,,,,,,,,,,,,,,,,,,,,,,,,,,,,,,,,,,,,,,,,,,,,,,,,,,1,,,,,,,,,,,,,,,24,35,0,0,0,0,0,0,0,0,0,0,0,Currency Converter,665ec64528a2146823fe2d356edb8a286d448050d42a70495ed29e10cc115bba,Currency Converter,yukh
pb-b5a834d8492ee837,b5a834d8492ee8376e3436e333ecbd7b1e55a6a2315edac83be10c5665200da5,f_droid_real,benign,B,,com.github.premnirmal.tickerwidget,Today Stocks,400100003,4.1.003,fintech_utility,--,0,14100998,1981-01-01,,,,,,,,,,,1,,,,,,,,,,,,,,,,,,,,,,,,,,,1,,,,,,,,,,,,,,,,,1,,,,,,,,,,,,,,1,,,,,,,,,1,,,,,,,,,,,,,1,,,,,,,,,,,,,,1,,,,,,,,,,,,,,,,,,1,,,,,,1,,,,,,,,,,,,,,,,,,,,,,,,,,,,,,,,,,,,,,,,,,,,,,,,,,,,,,,,1,,,,,,,,,,,,,,,,,,,,,,,,,,,,,,,,,,,,,,,,,,,,,,,,,,,,,,,,,,,,,,,,,,,,,,,,,,,,,,,,,,,,,,,,,,,26,36,0,0,0,0,0,0,0,0,0,0,0,FDroid,9b16210a0ff90657ee25f6956bc352bb288e0be39d255de576dbee7539ee5045,FDroid,fdroid.org
pb-c83cf79124de9d50,c83cf79124de9d502093c0b1f64302d8df678c1ab5125904d927771d9ce70bec,f_droid_real,benign,B,,com.willchan.simple_random_stock,Simple Random Stock,3,1.2.0,fintech_utility,--,0,4300098,1981-01-01,,,,,,,,,,,,,,,,,,,,,,,,,,,,,,,,,,,,,,,,,,,,,,,,,,,,,,,,,,,,,,,,,,,,,,,,,,,,,,,,,,,,,,,,,,,,,,,,,,,,,,,,,,,,,,,,,,,,,,,,,,,,,,,,,,,,,,,,,,,,,,,,,,,,,,,,,,,,,,,,,,,,,,,,,,,,,,,,,,,,,,,,,,,,,,,,,,,,,,,,,,,,,,,,,,,,,,,,,,,,,,,,,,,,,,,,,,,,,,,,,,,,,,,,,,,,,,,,,,,,,,,,,,,,,,,,,,,,16,29,0,0,0,0,0,0,0,0,0,0,0,FDroid,87f04e71c9f5be16c0717944c99559c68e96509bfc93d21d0da77bc2bdb35ca6,FDroid,fdroid.org
pb-e16f4afef20bd28d,e16f4afef20bd28ddb1362ed915c4757b9d346a577ecad587b24a3f456a35906,f_droid_real,benign,B,,com.codesail.market_monk,MarketMonk,803,1.0.79,fintech_utility,--,0,22583961,1981-01-01,,,,,,,,,,,,,,,,,,,,,,,,,,,,,,,,,,,,,,,,,,,,,,,,,,,,,,,1,,,,,,,,,,,,,,,,,,,,,,,,,,,,,,,,,,,,,,,,,,,,,,,,,,,,,,,,,,,,,,,,,,,,,,,,,,,,,,,,,,,,,,,,,,,,,,,,,,,,,,,,,,,,,,,,1,,,,,,,,,,,,,,,,,,,,,,,,,,,,,,,,,,,,,,,,,,,,,,,,,,,,,,,,,,,,,,,,,,,,,,,,,,,,,,,,,,,,,,,,,,,,,,,,,,,,,,,,,,,,,24,36,0,0,0,0,0,0,0,0,0,0,0,Brandon Presley,011ee1a6e4e5ecd675f67fbf3d78ad82614a7a7a3f24ed71cc9c417154a0f0fd,Brandon Presley,
pb-fb2583289e09bea7,fb2583289e09bea7f1c8c3ed742db3a118769f7dc9df312adcb88a3d198a21aa,f_droid_real,benign,B,,org.billthefarmer.currency,Currency,158,1.58,fintech_utility,--,0,624523,1981-01-01,,,,,,,,,,,1,,,,,,,,,,,,,,,,,,,,,,,,,,,,,,,,,,,,,,,,,,,,1,,,,,,,,,,,,,,,,,,,,,,,,,,,,,,,,,,,,,,,,,,,,,,,,,,,,,,,,,,,,,,,,,,,,,,,,,,,,,,,,,,,,,,,,,,,,,,,,,,,,,,,,,,,,,,,,,,,,,,,,,,,,,,,,,,,,,,,,,,,,,,,,,,,,,,,,,,,,,,,,,,,,,,,,,,,,,,,,,,,,,,,,,,,,,,,,,,,,,,,,,,,,,,,,,,,,,,,,,,,,,21,35,0,0,0,0,0,0,0,0,0,0,0,FDroid,37f8db7b7ec9e6666c75994198d97fca7d25ae9e4cf32cd8032cf552b0de12d5,FDroid,fdroid.org
pb-fbe6a0eafc24597c,fbe6a0eafc24597ca82b7de2e47fe0d666e15564dcacdd62ee8991446f42f226,f_droid_real,benign,B,,net.kaltner.LoanPro,LoanPro,10002,1.0.2,fintech_utility,--,0,5371143,1981-01-01,,,,,,,,,,,,,,,,,,,,,,,,,,,,,,,,,,,,,,,,,,,,,,,,,,,,,,,,,,,,,,,,,,,,,,,,,,,,,,,,,,,,,,,,,,,,,,,,,,,,,,,,,,,,,,,,,,,,,,,,,,,,,,,,,,,,,,,,,,,,,,,,,,,,,,,,,,,,,,,,,,,,,,,,,,,,,,,,,,,,,,,,,,,,,,,,,,,,,,,,,,,,,,,,,,,,,,,,,,,,,,,,,,,,,,,,,,,,,,,,,,,,,,,,,,,,,,,,,,1,,,,,,,,,,,,,,,,,,21,36,0,0,0,0,0,0,0,0,0,0,0,Michael Kaltner,b59c0aca912d123cf86a8b9bac734be9452ae5beacbc4d2facf06f3efb081554,Michael Kaltner,Michael Kaltner
